Plot,TreeID,Species,Year,DBH,GapYears,PrevDBH,GrowthRate,GrowthType,DBH_cm,Group,Carbon,CO2e,PrevCarbon,CarbonGrowthRate
Lower,104,Sugar Maple,2015,6.15,,,,initial,15.621,hardwood,41.74376125473302,153.19960380487018,,
Lower,104,Sugar Maple,2016,6.3,1.0,6.15,0.024390243902438935,normal,16.002,hardwood,44.12269949212058,161.93030713608252,41.74376125473302,0.05698907251961699
Lower,104,Sugar Maple,2017,6.3,1.0,6.3,0.0,normal,16.002,hardwood,44.12269949212058,161.93030713608252,44.12269949212058,0.0
Lower,104,Sugar Maple,2018,6.5,1.0,6.3,0.03174603174603177,normal,16.51,hardwood,47.411045443928835,173.99853677921882,44.12269949212058,0.07452730657142782
Lower,104,Sugar Maple,2021,6.5,3.0,6.5,0.0,annualized,16.51,hardwood,47.411045443928835,173.99853677921882,47.411045443928835,0.0
Lower,104,Sugar Maple,2022,6.7,1.0,6.5,0.030769230769230795,normal,17.018,hardwood,50.833598900463016,186.55930796469926,47.411045443928835,0.07218894720602397
Lower,104,Sugar Maple,2023,6.44,1.0,6.7,-0.0388059701492537,normal,16.3576,hardwood,46.41050633300854,170.32655824214135,50.833598900463016,-0.08701120249454121
Lower,104,Sugar Maple,2024,6.91,1.0,6.44,0.07298136645962729,normal,17.5514,hardwood,54.573061824097074,200.28313689443627,46.41050633300854,0.17587732037482812
Lower,104,Sugar Maple,2025,6.8,1.0,6.91,-0.015918958031837963,normal,17.272,hardwood,52.59558752896721,193.02580623130964,54.573061824097074,-0.03623535548552821
Lower,105,Sugar maple,2015,1.9,,,,initial,4.826,hardwood,2.800993453630146,10.279645974822635,,
Lower,105,Sugar maple,2016,1.44,1.0,1.9,-0.24210526315789474,normal,3.6576,hardwood,1.4805140849767895,5.433486691864817,2.800993453630146,-0.4714325079703373
Lower,105,Sugar maple,2017,1.56,1.0,1.44,0.08333333333333341,normal,3.9624,hardwood,1.7797761711023588,6.531778547945657,1.4805140849767895,0.2021339000839434
Lower,105,Sugar maple,2018,1.5,1.0,1.56,-0.03846153846153849,normal,3.81,hardwood,1.6262552344654801,5.968356710488312,1.7797761711023588,-0.0862585639304243
Lower,105,Sugar maple,2021,1.5,3.0,1.5,0.0,annualized,3.81,hardwood,1.6262552344654801,5.968356710488312,1.6262552344654801,0.0
Lower,105,Sugar maple,2022,1.5,1.0,1.5,0.0,normal,3.81,hardwood,1.6262552344654801,5.968356710488312,1.6262552344654801,0.0
Lower,105,Sugar maple,2023,1.55,1.0,1.5,0.03333333333333336,normal,3.9370000000000003,hardwood,1.7536451457755964,6.435877684996439,1.6262552344654801,0.07833328287609596
Lower,105,Sugar maple,2024,1.52,1.0,1.55,-0.019354838709677438,normal,3.8608000000000002,hardwood,1.676559859116108,6.152974682956116,1.7536451457755964,-0.043957175056299896
Lower,105,Sugar maple,2025,1.5,1.0,1.52,-0.013157894736842117,normal,3.81,hardwood,1.6262552344654801,5.968356710488312,1.676559859116108,-0.03000466960788903
Lower,106,beech,2015,2.1,,,,initial,5.3340000000000005,hardwood,3.5260071571740457,12.940446266828747,,
Lower,106,beech,2016,2.5,1.0,2.1,0.19047619047619044,normal,6.35,hardwood,5.265514724444983,19.324439038713088,3.5260071571740457,0.4933363687965634
Lower,106,beech,2017,2.3,1.0,2.5,-0.08000000000000007,normal,5.842,hardwood,4.346631614612262,15.952138025627,5.265514724444983,-0.17450964585985024
Lower,106,beech,2018,2.3,1.0,2.3,0.0,normal,5.842,hardwood,4.346631614612262,15.952138025627,4.346631614612262,0.0
Lower,106,beech,2021,2.6,3.0,2.3,0.04347826086956526,annualized,6.604,hardwood,5.762587222808233,21.148695107706214,4.346631614612262,0.10858642843007378
Lower,106,beech,2022,2.48,1.0,2.6,-0.04615384615384619,normal,6.2992,hardwood,5.16913265435467,18.97071684148164,5.762587222808233,-0.10298404961311104
Lower,106,beech,2023,2.7,1.0,2.48,0.08870967741935491,normal,6.8580000000000005,hardwood,6.285147427752522,23.066491059851753,5.16913265435467,0.2158998129904209
Lower,106,beech,2024,2.69,1.0,2.7,-0.003703703703703789,normal,6.8326,hardwood,6.231736128169562,22.87047159038229,6.285147427752522,-0.008498018574253075
Lower,106,beech,2025,1.5,1.0,2.69,-0.4423791821561338,normal,3.81,hardwood,1.6262552344654801,5.968356710488312,6.231736128169562,-0.7390365700636369
Lower,108,black birch ,2015,2.8,,,,initial,7.111999999999999,hardwood,6.833485601954647,25.078892159173552,,
Lower,108,black birch ,2016,2.9,1.0,2.8,0.03571428571428575,normal,7.366,hardwood,7.4078845743540365,27.186936387879314,6.833485601954647,0.08405651315561258
Lower,108,black birch ,2017,2.9,1.0,2.9,0.0,normal,7.366,hardwood,7.4078845743540365,27.186936387879314,7.4078845743540365,0.0
Lower,108,black birch ,2018,2.9,1.0,2.9,0.0,normal,7.366,hardwood,7.4078845743540365,27.186936387879314,7.4078845743540365,0.0
Lower,108,black birch ,2021,3.2,3.0,2.9,0.03448275862068969,annualized,8.128,hardwood,9.290172151347615,34.094931795445746,7.4078845743540365,0.08469748496127243
Lower,108,black birch ,2022,3.16,1.0,3.2,-0.012500000000000011,normal,8.0264,hardwood,9.025247109530362,33.122656891976426,9.290172151347615,-0.028516698883650285
Lower,108,black birch ,2023,3.25,1.0,3.16,0.028481012658227802,normal,8.255,hardwood,9.627433818896398,35.332682115349776,9.025247109530362,0.06672246222822494
Lower,108,black birch ,2024,3.24,1.0,3.25,-0.0030769230769230114,normal,8.229600000000001,hardwood,9.55943743359867,35.08313538130712,9.627433818896398,-0.0070627735881462015
Lower,108,black birch ,2025,3.25,1.0,3.24,0.0030864197530863537,normal,8.255,hardwood,9.627433818896398,35.332682115349776,9.55943743359867,0.007113011175609485
Lower,109,Black Birch ,2015,2.2,,,,initial,5.588000000000001,hardwood,3.9241985910482433,14.401808829147052,,
Lower,109,Black Birch ,2016,2.2,1.0,2.2,0.0,normal,5.588000000000001,hardwood,3.9241985910482433,14.401808829147052,3.9241985910482433,0.0
Lower,109,Black Birch ,2017,2.3,1.0,2.2,0.04545454545454529,normal,5.842,hardwood,4.346631614612262,15.952138025627,3.9241985910482433,0.1076482277241675
Lower,109,Black Birch ,2018,2.31,1.0,2.3,0.004347826086956622,normal,5.8674,hardwood,4.390220823715434,16.11211042303564,4.346631614612262,0.010028273147564711
Lower,109,Black Birch ,2021,2.5,3.0,2.31,0.02741702741702741,annualized,6.35,hardwood,5.265514724444983,19.324439038713088,4.390220823715434,0.06645784922718227
Lower,109,Black Birch ,2022,2.6,1.0,2.5,0.040000000000000036,normal,6.604,hardwood,5.762587222808233,21.148695107706214,5.265514724444983,0.09440150191881666
Lower,109,Black Birch ,2023,0.8,1.0,2.6,-0.6923076923076923,normal,2.032,hardwood,0.3830767389420381,1.4058916319172798,5.762587222808233,-0.9335234810111288
Lower,109,Black Birch ,2024,2.64,1.0,0.8,2.3,normal,6.7056000000000004,hardwood,5.968536353260353,21.904528416465496,0.3830767389420381,14.580524073959577
Lower,109,Black Birch ,2025,2.69,1.0,2.64,0.01893939393939387,normal,6.8326,hardwood,6.231736128169562,22.87047159038229,5.968536353260353,0.044097875815975275
Lower,110,red oak,2015,25.6,,,,initial,65.024,hardwood,1109.5087506257664,4071.8971147965626,,
Lower,110,red oak,2016,26.1,1.0,25.6,0.01953125,normal,66.29400000000001,hardwood,1159.983945455524,4257.141079821773,1109.5087506257664,0.045493282320927544
Lower,110,red oak,2017,26.63,1.0,26.1,0.02030651340996159,normal,67.6402,hardwood,1214.8775156442618,4458.600482414441,1159.983945455524,0.04732269821819061
Lower,110,red oak,2018,26.13,1.0,26.63,-0.01877581674802854,normal,66.3702,hardwood,1163.052861098469,4268.404000231381,1214.8775156442618,-0.04265833705738611
Lower,110,red oak,2021,27.0,3.0,26.13,0.011098354381936484,annualized,68.58,hardwood,1254.0517806618188,4602.3700350288755,1163.052861098469,0.026080476822983492
Lower,110,red oak,2022,27.25,1.0,27.0,0.009259259259259259,normal,69.215,hardwood,1280.9193220590444,4700.973911956693,1254.0517806618188,0.02142458693615213
Lower,110,red oak,2023,27.0,1.0,27.25,-0.009174311926605505,normal,68.58,hardwood,1254.0517806618188,4602.3700350288755,1280.9193220590444,-0.02097520189955184
Lower,110,red oak,2024,27.18,1.0,27.0,0.006666666666666656,normal,69.0372,hardwood,1273.3639548910248,4673.245714450061,1254.0517806618188,0.015399822022511783
Lower,110,red oak,2025,25.61,1.0,27.18,-0.05776306107431936,normal,65.0494,hardwood,1110.505828003705,4075.556388773597,1273.3639548910248,-0.1278959768428952
Lower,112,sugar maple,2015,2.63,,,,initial,6.6802,hardwood,5.916665719450596,21.714163190383687,,
Lower,112,sugar maple,2016,2.75,1.0,2.63,0.045627376425855556,normal,6.985,hardwood,6.556076423102267,24.06080047278532,5.916665719450596,0.10806943200283499
Lower,112,sugar maple,2017,2.75,1.0,2.75,0.0,normal,6.985,hardwood,6.556076423102267,24.06080047278532,6.556076423102267,0.0
Lower,112,sugar maple,2018,2.75,1.0,2.75,0.0,normal,6.985,hardwood,6.556076423102267,24.06080047278532,6.556076423102267,0.0
Lower,112,sugar maple,2021,2.9,3.0,2.75,0.01818181818181817,annualized,7.366,hardwood,7.4078845743540365,27.186936387879314,6.556076423102267,0.04330883780071937
Lower,112,sugar maple,2022,3.0,1.0,2.9,0.03448275862068969,normal,7.62,hardwood,8.00862018634041,29.391636083869304,7.4078845743540365,0.0810940837369564
Lower,112,sugar maple,2023,1.5,1.0,3.0,-0.5,normal,3.81,hardwood,1.6262552344654801,5.968356710488312,8.00862018634041,-0.796936900910941
Lower,112,sugar maple,2024,2.98,1.0,1.5,0.9866666666666667,normal,7.5692,hardwood,7.886353116635208,28.94291593805121,1.6262552344654801,3.8493944551251853
Lower,112,sugar maple,2025,3.06,1.0,2.98,0.02684563758389264,normal,7.7724,hardwood,8.381815414795094,30.761262572297994,7.886353116635208,0.06282527434826302
Lower,113,sugar maple,2015,3.1,,,,initial,7.8740000000000006,hardwood,8.635961696844225,31.693979427418306,,
Lower,113,sugar maple,2016,3.13,1.0,3.1,0.009677419354838646,normal,7.9502,hardwood,8.829391782098607,32.40386784030189,8.635961696844225,0.022398210187183454
Lower,113,sugar maple,2017,3.19,1.0,3.13,0.019169329073482445,normal,8.1026,hardwood,9.223534629485762,33.850372090212744,8.829391782098607,0.044639863890315795
Lower,113,sugar maple,2018,3.2,1.0,3.19,0.0031347962382445864,normal,8.128,hardwood,9.290172151347615,34.094931795445746,9.223534629485762,0.007224727237303013
Lower,113,sugar maple,2021,3.4,3.0,3.2,0.0208333333333333,annualized,8.636,hardwood,10.680223002041938,39.19641841749391,9.290172151347615,0.04987531727251808
Lower,113,sugar maple,2022,3.5,1.0,3.4,0.02941176470588238,normal,8.89,hardwood,11.416561318986751,41.89878004068138,10.680223002041938,0.06894409571822928
Lower,113,sugar maple,2023,3.25,1.0,3.5,-0.07142857142857142,normal,8.255,hardwood,9.627433818896398,35.332682115349776,11.416561318986751,-0.15671334389584335
Lower,113,sugar maple,2024,3.63,1.0,3.25,0.1169230769230769,normal,9.2202,hardwood,12.415495281481684,45.56486768303778,9.627433818896398,0.2895954950230844
Lower,113,sugar maple,2025,3.7,1.0,3.63,0.01928374655647391,normal,9.398000000000001,hardwood,12.973070463439562,47.61116860082319,12.415495281481684,0.044909620544057435
Lower,115,black birch,2015,2.2,,,,initial,5.588000000000001,hardwood,3.9241985910482433,14.401808829147052,,
Lower,115,black birch,2016,2.06,1.0,2.2,-0.06363636363636369,normal,5.2324,hardwood,3.373443326628323,12.380537008725945,3.9241985910482433,-0.14034846902913772
Lower,115,black birch,2017,2.19,1.0,2.06,0.0631067961165048,normal,5.5626,hardwood,3.883294035697568,14.251689111010073,3.373443326628323,0.1511365864796752
Lower,115,black birch,2018,2.19,1.0,2.19,0.0,normal,5.5626,hardwood,3.883294035697568,14.251689111010073,3.883294035697568,0.0
Lower,115,black birch,2021,2.4,3.0,2.19,0.031963470319634694,annualized,6.096,hardwood,4.7936317430245,17.592628496899916,3.883294035697568,0.0781413664926874
Lower,115,black birch,2022,2.28,1.0,2.4,-0.050000000000000044,normal,5.7912,hardwood,4.260189912756195,15.634896979815235,4.7936317430245,-0.11128135385963858
Lower,115,black birch,2023,2.75,1.0,2.28,0.2061403508771931,normal,6.985,hardwood,6.556076423102267,24.06080047278532,4.260189912756195,0.5389164702426877
Lower,115,black birch,2024,2.59,1.0,2.75,-0.05818181818181823,normal,6.5786,hardwood,5.711737882467078,20.962078028654176,6.556076423102267,-0.12878717179987606
Lower,115,black birch,2025,2.7,1.0,2.59,0.042471042471042594,normal,6.8580000000000005,hardwood,6.285147427752522,23.066491059851753,5.711737882467078,0.10039143200979135
Lower,116,White Pine ,2015,16.38,,,,initial,41.605199999999996,softwood,279.131624933016,1024.4130635041686,,
Lower,116,White Pine ,2016,15.75,1.0,16.38,-0.0384615384615384,normal,40.005,softwood,253.06127716671728,928.7348872018524,279.131624933016,-0.09339804392481463
Lower,116,White Pine ,2017,15.46,1.0,15.75,-0.01841269841269836,normal,39.2684,softwood,241.57279502820973,886.5721577535297,253.06127716671728,-0.04539802480700718
Lower,116,White Pine ,2018,15.6,1.0,15.46,0.00905562742561441,normal,39.624,softwood,247.07897789965807,906.7798488917451,241.57279502820973,0.022793058592567757
Lower,116,White Pine ,2021,16.2,3.0,15.6,0.012820512820512813,annualized,41.147999999999996,softwood,271.5262593065246,996.5013716549453,247.07897789965807,0.03298173673681899
Lower,116,White Pine ,2022,16.45,1.0,16.2,0.0154320987654321,normal,41.783,softwood,282.1233654720551,1035.3927512824423,271.5262593065246,0.03902792382805051
Lower,116,White Pine ,2023,16.0,1.0,16.45,-0.02735562310030391,normal,40.64,softwood,263.2232559608457,966.0293493763036,282.1233654720551,-0.06699235804019764
Lower,116,White Pine ,2024,16.35,1.0,16.0,0.02187500000000009,normal,41.529,softwood,277.8553047890694,1019.7289685758847,263.2232559608457,0.05558797901352698
Lower,116,White Pine ,2025,16.5,1.0,16.35,0.009174311926605417,normal,41.910000000000004,softwood,284.2720495869805,1043.2784219842183,277.8553047890694,0.02309383584661902
Lower,117,red oak,2015,27.56,,,,initial,70.0024,hardwood,1314.6828634654687,4824.88610891827,,
Lower,117,red oak,2016,27.31,1.0,27.56,-0.009071117561683599,normal,69.3674,hardwood,1287.4154655294385,4724.814758493039,1314.6828634654687,-0.020740665824268877
Lower,117,red oak,2017,27.7,1.0,27.31,0.014280483339436125,normal,70.358,hardwood,1330.09383488044,4881.444374011215,1287.4154655294385,0.03315042462492897
Lower,117,red oak,2018,27.95,1.0,27.7,0.009025270758122744,normal,70.993,hardwood,1357.866205415417,4983.36897387458,1330.09383488044,0.02088000846757807
Lower,117,red oak,2021,28.8,3.0,27.95,0.010137149672033411,annualized,73.152,hardwood,1454.7271137821333,5338.848507580429,1357.866205415417,0.023777725174104647
Lower,117,red oak,2022,29.0,1.0,28.8,0.00694444444444442,normal,73.66,hardwood,1478.0672924847881,5424.506963419172,1454.7271137821333,0.016044369065187008
Lower,117,red oak,2023,29.0,1.0,29.0,0.0,normal,73.66,hardwood,1478.0672924847881,5424.506963419172,1478.0672924847881,0.0
Lower,117,red oak,2024,28.31,1.0,29.0,-0.023793103448275905,normal,71.9074,hardwood,1398.429288407053,5132.2354884538845,1478.0672924847881,-0.05387982298414517
Lower,117,red oak,2025,29.6,1.0,28.31,0.04556693747792309,normal,75.18400000000001,hardwood,1549.3507512218632,5686.117256984238,1398.429288407053,0.10792212667880005
Lower,118,black birch,2015,2.0,,,,initial,5.08,hardwood,3.1517212627355704,11.566817034239543,,
Lower,118,black birch,2016,1.5,1.0,2.0,-0.25,normal,3.81,hardwood,1.6262552344654801,5.968356710488312,3.1517212627355704,-0.48401045051364905
Lower,118,black birch,2017,1.5,1.0,1.5,0.0,normal,3.81,hardwood,1.6262552344654801,5.968356710488312,1.6262552344654801,0.0
Lower,118,black birch,2018,1.5,1.0,1.5,0.0,normal,3.81,hardwood,1.6262552344654801,5.968356710488312,1.6262552344654801,0.0
Lower,118,black birch,2021,1.6,3.0,1.5,0.02222222222222224,annualized,4.064,hardwood,1.8864911481235163,6.923422513613304,1.6262552344654801,0.05334052288612019
Lower,118,black birch,2022,1.56,1.0,1.6,-0.025000000000000022,normal,3.9624,hardwood,1.7797761711023588,6.531778547945657,1.8864911481235163,-0.056567971245084496
Lower,118,black birch,2023,1.6,1.0,1.56,0.025641025641025664,normal,4.064,hardwood,1.8864911481235163,6.923422513613304,1.7797761711023588,0.05995977401757229
Lower,118,black birch,2024,1.54,1.0,1.6,-0.03750000000000003,normal,3.9116,hardwood,1.7277323679063363,6.340777790216254,1.8864911481235163,-0.0841555924474369
Lower,119,pignut hickory,2015,2.25,,,,initial,5.715,hardwood,4.132364321957084,15.165777061582498,,
Lower,119,pignut hickory,2016,2.13,1.0,2.25,-0.05333333333333338,normal,5.4102,hardwood,3.64293900305432,13.369586141209354,4.132364321957084,-0.11843711753637748
Lower,119,pignut hickory,2017,2.13,1.0,2.13,0.0,normal,5.4102,hardwood,3.64293900305432,13.369586141209354,3.64293900305432,0.0
Lower,119,pignut hickory,2018,2.13,1.0,2.13,0.0,normal,5.4102,hardwood,3.64293900305432,13.369586141209354,3.64293900305432,0.0
Lower,119,pignut hickory,2021,2.1,3.0,2.13,-0.0046948356807511435,annualized,5.3340000000000005,hardwood,3.5260071571740457,12.940446266828747,3.64293900305432,-0.010699405597352043
Lower,119,pignut hickory,2022,2.4,1.0,2.1,0.14285714285714277,normal,6.096,hardwood,4.7936317430245,17.592628496899916,3.5260071571740457,0.3595070938161127
Lower,119,pignut hickory,2023,2.2,1.0,2.4,-0.08333333333333323,normal,5.588000000000001,hardwood,3.9241985910482433,14.401808829147052,4.7936317430245,-0.18137253727122885
Lower,119,pignut hickory,2024,2.07,1.0,2.2,-0.05909090909090924,normal,5.2578,hardwood,3.411226887568473,12.519202677376295,3.9241985910482433,-0.13072011815353712
Lower,119,pignut hickory,2025,2.1,1.0,2.07,0.014492753623188527,normal,5.3340000000000005,hardwood,3.5260071571740457,12.940446266828747,3.411226887568473,0.0336477969330818
Lower,120,mockernut hickory,2015,3.75,,,,initial,9.525,hardwood,13.379834064723505,49.103991017535265,,
Lower,120,mockernut hickory,2016,3.88,1.0,3.75,0.03466666666666664,normal,9.8552,hardwood,14.470774652530535,53.107742974787065,13.379834064723505,0.08153618217757574
Lower,120,mockernut hickory,2017,3.94,1.0,3.88,0.01546391752577321,normal,10.0076,hardwood,14.990638174194913,55.01564209929533,14.470774652530535,0.035925065115534
Lower,120,mockernut hickory,2018,4.0,1.0,3.94,0.0152284263959391,normal,10.16,hardwood,15.520896100149127,56.961688687547294,14.990638174194913,0.03537260520816296
Lower,120,mockernut hickory,2021,3.9,3.0,4.0,-0.00833333333333334,annualized,9.906,hardwood,14.642910495857947,53.739481519798666,15.520896100149127,-0.01885599041502816
Lower,120,mockernut hickory,2022,4.0,1.0,3.9,0.025641025641025664,normal,10.16,hardwood,15.520896100149127,56.961688687547294,14.642910495857947,0.059959774017572263
Lower,120,mockernut hickory,2023,4.0,1.0,4.0,0.0,normal,10.16,hardwood,15.520896100149127,56.961688687547294,15.520896100149127,0.0
Lower,120,mockernut hickory,2024,4.04,1.0,4.0,0.010000000000000009,normal,10.2616,hardwood,15.880199400746585,58.280331800739965,15.520896100149127,0.02314964923926051
Lower,120,mockernut hickory,2025,4.1,1.0,4.04,0.014851485148514755,normal,10.414,hardwood,16.427886061758493,60.29034184665367,15.880199400746585,0.034488651382183426
Lower,121,Musclewood,2015,1.69,,,,initial,4.2926,hardwood,2.1395292698437465,7.852072420326549,,
Lower,121,Musclewood,2016,1.75,1.0,1.69,0.03550295857988169,normal,4.445,hardwood,2.3182823223737237,8.508096123111565,2.1395292698437465,0.08354784159743318
Lower,121,Musclewood,2017,1.69,1.0,1.75,-0.034285714285714315,normal,4.2926,hardwood,2.1395292698437465,7.852072420326549,2.3182823223737237,-0.07710581701151449
Lower,121,Musclewood,2018,1.13,1.0,1.69,-0.33136094674556216,normal,2.8701999999999996,hardwood,0.8477332775894633,3.11118112875333,2.1395292698437465,-0.6037757980046823
Lower,121,Musclewood,2021,1.7,3.0,1.13,0.16814159292035402,annualized,4.318,hardwood,2.1687591817568883,7.95934619704778,0.8477332775894633,0.5194345670939384
Lower,121,Musclewood,2022,1.48,1.0,1.7,-0.12941176470588234,normal,3.7592,hardwood,1.5768150521300262,5.7869112413171955,2.1687591817568883,-0.27294138261461315
Lower,121,Musclewood,2023,1.72,1.0,1.48,0.16216216216216217,normal,4.3688,hardwood,2.227892541155202,8.176365626039592,1.5768150521300262,0.41290669323943474
Lower,121,Musclewood,2024,1.62,1.0,1.72,-0.05813953488372085,normal,4.114800000000001,hardwood,1.9411689908145058,7.124090196289236,2.227892541155202,-0.12869720825584574
Lower,121,Musclewood,2025,1.71,1.0,1.62,0.05555555555555546,normal,4.3434,hardwood,2.198213473809366,8.067443448880374,1.9411689908145058,0.1324173651089519
Lower,122,white pine,2015,11.8,,,,initial,29.972,softwood,122.95022235269694,451.22731603439775,,
Lower,122,white pine,2016,11.2,1.0,11.8,-0.05084745762711876,normal,28.447999999999997,softwood,107.91190439512755,396.0366891301181,122.95022235269694,-0.12231224693868577
Lower,122,white pine,2017,14.3,1.0,11.2,0.2767857142857144,normal,36.322,softwood,198.7762045482033,729.5086706919061,107.91190439512755,0.842022950687343
Lower,122,white pine,2018,11.75,1.0,14.3,-0.17832167832167836,normal,29.845,softwood,121.65191973828348,446.4625454395004,198.7762045482033,-0.3879955600581817
Lower,122,white pine,2021,11.8,3.0,11.75,0.001418439716312077,annualized,29.972,softwood,122.95022235269694,451.22731603439775,121.65191973828348,0.003557424651159277
Lower,122,white pine,2022,11.8,1.0,11.8,0.0,normal,29.972,softwood,122.95022235269694,451.22731603439775,122.95022235269694,0.0
Lower,122,white pine,2023,11.95,1.0,11.8,0.01271186440677954,normal,30.352999999999998,softwood,126.89486949682156,465.70417105333513,122.95022235269694,0.032083285972504705
Lower,122,white pine,2024,12.0,1.0,11.95,0.004184100418410101,normal,30.48,softwood,128.22638992253212,470.59085101569286,126.89486949682156,0.010493098980206735
Lower,122,white pine,2025,12.4,1.0,12.0,0.03333333333333336,normal,31.496000000000002,softwood,139.18053870738586,510.7925770561061,128.22638992253212,0.08542819299109711
Lower,123,black birch,2015,2.19,,,,initial,5.5626,hardwood,3.883294035697568,14.251689111010073,,
Lower,123,black birch,2016,2.13,1.0,2.19,-0.02739726027397263,normal,5.4102,hardwood,3.64293900305432,13.369586141209354,3.883294035697568,-0.06189462616885565
Lower,123,black birch,2017,2.2,1.0,2.13,0.03286384976525835,normal,5.588000000000001,hardwood,3.9241985910482433,14.401808829147052,3.64293900305432,0.07720677940479076
Lower,123,black birch,2018,2.4,1.0,2.2,0.09090909090909079,normal,6.096,hardwood,4.7936317430245,17.592628496899916,3.9241985910482433,0.2215568686965996
Lower,123,black birch,2021,2.5,3.0,2.4,0.013888888888888902,annualized,6.35,hardwood,5.265514724444983,19.324439038713088,4.7936317430245,0.032813185403540696
Lower,123,black birch,2022,2.32,1.0,2.5,-0.07200000000000006,normal,5.892799999999999,hardwood,4.434056031880801,16.272985637002538,5.265514724444983,-0.15790644145465235
Lower,123,black birch,2023,2.55,1.0,2.32,0.09913793103448276,normal,6.476999999999999,hardwood,5.510883455237382,20.22494228072119,4.434056031880801,0.2428538150204252
Lower,123,black birch,2024,2.6,1.0,2.55,0.01960784313725501,normal,6.604,hardwood,5.762587222808233,21.148695107706214,5.510883455237382,0.04567394132271831
Lower,123,black birch,2025,2.72,1.0,2.6,0.04615384615384619,normal,6.9088,hardwood,6.392743670437877,23.46136927050701,5.762587222808233,0.10935304287204439
Lower,125,musclewood,2015,1.51,,,,initial,3.8354,hardwood,1.651299275639427,6.0602683415966965,,
Lower,125,musclewood,2016,1.7,1.0,1.51,0.1258278145695364,normal,4.318,hardwood,2.1687591817568883,7.95934619704778,1.651299275639427,0.3133653080039578
Lower,125,musclewood,2017,3.06,1.0,1.7,0.8,normal,7.7724,hardwood,8.381815414795094,30.761262572297994,2.1687591817568883,2.86479766186169
Lower,125,musclewood,2018,2.5,1.0,3.06,-0.18300653594771243,normal,6.35,hardwood,5.265514724444983,19.324439038713088,8.381815414795094,-0.3717930467484882
Lower,125,musclewood,2021,1.5,3.0,2.5,-0.13333333333333333,annualized,3.81,hardwood,1.6262552344654801,5.968356710488312,5.265514724444983,-0.2303832692800419
Lower,125,musclewood,2022,1.52,1.0,1.5,0.013333333333333345,normal,3.8608000000000002,hardwood,1.676559859116108,6.152974682956116,1.6262552344654801,0.030932797991676864
Lower,125,musclewood,2023,1.5,1.0,1.52,-0.013157894736842117,normal,3.81,hardwood,1.6262552344654801,5.968356710488312,1.676559859116108,-0.03000466960788903
Lower,125,musclewood,2024,1.5,1.0,1.5,0.0,normal,3.81,hardwood,1.6262552344654801,5.968356710488312,1.6262552344654801,0.0
Lower,125,musclewood,2025,1.5,1.0,1.5,0.0,normal,3.81,hardwood,1.6262552344654801,5.968356710488312,1.6262552344654801,0.0
Lower,126,Sugar maple,2015,6.93,,,,initial,17.6022,hardwood,54.93703939730396,201.61893458810553,,
Lower,126,Sugar maple,2016,6.69,1.0,6.93,-0.034632034632034535,normal,16.9926,hardwood,50.65926477032057,185.91950170707648,54.93703939730396,-0.07786685765948512
Lower,126,Sugar maple,2017,6.8,1.0,6.69,0.01644245142002981,normal,17.272,hardwood,52.59558752896721,193.02580623130964,50.65926477032057,0.03822248047668195
Lower,126,Sugar maple,2018,6.6,1.0,6.8,-0.02941176470588238,normal,16.764,hardwood,49.10546900846182,180.21707126105485,52.59558752896721,-0.06635762968867294
Lower,126,Sugar maple,2021,6.9,3.0,6.6,0.01515151515151519,annualized,17.526,hardwood,54.39158571878679,199.6171195879475,49.10546900846182,0.035882742574722695
Lower,126,Sugar maple,2022,7.0,1.0,6.9,0.014492753623188354,normal,17.78,hardwood,56.22174274992082,206.33379589220942,54.39158571878679,0.033647796933081404
Lower,126,Sugar maple,2023,6.94,1.0,7.0,-0.008571428571428516,normal,17.6276,hardwood,55.11954116163407,202.28871606319703,56.22174274992082,-0.019604543266996215
Lower,126,Sugar maple,2024,6.88,1.0,6.94,-0.008645533141210446,normal,17.4752,hardwood,54.02965812854221,198.2888453317499,55.11954116163407,-0.019773078841419513
Lower,126,Sugar maple,2025,6.91,1.0,6.88,0.004360465116279106,normal,17.5514,hardwood,54.573061824097074,200.28313689443627,54.02965812854221,0.010057507568566335
Lower,127,Black Birch,2015,4.97,,,,initial,12.6238,hardwood,25.573990864581543,93.85654647301426,,
Lower,127,Black Birch,2016,5.1,1.0,4.97,0.026156941649899377,normal,12.953999999999999,hardwood,27.138773514041727,99.59929879653313,25.573990864581543,0.061186486604533644
Lower,127,Black Birch,2017,5.13,1.0,5.1,0.00588235294117652,normal,13.0302,hardwood,27.507349872243513,100.95197403113369,27.138773514041727,0.013581172266723198
Lower,127,Black Birch,2018,5.2,1.0,5.13,0.013645224171540018,normal,13.208,hardwood,28.37830826309261,104.14839132554988,27.507349872243513,0.03166275176977131
Lower,127,Black Birch,2021,5.5,3.0,5.2,0.019230769230769218,annualized,13.97,hardwood,32.285907447058705,118.48928033070544,28.37830826309261,0.045898897469375935
Lower,127,Black Birch,2022,5.63,1.0,5.5,0.02363636363636362,normal,14.3002,hardwood,34.068116192315905,125.02998642579936,32.285907447058705,0.055200825566994016
Lower,127,Black Birch,2023,5.81,1.0,5.63,0.03197158081705146,normal,14.757399999999999,hardwood,36.62552984209612,134.41569452049276,34.068116192315905,0.07506765667181337
Lower,127,Black Birch,2024,6.0,1.0,5.81,0.0327022375215147,normal,15.24,hardwood,39.43907200405727,144.7413942548902,36.62552984209612,0.07681915248983957
Lower,127,Black Birch,2025,5.7,1.0,6.0,-0.04999999999999997,normal,14.478000000000002,hardwood,35.05023867647802,128.63437594267432,39.43907200405727,-0.11128135385963842
Lower,128,black birch,2015,8.6,,,,initial,21.843999999999998,hardwood,90.26621858864445,331.27702222032514,,
Lower,128,black birch,2016,9.19,1.0,8.6,0.06860465116279069,normal,23.342599999999997,hardwood,105.14884045645721,385.89624447519793,90.26621858864445,0.16487476821904892
Lower,128,black birch,2017,9.58,1.0,9.19,0.04243743199129495,normal,24.3332,hardwood,115.69630324562613,424.60543291144785,105.14884045645721,0.10030983454864334
Lower,128,black birch,2018,8.8,1.0,9.58,-0.08141962421711893,normal,22.352000000000004,hardwood,95.16756503565735,349.2649636808625,115.69630324562613,-0.177436423066913
Lower,128,black birch,2021,9.0,3.0,8.8,0.007575757575757548,annualized,22.86,hardwood,100.21588898634975,367.7923125799036,95.16756503565735,0.01768222870470943
Lower,128,black birch,2022,9.12,1.0,9.0,0.013333333333333246,normal,23.1648,hardwood,103.31584683592081,379.1691578878294,100.21588898634975,0.030932797991676704
Lower,128,black birch,2023,9.19,1.0,9.12,0.00767543859649126,normal,23.342599999999997,hardwood,105.14884045645721,385.89624447519793,103.31584683592081,0.017741650256687485
Lower,128,black birch,2024,9.35,1.0,9.19,0.0174102285092492,normal,23.749,hardwood,109.40710253627654,401.5240663081349,105.14884045645721,0.0404974706457434
Lower,128,black birch,2025,9.63,1.0,9.35,0.029946524064171247,normal,24.460200000000004,hardwood,117.08985602934408,429.71977162769275,109.40710253627654,0.07022170695472112
Lower,129,musclewood,2015,4.25,,,,initial,10.795,hardwood,17.84322495219531,65.48463557455679,,
Lower,129,musclewood,2016,4.13,1.0,4.25,-0.028235294117647084,normal,10.4902,hardwood,16.705671239650414,61.309813449517016,17.84322495219531,-0.06375269692516763
Lower,129,musclewood,2017,4.19,1.0,4.13,0.014527845036319733,normal,10.642600000000002,hardwood,17.269154081094413,63.377795477616495,16.705671239650414,0.033730032954712386
Lower,129,musclewood,2018,4.2,1.0,4.19,0.002386634844868684,normal,10.668000000000001,hardwood,17.36409605187606,63.726232510385145,17.269154081094413,0.00549777773339727
Lower,129,musclewood,2021,4.2,3.0,4.2,0.0,annualized,10.668000000000001,hardwood,17.36409605187606,63.726232510385145,17.36409605187606,0.0
Lower,129,musclewood,2022,4.3,1.0,4.2,0.023809523809523725,normal,10.921999999999999,hardwood,18.32973808966056,67.27013878905424,17.36409605187606,0.05561141996102744
Lower,129,musclewood,2023,4.19,1.0,4.3,-0.025581395348837077,normal,10.642600000000002,hardwood,17.269154081094413,63.377795477616495,18.32973808966056,-0.05786138369125961
Lower,129,musclewood,2024,5.22,1.0,4.19,0.24582338902147954,normal,13.258799999999999,hardwood,28.629974982304752,105.07200818505844,17.269154081094413,0.6578678288386873
Lower,129,musclewood,2025,8.61,1.0,5.22,0.6494252873563218,normal,21.8694,hardwood,90.50781072500678,332.16366536077487,28.629974982304752,2.161295487716866
Lower,130,muscle wood,2015,6.29,,,,initial,15.9766,hardwood,43.961782791184234,161.33974284364615,,
Lower,130,muscle wood,2016,6.2,1.0,6.29,-0.014308426073131934,normal,15.748000000000001,hardwood,42.52846398772181,156.07946283493902,43.961782791184234,-0.03260374608260551
Lower,130,muscle wood,2017,10.69,1.0,6.2,0.7241935483870966,normal,27.1526,hardwood,148.8769742197109,546.378495386339,42.52846398772181,2.5006431048789457
Lower,130,muscle wood,2018,11.7,1.0,10.69,0.09448082319925162,normal,29.718,hardwood,183.23409757811444,672.46913811168,148.8769742197109,0.2307752662120854
Lower,130,muscle wood,2021,11.1,3.0,11.7,-0.017094017094017085,annualized,28.194,hardwood,162.33855010300397,595.7824788780246,183.23409757811444,-0.038012480121142125
Lower,130,muscle wood,2022,11.0,1.0,11.1,-0.009009009009008978,normal,27.94,hardwood,158.9944583328694,583.5096620816307,162.33855010300397,-0.020599492652932556
Lower,130,muscle wood,2023,4.0,1.0,11.0,-0.6363636363636364,normal,10.16,hardwood,15.520896100149127,56.961688687547294,158.9944583328694,-0.9023808989137552
Lower,130,muscle wood,2024,9.67,1.0,4.0,1.4175,normal,24.5618,hardwood,118.211492875464,433.83617885295286,15.520896100149127,6.616280149850898
Lower,130,muscle wood,2025,9.28,1.0,9.67,-0.04033092037228548,normal,23.571199999999997,hardwood,107.5323549497134,394.64374266544814,118.211492875464,-0.09033925269010094
Lower,131,Muscle Wood,2015,4.27,,,,initial,10.845799999999999,hardwood,18.036942640435605,66.19557949039867,,
Lower,131,Muscle Wood,2016,4.25,1.0,4.27,-0.00468384074941442,normal,10.795,hardwood,17.84322495219531,65.48463557455679,18.036942640435605,-0.01074005124382965
Lower,131,Muscle Wood,2017,4.31,1.0,4.25,0.014117647058823438,normal,10.9474,hardwood,18.427929113453466,67.63049984637422,17.84322495219531,0.03276897325593699
Lower,131,Muscle Wood,2018,6.65,1.0,4.31,0.5429234338747102,normal,16.891000000000002,hardwood,49.965311100361326,183.37269173832607,18.427929113453466,1.7113904548223884
Lower,131,Muscle Wood,2021,4.3,3.0,6.65,-0.11779448621553885,annualized,10.921999999999999,hardwood,18.32973808966056,67.27013878905424,49.965311100361326,-0.21105024208466633
Lower,131,Muscle Wood,2022,4.36,1.0,4.3,0.01395348837209314,normal,11.0744,hardwood,18.923337578591394,69.44864891343042,18.32973808966056,0.032384504679075166
Lower,131,Muscle Wood,2023,4.49,1.0,4.36,0.029816513761467864,normal,11.4046,hardwood,20.246287328861506,74.30387449692172,18.923337578591394,0.06991101568503484
Lower,131,Muscle Wood,2024,4.33,1.0,4.49,-0.03563474387527843,normal,10.9982,hardwood,18.62520121239461,68.35448844948822,20.246287328861506,-0.08006831524889023
Lower,131,Muscle Wood,2025,6.9,1.0,4.33,0.5935334872979215,normal,17.526,hardwood,54.39158571878679,199.6171195879475,18.62520121239461,1.9203220463782449
Lower,132,black birch,2015,3.75,,,,initial,9.525,hardwood,13.379834064723505,49.103991017535265,,
Lower,132,black birch,2016,3.56,1.0,3.75,-0.05066666666666665,normal,9.0424,hardwood,11.87172442660931,43.56922864565617,13.379834064723505,-0.11271512268529471
Lower,132,black birch,2017,3.13,1.0,3.56,-0.12078651685393263,normal,7.9502,hardwood,8.829391782098607,32.40386784030189,11.87172442660931,-0.25626712137047347
Lower,132,black birch,2018,3.8,1.0,3.13,0.21405750798722042,normal,9.652,hardwood,13.793709769009748,50.62291485226577,8.829391782098607,0.5622491457425395
Lower,132,black birch,2021,4.0,3.0,3.8,0.017543859649122823,annualized,10.16,hardwood,15.520896100149127,56.961688687547294,13.793709769009748,0.04173850158424721
Lower,132,black birch,2022,4.2,1.0,4.0,0.050000000000000044,normal,10.668000000000001,hardwood,17.36409605187606,63.726232510385145,15.520896100149127,0.11875602670320203
Lower,132,black birch,2023,4.13,1.0,4.2,-0.016666666666666732,normal,10.4902,hardwood,16.705671239650414,61.309813449517016,17.36409605187606,-0.037918749715422646
Lower,132,black birch,2024,4.16,1.0,4.13,0.0072639225181598665,normal,10.5664,hardwood,16.98609200312911,62.33895765148383,16.705671239650414,0.01678596205180457
Lower,132,black birch,2025,4.2,1.0,4.16,0.009615384615384623,normal,10.668000000000001,hardwood,17.36409605187606,63.726232510385145,16.98609200312911,0.022253738451276355
Lower,133,black birch,2015,4.1,,,,initial,10.414,hardwood,16.427886061758493,60.29034184665367,,
Lower,133,black birch,2016,4.13,1.0,4.1,0.0073170731707317685,normal,10.4902,hardwood,16.705671239650414,61.309813449517016,16.427886061758493,0.016909368426809405
Lower,133,black birch,2017,4.13,1.0,4.13,0.0,normal,10.4902,hardwood,16.705671239650414,61.309813449517016,16.705671239650414,0.0
Lower,133,black birch,2018,4.13,1.0,4.13,0.0,normal,10.4902,hardwood,16.705671239650414,61.309813449517016,16.705671239650414,0.0
Lower,133,black birch,2021,4.44,3.0,4.13,0.025020177562550483,annualized,11.277600000000001,hardwood,19.731479148654344,72.41452847556144,16.705671239650414,0.06037486443171197
Lower,133,black birch,2022,4.24,1.0,4.44,-0.045045045045045085,normal,10.7696,hardwood,17.74680926749679,65.13079001171322,19.731479148654344,-0.10058393829501149
Lower,133,black birch,2023,4.5,1.0,4.24,0.06132075471698108,normal,11.43,hardwood,20.350148995533267,74.68504681360709,17.74680926749679,0.1466933964746262
Lower,133,black birch,2024,4.6,1.0,4.5,0.022222222222222143,normal,11.684,hardwood,21.405324916793116,78.55754244463074,20.350148995533267,0.051851016987219785
Lower,133,black birch,2025,4.68,1.0,4.6,0.017391304347826105,normal,11.8872,hardwood,22.271233624983306,81.73542740368873,21.405324916793116,0.04045295792314084
Lower,135,white pine,2015,4.88,,,,initial,12.395199999999999,softwood,13.52302513432544,49.62950224297436,,
Lower,135,white pine,2016,4.7,1.0,4.88,-0.03688524590163929,normal,11.938,softwood,12.31030873935906,45.17883307344775,13.52302513432544,-0.08967789255143413
Lower,135,white pine,2017,4.7,1.0,4.7,0.0,normal,11.938,softwood,12.31030873935906,45.17883307344775,12.31030873935906,0.0
Lower,135,white pine,2018,4.6,1.0,4.7,-0.021276595744680965,normal,11.684,softwood,11.665916925174011,42.81391511538862,12.31030873935906,-0.05234570698659823
Lower,135,white pine,2021,4.7,3.0,4.6,0.007246376811594242,annualized,11.938,softwood,12.31030873935906,45.17883307344775,11.665916925174011,0.018412377935891424
Lower,135,white pine,2022,4.72,1.0,4.7,0.004255319148936079,normal,11.9888,softwood,12.441687726677387,45.660993956906005,12.31030873935906,0.01067227395347736
Lower,135,white pine,2023,4.75,1.0,4.72,0.006355932203389884,normal,12.065,softwood,12.640327441669523,46.39000171092715,12.441687726677387,0.01596565669834444
Lower,135,white pine,2024,4.69,1.0,4.75,-0.01263157894736834,normal,11.912600000000001,softwood,12.244932826606302,44.93890347364513,12.640327441669523,-0.031280409221028684
Lower,135,white pine,2025,4.7,1.0,4.69,0.0021321961620468627,normal,11.938,softwood,12.31030873935906,45.17883307344775,12.244932826606302,0.005339017671922765
Lower,138,shagbark hickory,2015,16.5,,,,initial,41.910000000000004,hardwood,404.0097846139097,1482.7159095330485,,
Lower,138,shagbark hickory,2016,16.75,1.0,16.5,0.015151515151515152,normal,42.545,hardwood,418.2277810927123,1534.8959566102542,404.0097846139097,0.0351922082589905
Lower,138,shagbark hickory,2017,16.06,1.0,16.75,-0.04119402985074635,normal,40.7924,hardwood,379.6588743684705,1393.3480689322867,418.2277810927123,-0.09221985833526417
Lower,138,shagbark hickory,2018,15.9,1.0,16.06,-0.0099626400996263,normal,40.386,hardwood,371.0156229671586,1361.6273362894722,379.6588743684705,-0.022765835292772183
Lower,138,shagbark hickory,2021,16.9,3.0,15.9,0.02096436058700206,annualized,42.925999999999995,hardwood,426.8922123892106,1566.6944194684029,371.0156229671586,0.05020147038120644
Lower,138,shagbark hickory,2022,16.16,1.0,16.9,-0.04378698224852062,normal,41.0464,hardwood,385.1181009792015,1413.3834305936693,426.8922123892106,-0.09785634452362044
Lower,138,shagbark hickory,2023,16.5,1.0,16.16,0.02103960396039603,normal,41.910000000000004,hardwood,404.0097846139097,1482.7159095330485,385.1181009792015,0.049054260463671305
Lower,138,shagbark hickory,2024,16.63,1.0,16.5,0.007878787878787818,normal,42.2402,hardwood,411.3684542661663,1509.7222271568303,404.0097846139097,0.018214087709011496
Lower,138,shagbark hickory,2025,17.15,1.0,16.63,0.031268791340950064,normal,43.561,hardwood,441.5565156997868,1620.5124126182175,411.3684542661663,0.07338448323042306
Lower,140,black birch,2015,3.2,,,,initial,8.128,hardwood,9.290172151347615,34.094931795445746,,
Lower,140,black birch,2016,3.2,1.0,3.2,0.0,normal,8.128,hardwood,9.290172151347615,34.094931795445746,9.290172151347615,0.0
Lower,140,black birch,2017,3.18,1.0,3.2,-0.0062500000000000056,normal,8.077200000000001,hardwood,9.15716811875587,33.60680699583404,9.290172151347615,-0.014316638101528887
Lower,140,black birch,2018,3.3,1.0,3.18,0.03773584905660367,normal,8.382,hardwood,9.971508719079994,36.595436999023576,9.15716811875587,0.08892930541006207
Lower,140,black birch,2021,3.5,3.0,3.3,0.020202020202020225,annualized,8.89,hardwood,11.416561318986751,41.89878004068138,9.971508719079994,0.04830605012130612
Lower,140,black birch,2022,3.28,1.0,3.5,-0.06285714285714292,normal,8.331199999999999,hardwood,9.833059161770562,36.08732712369796,11.416561318986751,-0.1387021987595061
Lower,140,black birch,2023,3.44,1.0,3.28,0.04878048780487809,normal,8.7376,hardwood,10.971429822304144,40.26514744785621,9.833059161770562,0.11576973572572345
Lower,140,black birch,2024,3.43,1.0,3.44,-0.0029069767441859845,normal,8.712200000000001,hardwood,10.898212899657127,39.99644134174165,10.971429822304144,-0.006673416667914342
Lower,140,black birch,2025,3.54,1.0,3.43,0.032069970845481015,normal,8.9916,hardwood,11.71888558893186,43.00831011137993,10.898212899657127,0.07530341871927947
Lower,141,Muscle Wood,2015,2.35,,,,initial,5.969,hardwood,4.567040835923054,16.761039867837606,,
Lower,141,Muscle Wood,2016,2.38,1.0,2.35,0.012765957446808427,normal,6.0451999999999995,hardwood,4.702251058134278,17.2572613833528,4.567040835923054,0.02960565212110628
Lower,141,Muscle Wood,2017,2.3,1.0,2.38,-0.033613445378151294,normal,5.842,hardwood,4.346631614612262,15.952138025627,4.702251058134278,-0.07562748971194154
Lower,141,Muscle Wood,2018,2.4,1.0,2.3,0.04347826086956526,normal,6.096,hardwood,4.7936317430245,17.592628496899916,4.346631614612262,0.10283828215612713
Lower,141,Muscle Wood,2021,2.38,3.0,2.4,-0.0027777777777777805,annualized,6.0451999999999995,hardwood,4.702251058134278,17.2572613833528,4.7936317430245,-0.006354311288318116
Lower,141,Muscle Wood,2022,2.44,1.0,2.38,0.02521008403361347,normal,6.1975999999999996,hardwood,4.979381623436866,18.274330558013297,4.702251058134278,0.0589357228859969
Lower,141,Muscle Wood,2023,2.31,1.0,2.44,-0.05327868852459012,normal,5.8674,hardwood,4.390220823715434,16.11211042303564,4.979381623436866,-0.11832007351040945
Lower,141,Muscle Wood,2024,2.35,1.0,2.31,0.01731601731601733,normal,5.969,hardwood,4.567040835923054,16.761039867837606,4.390220823715434,0.04027588117036392
Lower,141,Muscle Wood,2025,2.28,1.0,2.35,-0.02978723404255331,normal,5.7912,hardwood,4.260189912756195,15.634896979815235,4.567040835923054,-0.06718812775950163
Lower,143,black birch,2015,3.6,,,,initial,9.144,hardwood,12.180764967060203,44.70340742911094,,
Lower,143,black birch,2016,1.9,1.0,3.6,-0.47222222222222227,normal,4.826,hardwood,2.800993453630146,10.279645974822635,12.180764967060203,-0.7700478203787099
Lower,143,black birch,2017,1.93,1.0,1.9,0.01578947368421054,normal,4.9022,hardwood,2.9037593574375573,10.656796841795835,2.800993453630146,0.03668909103454869
Lower,143,black birch,2018,1.94,1.0,1.93,0.005181347150259072,normal,4.9276,hardwood,2.9384803471622503,10.784222874085458,2.9037593574375573,0.011957254527914025
Lower,143,black birch,2021,2.0,3.0,1.94,0.010309278350515472,annualized,5.08,hardwood,3.1517212627355704,11.566817034239543,2.9384803471622503,0.024189477823035436
Lower,143,black birch,2022,4.0,1.0,2.0,1.0,normal,10.16,hardwood,15.520896100149127,56.961688687547294,3.1517212627355704,3.924577653379664
Lower,143,black birch,2023,2.1,1.0,4.0,-0.475,normal,5.3340000000000005,hardwood,3.5260071571740457,12.940446266828747,15.520896100149127,-0.7728219340930857
Lower,143,black birch,2024,2.12,1.0,2.1,0.009523809523809532,normal,5.3848,hardwood,3.603722088800329,13.225660065897207,3.5260071571740457,0.022040491740966554
Lower,143,black birch,2025,2.24,1.0,2.12,0.05660377358490571,normal,5.6896,hardwood,4.090244353565643,15.011196777585909,3.603722088800329,0.13500548954019806
Lower,144,Yellow birch,2015,4.1,,,,initial,10.414,hardwood,16.427886061758493,60.29034184665367,,
Lower,144,Yellow birch,2016,4.06,1.0,4.1,-0.009756097560975618,normal,10.312399999999998,hardwood,16.061595667839168,58.94605610096974,16.427886061758493,-0.02229686720143444
Lower,144,Yellow birch,2017,4.06,1.0,4.06,0.0,normal,10.312399999999998,hardwood,16.061595667839168,58.94605610096974,16.061595667839168,0.0
Lower,144,Yellow birch,2018,4.13,1.0,4.06,0.0172413793103449,normal,10.4902,hardwood,16.705671239650414,61.309813449517016,16.061595667839168,0.04010034775691103
Lower,144,Yellow birch,2021,4.4,3.0,4.13,0.021791767554479455,annualized,11.176000000000002,hardwood,19.325020688900146,70.92282592826353,16.705671239650414,0.052264675304451585
Lower,144,Yellow birch,2022,4.5,1.0,4.4,0.022727272727272645,normal,11.43,hardwood,20.350148995533267,74.68504681360709,19.325020688900146,0.053046686114128286
Lower,144,Yellow birch,2023,11.38,1.0,4.5,1.528888888888889,normal,28.9052,hardwood,171.91192933554603,630.9167806614539,20.350148995533267,7.4476988042337995
Lower,144,Yellow birch,2024,5.53,1.0,11.38,-0.5140597539543058,normal,14.0462,hardwood,32.69238566976858,119.9810554080507,171.91192933554603,-0.8098306161990771
Lower,144,Yellow birch,2025,4.55,1.0,5.53,-0.17721518987341778,normal,11.557,hardwood,20.87396850827397,76.60746442536546,32.69238566976858,-0.36150366268385803
Lower,145,Red oak,2015,21.0,,,,initial,53.34,hardwood,703.530920301992,2581.9584775083104,,
Lower,145,Red oak,2016,21.44,1.0,21.0,0.020952380952381014,normal,54.457600000000006,hardwood,737.8971075305403,2708.082384637083,703.530920301992,0.04884815469630904
Lower,145,Red oak,2017,22.83,1.0,21.44,0.06483208955223867,normal,57.9882,hardwood,852.5942669996115,3129.020959888574,737.8971075305403,0.1554378764986879
Lower,145,Red oak,2018,21.38,1.0,22.83,-0.06351292159439331,normal,54.3052,hardwood,733.1562203451687,2690.683328666769,852.5942669996115,-0.14008779002791164
Lower,145,Red oak,2021,21.7,3.0,21.38,0.004989086373557846,annualized,55.118,hardwood,758.6408068940879,2784.2117613013024,733.1562203451687,0.011586701370376014
Lower,145,Red oak,2022,22.0,1.0,21.7,0.013824884792626762,normal,55.88,hardwood,782.9805565172529,2873.538642418318,758.6408068940879,0.032083364619961814
Lower,145,Red oak,2023,22.5,1.0,22.0,0.022727272727272728,normal,57.15,hardwood,824.5150803322892,3025.9703448195014,782.9805565172529,0.053046686114128445
Lower,145,Red oak,2024,22.75,1.0,22.5,0.011111111111111112,normal,57.785000000000004,hardwood,845.7383690522796,3103.8598144218663,824.5150803322892,0.025740328134977387
Lower,145,Red oak,2025,23.76,1.0,22.75,0.044395604395604464,normal,60.35040000000001,hardwood,934.5996523242784,3429.9807240301016,845.7383690522796,0.10506947127345691
Lower,146,Dogwood,2015,1.83,,,,initial,4.6482,hardwood,2.569308880597804,9.42936359179394,,
Lower,146,Dogwood,2016,2.84,1.0,1.83,0.5519125683060108,normal,7.2136,hardwood,7.0601022960266056,25.91057542641764,2.569308880597804,1.7478604652562926
Lower,146,Dogwood,2017,2.7,1.0,2.84,-0.04929577464788722,normal,6.8580000000000005,hardwood,6.285147427752522,23.066491059851753,7.0601022960266056,-0.1097653880610519
Lower,146,Dogwood,2018,3.1,1.0,2.7,0.1481481481481481,normal,7.8740000000000006,hardwood,8.635961696844225,31.693979427418306,6.285147427752522,0.3740269096491696
Lower,146,Dogwood,2021,3.25,3.0,3.1,0.016129032258064505,annualized,8.255,hardwood,9.627433818896398,35.332682115349776,8.635961696844225,0.03826912612077622
Lower,146,Dogwood,2022,3.3,1.0,3.25,0.01538461538461533,normal,8.382,hardwood,9.971508719079994,36.595436999023576,9.627433818896398,0.035739004459138184
Lower,146,Dogwood,2023,1.86,1.0,3.3,-0.4363636363636363,normal,4.7244,hardwood,2.667218429555652,9.788691636469244,9.971508719079994,-0.7325160610397843
Lower,146,Dogwood,2024,3.2,1.0,1.86,0.7204301075268817,normal,8.128,hardwood,9.290172151347615,34.094931795445746,2.667218429555652,2.483093866030058
Lower,146,Dogwood,2025,1.16,1.0,3.2,-0.6375,normal,2.9463999999999997,hardwood,0.9003931593682505,3.304442894881479,9.290172151347615,-0.9030811114476881
Lower,148,black birch,2015,3.25,,,,initial,8.255,hardwood,9.627433818896398,35.332682115349776,,
Lower,148,black birch,2016,3.19,1.0,3.25,-0.018461538461538477,normal,8.1026,hardwood,9.223534629485762,33.850372090212744,9.627433818896398,-0.0419529437447678
Lower,148,black birch,2017,3.3,1.0,3.19,0.03448275862068962,normal,8.382,hardwood,9.971508719079994,36.595436999023576,9.223534629485762,0.081094083736956
Lower,148,black birch,2018,3.34,1.0,3.3,0.012121212121212133,normal,8.4836,hardwood,10.25169519715391,37.62372137355485,9.971508719079994,0.028098704616062144
Lower,148,black birch,2021,3.5,3.0,3.34,0.015968063872255505,annualized,8.89,hardwood,11.416561318986751,41.89878004068138,10.25169519715391,0.03787556104725107
Lower,148,black birch,2022,3.6,1.0,3.5,0.0285714285714286,normal,9.144,hardwood,12.180764967060203,44.70340742911094,11.416561318986751,0.06693816349083263
Lower,148,black birch,2023,3.6,1.0,3.6,0.0,normal,9.144,hardwood,12.180764967060203,44.70340742911094,12.180764967060203,0.0
Lower,148,black birch,2024,3.62,1.0,3.6,0.00555555555555556,normal,9.1948,hardwood,12.336970431472965,45.27668148350578,12.180764967060203,0.012823945362641883
Lower,148,black birch,2025,3.24,1.0,3.62,-0.1049723756906077,normal,8.229600000000001,hardwood,9.55943743359867,35.08313538130712,12.336970431472965,-0.2251389847533802
Lower,149,black birch,2015,11.23,,,,initial,28.5242,hardwood,166.74478151605862,611.9533481639352,,
Lower,149,black birch,2016,11.19,1.0,11.23,-0.0035618878005343655,normal,28.4226,hardwood,165.38191279200612,606.9516199466624,166.74478151605862,-0.00817338156949308
Lower,149,black birch,2017,11.3,1.0,11.19,0.009830205540661413,normal,28.702,hardwood,169.14502619193084,620.7622461243861,165.38191279200612,0.02275408076007338
Lower,149,black birch,2018,11.19,1.0,11.3,-0.009734513274336389,normal,28.4226,hardwood,165.38191279200612,606.9516199466624,169.14502619193084,-0.022247851353634666
Lower,149,black birch,2021,11.6,3.0,11.19,0.012213285671730715,annualized,29.464,hardwood,179.65205395432386,659.3230380123686,165.38191279200612,0.02876199483044376
Lower,149,black birch,2022,11.8,1.0,11.6,0.01724137931034492,normal,29.972,hardwood,186.8561637931355,685.7621211208073,179.65205395432386,0.04010034775691049
Lower,149,black birch,2023,11.38,1.0,11.8,-0.035593220338983045,normal,28.9052,hardwood,171.91192933554603,630.9167806614539,186.8561637931355,-0.07997720896236479
Lower,149,black birch,2024,11.94,1.0,11.38,0.04920913884007018,normal,30.3276,hardwood,191.99448914430434,704.6197751595969,171.91192933554603,0.11681888445077125
Lower,150,black birch,2015,2.88,,,,initial,7.3152,hardwood,7.29090657839054,26.75762714269328,,
Lower,150,black birch,2016,2.9,1.0,2.88,0.006944444444444451,normal,7.366,hardwood,7.4078845743540365,27.186936387879314,7.29090657839054,0.016044369065186907
Lower,150,black birch,2017,3.0,1.0,2.9,0.03448275862068969,normal,7.62,hardwood,8.00862018634041,29.391636083869304,7.4078845743540365,0.0810940837369564
Lower,150,black birch,2018,3.1,1.0,3.0,0.03333333333333336,normal,7.8740000000000006,hardwood,8.635961696844225,31.693979427418306,8.00862018634041,0.07833328287609584
Lower,150,black birch,2021,3.3,3.0,3.1,0.021505376344085992,annualized,8.382,hardwood,9.971508719079994,36.595436999023576,8.635961696844225,0.05154982807623336
Lower,150,black birch,2022,3.4,1.0,3.3,0.03030303030303033,normal,8.636,hardwood,10.680223002041938,39.19641841749391,9.971508719079994,0.07107392701827098
Lower,150,black birch,2023,3.5,1.0,3.4,0.02941176470588238,normal,8.89,hardwood,11.416561318986751,41.89878004068138,10.680223002041938,0.06894409571822928
Lower,150,black birch,2024,3.51,1.0,3.5,0.0028571428571427964,normal,8.9154,hardwood,11.491723804660406,42.17462636310369,11.416561318986751,0.006583636138199769
Lower,150,black birch,2025,3.56,1.0,3.51,0.014245014245014322,normal,9.0424,hardwood,11.87172442660931,43.56922864565617,11.491723804660406,0.0330673298809006
Lower,151,red oak,2015,18.7,,,,initial,47.498,hardwood,538.783772271165,1977.3364442351756,,
Lower,151,red oak,2016,18.5,1.0,18.7,-0.010695187165775364,normal,46.99,hardwood,525.6223056483336,1929.0338617293844,538.783772271165,-0.02442810511413729
Lower,151,red oak,2017,18.9,1.0,18.5,0.021621621621621546,normal,48.006,hardwood,552.1295118505296,2026.3153084914438,525.6223056483336,0.05043013950768406
Lower,151,red oak,2018,18.8,1.0,18.9,-0.005291005291005179,normal,47.752,hardwood,545.4335710223421,2001.7412056519954,552.1295118505296,-0.012127482202038551
Lower,151,red oak,2021,29.2,3.0,18.8,0.18439716312056734,annualized,74.16799999999999,hardwood,1501.6176694050903,5510.936846716681,545.4335710223421,0.5843571971502166
Lower,151,red oak,2022,29.16,1.0,29.2,-0.0013698630136986009,normal,74.0664,hardwood,1496.890757308802,5493.589079323303,1501.6176694050903,-0.003147879911509694
Lower,151,red oak,2023,19.56,1.0,29.16,-0.32921810699588483,normal,49.682399999999994,hardwood,597.4852214468093,2192.7707627097902,1496.890757308802,-0.6008491477888451
Lower,151,red oak,2024,19.68,1.0,19.56,0.0061349693251534256,normal,49.9872,hardwood,605.949634760807,2223.835159572162,597.4852214468093,0.014166732515159418
Lower,151,red oak,2025,20.0,1.0,19.68,0.016260162601626032,normal,50.8,hardwood,628.851066282241,2307.8834132558245,605.949634760807,0.03779428224339822
Lower,153,black birch,2015,1.9,,,,initial,4.826,hardwood,2.800993453630146,10.279645974822635,,
Lower,153,black birch,2016,1.94,1.0,1.9,0.02105263157894739,normal,4.9276,hardwood,2.9384803471622503,10.784222874085458,2.800993453630146,0.04908504636236062
Lower,153,black birch,2017,1.94,1.0,1.94,0.0,normal,4.9276,hardwood,2.9384803471622503,10.784222874085458,2.9384803471622503,0.0
Lower,153,black birch,2018,2.0,1.0,1.94,0.03092783505154642,normal,5.08,hardwood,3.1517212627355704,11.566817034239543,2.9384803471622503,0.0725684334691063
Lower,153,black birch,2021,2.0,3.0,2.0,0.0,annualized,5.08,hardwood,3.1517212627355704,11.566817034239543,3.1517212627355704,0.0
Lower,153,black birch,2022,4.5,1.0,2.0,1.25,normal,11.43,hardwood,20.350148995533267,74.68504681360709,3.1517212627355704,5.4568365344180645
Lower,153,black birch,2023,2.22,1.0,4.5,-0.5066666666666666,normal,5.638800000000001,hardwood,4.006735305536897,14.704718571320411,20.350148995533267,-0.803110271751998
Lower,153,black birch,2024,2.19,1.0,2.22,-0.013513513513513624,normal,5.5626,hardwood,3.883294035697568,14.251689111010073,4.006735305536897,-0.030808441393357346
Lower,153,black birch,2025,2.15,1.0,2.19,-0.018264840182648418,normal,5.460999999999999,hardwood,3.722093421977239,13.660082858656468,3.883294035697568,-0.04151130772959144
Lower,154,black birch,2015,1.81,,,,initial,4.5974,hardwood,2.5051834491849845,9.194023258508892,,
Lower,154,black birch,2016,1.81,1.0,1.81,0.0,normal,4.5974,hardwood,2.5051834491849845,9.194023258508892,2.5051834491849845,0.0
Lower,154,black birch,2017,1.8,1.0,1.81,-0.005524861878453044,normal,4.572,hardwood,2.473463883486683,9.077612452396126,2.5051834491849845,-0.012661574029087868
Lower,154,black birch,2018,1.8,1.0,1.8,0.0,normal,4.572,hardwood,2.473463883486683,9.077612452396126,2.473463883486683,0.0
Lower,154,black birch,2021,1.8,3.0,1.8,0.0,annualized,4.572,hardwood,2.473463883486683,9.077612452396126,2.473463883486683,0.0
Lower,154,black birch,2022,4.5,1.0,1.8,1.5,normal,11.43,hardwood,20.350148995533267,74.68504681360709,2.473463883486683,7.227388777088982
Lower,154,black birch,2023,1.9,1.0,4.5,-0.5777777777777778,normal,4.826,hardwood,2.800993453630146,10.279645974822635,20.350148995533267,-0.8623600517988863
Lower,154,black birch,2024,1.9,1.0,1.9,0.0,normal,4.826,hardwood,2.800993453630146,10.279645974822635,2.800993453630146,0.0
Lower,154,black birch,2025,2.0,1.0,1.9,0.052631578947368474,normal,5.08,hardwood,3.1517212627355704,11.566817034239543,2.800993453630146,0.12521550475274187
Lower,157,black birch,2015,2.25,,,,initial,5.715,hardwood,4.132364321957084,15.165777061582498,,
Lower,157,black birch,2016,2.25,1.0,2.25,0.0,normal,5.715,hardwood,4.132364321957084,15.165777061582498,4.132364321957084,0.0
Lower,157,black birch,2017,2.31,1.0,2.25,0.02666666666666669,normal,5.8674,hardwood,4.390220823715434,16.11211042303564,4.132364321957084,0.06239926629611138
Lower,157,black birch,2018,2.4,1.0,2.31,0.0389610389610389,normal,6.096,hardwood,4.7936317430245,17.592628496899916,4.390220823715434,0.0918885257729839
Lower,157,black birch,2021,2.5,3.0,2.4,0.013888888888888902,annualized,6.35,hardwood,5.265514724444983,19.324439038713088,4.7936317430245,0.032813185403540696
Lower,157,black birch,2022,6.25,1.0,2.5,1.5,normal,15.875,hardwood,43.32143674949544,158.98967287064826,5.265514724444983,7.227388777088983
Lower,157,black birch,2023,2.55,1.0,6.25,-0.5920000000000001,normal,6.476999999999999,hardwood,5.510883455237382,20.22494228072119,43.32143674949544,-0.8727908428544543
Lower,157,black birch,2024,2.52,1.0,2.55,-0.011764705882352865,normal,6.4008,hardwood,5.362904402304434,19.68185915645727,5.510883455237382,-0.02685214705317587
Lower,157,black birch,2025,2.56,1.0,2.52,0.015873015873015886,normal,6.502400000000001,hardwood,5.560716214113794,20.40782850579762,5.362904402304434,0.036885201929827506
Lower,160,Red maple,2015,2.29,,,,initial,5.8166,hardwood,4.303288084606035,15.79306727050415,,
Lower,160,Red maple,2016,2.25,1.0,2.29,-0.01746724890829696,normal,5.715,hardwood,4.132364321957084,15.165777061582498,4.303288084606035,-0.039719340022897696
Lower,160,Red maple,2017,2.25,1.0,2.25,0.0,normal,5.715,hardwood,4.132364321957084,15.165777061582498,4.132364321957084,0.0
Lower,160,Red maple,2018,2.25,1.0,2.25,0.0,normal,5.715,hardwood,4.132364321957084,15.165777061582498,4.132364321957084,0.0
Lower,160,Red maple,2021,2.2,3.0,2.25,-0.007407407407407381,annualized,5.588000000000001,hardwood,3.9241985910482433,14.401808829147052,4.132364321957084,-0.01679149551285236
Lower,160,Red maple,2022,5.8,1.0,2.2,1.636363636363636,normal,14.732,hardwood,36.480702833679814,133.8841793996049,3.9241985910482433,8.296344715300195
Lower,160,Red maple,2023,2.29,1.0,5.8,-0.6051724137931034,normal,5.8166,hardwood,4.303288084606035,15.79306727050415,36.480702833679814,-0.882039331746834
Lower,160,Red maple,2024,2.23,1.0,2.29,-0.026200873362445438,normal,5.6642,hardwood,4.0483681237414775,14.857511014131221,4.303288084606035,-0.05923841394130035
Lower,160,Red maple,2025,2.29,1.0,2.23,0.02690582959641258,normal,5.8166,hardwood,4.303288084606035,15.79306727050415,4.0483681237414775,0.06296857229202821
Lower,161,black birch,2015,3.06,,,,initial,7.7724,hardwood,8.381815414795094,30.761262572297994,,
Lower,161,black birch,2016,3.1,1.0,3.06,0.013071895424836612,normal,7.8740000000000006,hardwood,8.635961696844225,31.693979427418306,8.381815414795094,0.030321149950466208
Lower,161,black birch,2017,3.1,1.0,3.1,0.0,normal,7.8740000000000006,hardwood,8.635961696844225,31.693979427418306,8.635961696844225,0.0
Lower,161,black birch,2018,3.2,1.0,3.1,0.03225806451612906,normal,8.128,hardwood,9.290172151347615,34.094931795445746,8.635961696844225,0.07575420983426243
Lower,161,black birch,2021,3.2,3.0,3.2,0.0,annualized,8.128,hardwood,9.290172151347615,34.094931795445746,9.290172151347615,0.0
Lower,161,black birch,2022,8.5,1.0,3.2,1.6562499999999998,normal,21.59,hardwood,87.87034686380746,322.48417299017336,9.290172151347615,8.458419653833987
Lower,161,black birch,2023,3.35,1.0,8.5,-0.6058823529411765,normal,8.509,hardwood,10.322428130578198,37.88331123922198,87.87034686380746,-0.8825266031261125
Lower,161,black birch,2024,3.5,1.0,3.35,0.044776119402985044,normal,8.89,hardwood,11.416561318986751,41.89878004068138,10.322428130578198,0.1059957186979482
Lower,161,black birch,2025,3.5,1.0,3.5,0.0,normal,8.89,hardwood,11.416561318986751,41.89878004068138,11.416561318986751,0.0
Lower,163,Muscle Wood,2015,1.88,,,,initial,4.7752,hardwood,2.7336434258813203,10.032471372984444,,
Lower,163,Muscle Wood,2016,2.81,1.0,1.88,0.4946808510638299,normal,7.1374,hardwood,6.889748158522879,25.285375741778967,2.7336434258813203,1.5203536398686088
Lower,163,Muscle Wood,2017,6.88,1.0,2.81,1.4483985765124556,normal,17.4752,hardwood,54.02965812854221,198.2888453317499,6.889748158522879,6.842036731299892
Lower,163,Muscle Wood,2018,2.9,1.0,6.88,-0.5784883720930233,normal,7.366,hardwood,7.4078845743540365,27.186936387879314,54.02965812854221,-0.8628922552733925
Lower,163,Muscle Wood,2021,3.0,3.0,2.9,0.01149425287356323,annualized,7.62,hardwood,8.00862018634041,29.391636083869304,7.4078845743540365,0.02703136124565213
Lower,163,Muscle Wood,2022,3.14,1.0,3.0,0.04666666666666671,normal,7.9756,hardwood,8.894407075707047,32.642473967844865,8.00862018634041,0.11060418258783761
Lower,163,Muscle Wood,2023,1.5,1.0,3.14,-0.5222929936305732,normal,3.81,hardwood,1.6262552344654801,5.968356710488312,8.894407075707047,-0.8171597925951457
Lower,163,Muscle Wood,2024,2.98,1.0,1.5,0.9866666666666667,normal,7.5692,hardwood,7.886353116635208,28.94291593805121,1.6262552344654801,3.8493944551251853
Lower,163,Muscle Wood,2025,2.98,1.0,2.98,0.0,normal,7.5692,hardwood,7.886353116635208,28.94291593805121,7.886353116635208,0.0
Lower,164,black birch,2015,3.3,,,,initial,8.382,hardwood,9.971508719079994,36.595436999023576,,
Lower,164,black birch,2016,3.38,1.0,3.3,0.024242424242424267,normal,8.5852,hardwood,10.536278031024223,38.6681403738589,9.971508719079994,0.05663830096879626
Lower,164,black birch,2017,3.5,1.0,3.38,0.03550295857988169,normal,8.89,hardwood,11.416561318986751,41.89878004068138,10.536278031024223,0.08354784159743336
Lower,164,black birch,2018,3.5,1.0,3.5,0.0,normal,8.89,hardwood,11.416561318986751,41.89878004068138,11.416561318986751,0.0
Lower,164,black birch,2021,3.7,3.0,3.5,0.019047619047619063,annualized,9.398000000000001,hardwood,12.973070463439562,47.61116860082319,11.416561318986751,0.045445941819749126
Lower,164,black birch,2022,3.8,1.0,3.7,0.02702702702702693,normal,9.652,hardwood,13.793709769009748,50.62291485226577,12.973070463439562,0.06325713776726138
Lower,164,black birch,2023,4.0,1.0,3.8,0.052631578947368474,normal,10.16,hardwood,15.520896100149127,56.961688687547294,13.793709769009748,0.12521550475274162
Lower,164,black birch,2024,4.01,1.0,4.0,0.0024999999999999467,normal,10.1854,hardwood,15.610286312337914,57.28975076628014,15.520896100149127,0.005759346084916348
Lower,164,black birch,2025,4.25,1.0,4.01,0.05985037406483796,normal,10.795,hardwood,17.84322495219531,65.48463557455679,15.610286312337914,0.14304277289856926
Lower,165,black birch,2015,3.25,,,,initial,8.255,hardwood,9.627433818896398,35.332682115349776,,
Lower,165,black birch,2016,3.3,1.0,3.25,0.01538461538461533,normal,8.382,hardwood,9.971508719079994,36.595436999023576,9.627433818896398,0.035739004459138184
Lower,165,black birch,2017,3.38,1.0,3.3,0.024242424242424267,normal,8.5852,hardwood,10.536278031024223,38.6681403738589,9.971508719079994,0.05663830096879626
Lower,165,black birch,2018,3.4,1.0,3.38,0.0059171597633136145,normal,8.636,hardwood,10.680223002041938,39.19641841749391,10.536278031024223,0.01366184250205503
Lower,165,black birch,2021,3.5,3.0,3.4,0.00980392156862746,annualized,8.89,hardwood,11.416561318986751,41.89878004068138,10.680223002041938,0.022981365239409763
Lower,165,black birch,2022,3.6,1.0,3.5,0.0285714285714286,normal,9.144,hardwood,12.180764967060203,44.70340742911094,11.416561318986751,0.06693816349083263
Lower,165,black birch,2023,3.7,1.0,3.6,0.0277777777777778,normal,9.398000000000001,hardwood,12.973070463439562,47.61116860082319,12.180764967060203,0.06504562714426798
Lower,165,black birch,2024,3.81,1.0,3.7,0.029729729729729693,normal,9.6774,hardwood,13.877340858749765,50.92984095161164,12.973070463439562,0.06970365248987113
Lower,165,black birch,2025,3.88,1.0,3.81,0.01837270341207345,normal,9.8552,hardwood,14.470774652530535,53.107742974787065,13.877340858749765,0.042762788622188075
Lower,166,black birch,2015,3.06,,,,initial,7.7724,hardwood,8.381815414795094,30.761262572297994,,
Lower,166,black birch,2016,3.13,1.0,3.06,0.022875816993464,normal,7.9502,hardwood,8.829391782098607,32.40386784030189,8.381815414795094,0.05339849962735731
Lower,166,black birch,2017,3.25,1.0,3.13,0.03833865814696489,normal,8.255,hardwood,9.627433818896398,35.332682115349776,8.829391782098607,0.09038471238934062
Lower,166,black birch,2018,1.35,1.0,3.25,-0.5846153846153845,normal,3.4290000000000003,hardwood,1.276281514911054,4.683953159723568,9.627433818896398,-0.8674328446271932
Lower,166,black birch,2021,3.6,3.0,1.35,0.5555555555555555,annualized,9.144,hardwood,12.180764967060203,44.70340742911094,1.276281514911054,2.8479828117203176
Lower,166,black birch,2022,3.7,1.0,3.6,0.0277777777777778,normal,9.398000000000001,hardwood,12.973070463439562,47.61116860082319,12.180764967060203,0.06504562714426798
Lower,166,black birch,2023,3.75,1.0,3.7,0.013513513513513466,normal,9.525,hardwood,13.379834064723505,49.103991017535265,12.973070463439562,0.03135445864032543
Lower,166,black birch,2024,3.81,1.0,3.75,0.016000000000000014,normal,9.6774,hardwood,13.877340858749765,50.92984095161164,13.379834064723505,0.037183330646674985
Lower,166,black birch,2025,4.0,1.0,3.81,0.04986876640419946,normal,10.16,hardwood,15.520896100149127,56.961688687547294,13.877340858749765,0.11843445067237707
Lower,167,Musclewood,2024,4.5,,,,initial,11.43,hardwood,20.350148995533267,74.68504681360709,,
Lower,301,Black birch,2015,4.3,,,,initial,10.921999999999999,hardwood,18.32973808966056,67.27013878905424,,
Lower,301,Black birch,2016,8.13,1.0,4.3,0.8906976744186049,normal,20.6502,hardwood,79.32079649260268,291.1073231278518,18.32973808966056,3.3274375282724833
Lower,301,Black birch,2017,5.94,1.0,8.13,-0.2693726937269373,normal,15.087600000000002,hardwood,38.53786358273381,141.4339593486331,79.32079649260268,-0.5141518329770203
Lower,301,Black birch,2018,6.6,1.0,5.94,0.11111111111111098,normal,16.764,hardwood,49.10546900846182,180.21707126105485,38.53786358273381,0.27421357707183924
Lower,301,Black birch,2021,7.2,3.0,6.6,0.030303030303030335,annualized,18.288,hardwood,59.98512295785456,220.14540125532622,49.10546900846182,0.07385228956553337
Lower,301,Black birch,2022,5.1,1.0,7.2,-0.29166666666666674,normal,12.953999999999999,hardwood,27.138773514041727,99.59929879653313,59.98512295785456,-0.5475749289851521
Lower,301,Black birch,2023,14.9,1.0,5.1,1.9215686274509807,normal,37.846000000000004,hardwood,319.52675505808435,1172.6631910631695,27.138773514041727,10.77380970782485
Lower,301,Black birch,2024,14.0,1.0,14.9,-0.06040268456375841,normal,35.56,hardwood,276.8683379803203,1016.1068003877755,319.52675505808435,-0.13350499262576465
Lower,301,Black birch,2025,7.4,1.0,14.0,-0.4714285714285714,normal,18.796000000000003,hardwood,63.88689289997424,234.46489694290545,276.8683379803203,-0.7692517195501232
Lower,302,red oak,2015,16.0,,,,initial,40.64,hardwood,376.40446953732254,1381.4044032019738,,
Lower,302,red oak,2016,16.25,1.0,16.0,0.015625,normal,41.275,hardwood,390.06910319543573,1431.5536087272492,376.40446953732254,0.03630305898043611
Lower,302,red oak,2017,16.13,1.0,16.25,-0.007384615384615446,normal,40.9702,hardwood,383.47570682383997,1407.3558440434927,390.06910319543573,-0.016903149512696163
Lower,302,red oak,2018,16.35,1.0,16.13,0.013639181649101205,normal,41.529,hardwood,395.6121787592317,1451.8966960463804,383.47570682383997,0.031648606989769394
Lower,302,red oak,2021,16.7,3.0,16.35,0.007135575942915348,annualized,42.418,hardwood,415.3619362137748,1524.3783059045536,395.6121787592317,0.01664067194669011
Lower,302,red oak,2022,16.8,1.0,16.7,0.005988023952095894,normal,42.672000000000004,hardwood,421.1047687729014,1545.4545013965483,415.3619362137748,0.0138260925193948
Lower,302,red oak,2023,17.0,1.0,16.8,0.011904761904761862,normal,43.18,hardwood,432.7243465602261,1588.0983518760297,421.1047687729014,0.027593080508644174
Lower,302,red oak,2024,17.19,1.0,17.0,0.01117647058823537,normal,43.662600000000005,hardwood,443.92880724463976,1629.2187225878279,432.7243465602261,0.025892836336756132
Lower,302,red oak,2025,17.1,1.0,17.19,-0.005235602094240829,normal,43.434000000000005,hardwood,438.60125045486575,1609.6665891693572,443.92880724463976,-0.012000926055781066
Lower,303,sugar maple,2015,8.8,,,,initial,22.352000000000004,hardwood,95.16756503565735,349.2649636808625,,
Lower,303,sugar maple,2016,8.94,1.0,8.8,0.015909090909090772,normal,22.7076,hardwood,98.68589969991038,362.1772518986711,95.16756503565735,0.03696989266179905
Lower,303,sugar maple,2017,9.0,1.0,8.94,0.006711409395973211,normal,22.86,hardwood,100.21588898634975,367.7923125799036,98.68589969991038,0.01550362606098593
Lower,303,sugar maple,2018,9.05,1.0,9.0,0.005555555555555635,normal,22.987000000000002,hardwood,101.50105207117929,372.508861101228,100.21588898634975,0.01282394536264189
Lower,303,sugar maple,2021,9.4,3.0,9.05,0.012891344383057076,annualized,23.876,hardwood,110.75743127900908,406.4797727939633,101.50105207117929,0.030398303002608637
Lower,303,sugar maple,2022,9.16,1.0,9.4,-0.025531914893617044,normal,23.2664,hardwood,104.36104064486665,383.0050191666606,110.75743127900908,-0.05775134508157096
Lower,303,sugar maple,2023,9.34,1.0,9.16,0.01965065502183403,normal,23.7236,hardwood,109.13815984088042,400.53704661603115,104.36104064486665,0.04577492871377141
Lower,303,sugar maple,2024,9.55,1.0,9.34,0.022483940042826642,normal,24.257,hardwood,114.86469566709408,421.5534330982353,109.13815984088042,0.052470518419613726
Lower,303,sugar maple,2025,9.47,1.0,9.55,-0.008376963350785346,normal,24.053800000000003,hardwood,112.66363604897909,413.4755442997532,114.86469566709408,-0.01916219431333544
Lower,304,red oak,2015,20.3,,,,initial,51.562000000000005,hardwood,650.7582743123862,2388.2828667264575,,
Lower,304,red oak,2016,20.19,1.0,20.3,-0.005418719211822632,normal,51.2826,hardwood,642.6763894955851,2358.622349448797,650.7582743123862,-0.012419181032067102
Lower,304,red oak,2017,20.5,1.0,20.19,0.01535413571074783,normal,52.07,hardwood,665.5990478926494,2442.7485057660233,642.6763894955851,0.03566749731549268
Lower,304,red oak,2018,20.5,1.0,20.5,0.0,normal,52.07,hardwood,665.5990478926494,2442.7485057660233,665.5990478926494,0.0
Lower,304,red oak,2021,21.0,3.0,20.5,0.008130081300813009,annualized,53.34,hardwood,703.530920301992,2581.9584775083104,665.5990478926494,0.018996357506539153
Lower,304,red oak,2022,21.4,1.0,21.0,0.01904761904761898,normal,54.355999999999995,hardwood,734.7345970748848,2696.4759712648274,703.530920301992,0.04435295716569025
Lower,304,red oak,2023,21.0,1.0,21.4,-0.018691588785046665,normal,53.34,hardwood,703.530920301992,2581.9584775083104,734.7345970748848,-0.04246931735230726
Lower,304,red oak,2024,22.08,1.0,21.0,0.051428571428571344,normal,56.0832,hardwood,789.5446052222486,2897.6287011656523,703.530920301992,0.12225999233030883
Lower,304,red oak,2025,22.3,1.0,22.08,0.00996376811594214,normal,56.642,hardwood,807.7556354422637,2964.463182073108,789.5446052222486,0.02306523291979039
Lower,305,sugar maple,2015,3.2,,,,initial,8.128,hardwood,9.290172151347615,34.094931795445746,,
Lower,305,sugar maple,2016,3.31,1.0,3.2,0.03437499999999996,normal,8.4074,hardwood,10.041144045419015,36.850998646687785,9.290172151347615,0.08083508914982433
Lower,305,sugar maple,2017,3.11,1.0,3.31,-0.06042296072507558,normal,7.8994,hardwood,8.700169351526851,31.92962152010354,10.041144045419015,-0.1335479988959969
Lower,305,sugar maple,2018,3.25,1.0,3.11,0.04501607717041805,normal,8.255,hardwood,9.627433818896398,35.332682115349776,8.700169351526851,0.10658004803168744
Lower,305,sugar maple,2021,3.3,3.0,3.25,0.00512820512820511,annualized,8.382,hardwood,9.971508719079994,36.595436999023576,9.627433818896398,0.011913001486379395
Lower,305,sugar maple,2022,3.16,1.0,3.3,-0.04242424242424233,normal,8.0264,hardwood,9.025247109530362,33.122656891976426,9.971508719079994,-0.09489653333391833
Lower,305,sugar maple,2023,3.22,1.0,3.16,0.018987341772151913,normal,8.1788,hardwood,9.42426124627311,34.587038773822314,9.025247109530362,0.04421088219528109
Lower,305,sugar maple,2024,3.23,1.0,3.22,0.0031055900621117347,normal,8.2042,hardwood,9.49171332685186,34.83458790954633,9.42426124627311,0.007157280429320079
Lower,305,sugar maple,2025,3.15,1.0,3.23,-0.02476780185758516,normal,8.001,hardwood,8.95969209904525,32.88207000349607,9.49171332685186,-0.056051126860472325
Lower,307,beech ,2015,1.6,,,,initial,4.064,hardwood,1.8864911481235163,6.923422513613304,,
Lower,307,beech ,2016,1.7,1.0,1.6,0.06249999999999992,normal,4.318,hardwood,2.1687591817568883,7.95934619704778,1.8864911481235163,0.14962595181755436
Lower,307,beech ,2017,2.0,1.0,1.7,0.17647058823529416,normal,5.08,hardwood,3.1517212627355704,11.566817034239543,2.1687591817568883,0.4532370810217828
Lower,307,beech ,2018,2.0,1.0,2.0,0.0,normal,5.08,hardwood,3.1517212627355704,11.566817034239543,3.1517212627355704,0.0
Lower,307,beech ,2021,3.07,3.0,2.0,0.17833333333333332,annualized,7.7978,hardwood,8.444949856630238,30.992965973832973,3.1517212627355704,0.5598241037872697
Lower,307,beech ,2022,2.4,1.0,3.07,-0.21824104234527686,normal,6.096,hardwood,4.7936317430245,17.592628496899916,8.444949856630238,-0.4323670567136691
Lower,307,beech ,2023,6.2,1.0,2.4,1.5833333333333335,normal,15.748000000000001,hardwood,42.52846398772181,156.07946283493902,4.7936317430245,7.871867149496312
Lower,307,beech ,2024,2.59,1.0,6.2,-0.582258064516129,normal,6.5786,hardwood,5.711737882467078,20.962078028654176,42.52846398772181,-0.8656961162736542
Lower,307,beech ,2025,2.4,1.0,2.59,-0.07335907335907334,normal,6.096,hardwood,4.7936317430245,17.592628496899916,5.711737882467078,-0.1607402437462728
Lower,309,sugar maple,2015,2.6,,,,initial,6.604,hardwood,5.762587222808233,21.148695107706214,,
Lower,309,sugar maple,2016,2.75,1.0,2.6,0.057692307692307654,normal,6.985,hardwood,6.556076423102267,24.06080047278532,5.762587222808233,0.137696692408128
Lower,309,sugar maple,2017,2.88,1.0,2.75,0.04727272727272724,normal,7.3152,hardwood,7.29090657839054,26.75762714269328,6.556076423102267,0.1120838300021766
Lower,309,sugar maple,2018,2.9,1.0,2.88,0.006944444444444451,normal,7.366,hardwood,7.4078845743540365,27.186936387879314,7.29090657839054,0.016044369065186907
Lower,309,sugar maple,2021,3.0,3.0,2.9,0.01149425287356323,annualized,7.62,hardwood,8.00862018634041,29.391636083869304,7.4078845743540365,0.02703136124565213
Lower,309,sugar maple,2022,1.77,1.0,3.0,-0.41,normal,4.4958,hardwood,2.3796732255586144,8.733400737800114,8.00862018634041,-0.7028610209761963
Lower,309,sugar maple,2023,2.11,1.0,1.77,0.1920903954802259,normal,5.3594,hardwood,3.5647449201152663,13.082613856823027,2.3796732255586144,0.4979976585980469
Lower,309,sugar maple,2024,3.0,1.0,2.11,0.42180094786729866,normal,7.62,hardwood,8.00862018634041,29.391636083869304,3.5647449201152663,1.2466180233960331
Lower,309,sugar maple,2025,3.0,1.0,3.0,0.0,normal,7.62,hardwood,8.00862018634041,29.391636083869304,8.00862018634041,0.0
Lower,310,black birch,2015,2.57,,,,initial,6.5278,hardwood,5.610802673811741,20.59164581288909,,
Lower,310,black birch,2016,2.5,1.0,2.57,-0.02723735408560305,normal,6.35,hardwood,5.265514724444983,19.324439038713088,5.610802673811741,-0.06153984900919434
Lower,310,black birch,2017,2.38,1.0,2.5,-0.04800000000000004,normal,6.0451999999999995,hardwood,4.702251058134278,17.2572613833528,5.265514724444983,-0.10697219470221421
Lower,310,black birch,2018,2.7,1.0,2.38,0.13445378151260517,normal,6.8580000000000005,hardwood,6.285147427752522,23.066491059851753,4.702251058134278,0.33662523545612055
Lower,310,black birch,2021,2.5,3.0,2.7,-0.024691358024691374,annualized,6.35,hardwood,5.265514724444983,19.324439038713088,6.285147427752522,-0.05407630794282179
Lower,310,black birch,2022,1.28,1.0,2.5,-0.488,normal,3.2512000000000003,hardwood,1.1291762675927257,4.144076902065303,5.265514724444983,-0.7855525382256436
Lower,310,black birch,2023,2.46,1.0,1.28,0.9218749999999999,normal,6.2484,hardwood,5.073755766954629,18.620683664723487,1.1291762675927257,3.493324835608965
Lower,310,black birch,2024,2.5,1.0,2.46,0.016260162601626032,normal,6.35,hardwood,5.265514724444983,19.324439038713088,5.073755766954629,0.03779428224339844
Lower,310,black birch,2025,2.6,1.0,2.5,0.040000000000000036,normal,6.604,hardwood,5.762587222808233,21.148695107706214,5.265514724444983,0.09440150191881666
Lower,313,Sugar Maple,2015,3.8,,,,initial,9.652,hardwood,13.793709769009748,50.62291485226577,,
Lower,313,Sugar Maple,2016,3.81,1.0,3.8,0.002631578947368482,normal,9.6774,hardwood,13.877340858749765,50.92984095161164,13.793709769009748,0.006062987487812037
Lower,313,Sugar Maple,2017,3.75,1.0,3.81,-0.015748031496063006,normal,9.525,hardwood,13.379834064723505,49.103991017535265,13.877340858749765,-0.03585029719238882
Lower,313,Sugar Maple,2018,3.75,1.0,3.75,0.0,normal,9.525,hardwood,13.379834064723505,49.103991017535265,13.379834064723505,0.0
Lower,313,Sugar Maple,2021,3.75,3.0,3.75,0.0,annualized,9.525,hardwood,13.379834064723505,49.103991017535265,13.379834064723505,0.0
Lower,313,Sugar Maple,2022,2.63,1.0,3.75,-0.2986666666666667,normal,6.6802,hardwood,5.916665719450596,21.714163190383687,13.379834064723505,-0.5577922946705196
Lower,313,Sugar Maple,2023,3.85,1.0,2.63,0.4638783269961978,normal,9.779,hardwood,14.214725893525964,52.168044029240285,5.916665719450596,1.4024892680342096
Lower,313,Sugar Maple,2024,3.8,1.0,3.85,-0.012987012987013056,normal,9.652,hardwood,13.793709769009748,50.62291485226577,14.214725893525964,-0.029618307638838524
Lower,313,Sugar Maple,2025,3.8,1.0,3.8,0.0,normal,9.652,hardwood,13.793709769009748,50.62291485226577,13.793709769009748,0.0
Lower,314,Sugar Maple,2015,3.2,,,,initial,8.128,hardwood,9.290172151347615,34.094931795445746,,
Lower,314,Sugar Maple,2016,3.5,1.0,3.2,0.09374999999999994,normal,8.89,hardwood,11.416561318986751,41.89878004068138,9.290172151347615,0.22888587347982414
Lower,314,Sugar Maple,2017,2.73,1.0,3.5,-0.22,normal,6.9342,hardwood,6.4469291849195764,23.660230108654844,11.416561318986751,-0.4353002620677241
Lower,314,Sugar Maple,2018,3.75,1.0,2.73,0.37362637362637363,normal,9.525,hardwood,13.379834064723505,49.103991017535265,6.4469291849195764,1.075380957498514
Lower,314,Sugar Maple,2021,1.8,3.0,3.75,-0.17333333333333334,annualized,4.572,hardwood,2.473463883486683,9.077612452396126,13.379834064723505,-0.271711645263522
Lower,314,Sugar Maple,2022,2.25,1.0,1.8,0.24999999999999997,normal,5.715,hardwood,4.132364321957084,15.165777061582498,2.473463883486683,0.6706790624862311
Lower,314,Sugar Maple,2023,2.6,1.0,2.25,0.15555555555555559,normal,6.604,hardwood,5.762587222808233,21.148695107706214,4.132364321957084,0.394501252512769
Lower,314,Sugar Maple,2025,9.9,2.0,2.6,1.403846153846154,annualized,25.146,hardwood,124.77849961247537,457.9370935777846,5.762587222808233,10.326603987754316
Lower,317,white pine,2015,9.2,,,,initial,23.368,softwood,65.99239173239569,242.19207765789218,,
Lower,317,white pine,2016,9.19,1.0,9.2,-0.0010869565217391072,normal,23.342599999999997,softwood,65.81321074507414,241.5344834344221,65.99239173239569,-0.0027151764410681934
Lower,317,white pine,2017,9.38,1.0,9.19,0.020674646354733546,normal,23.825200000000002,softwood,69.2678002949366,254.21282708241733,65.81321074507414,0.052490822294686844
Lower,317,white pine,2018,9.13,1.0,9.38,-0.026652452025586353,normal,23.1902,softwood,64.74425591968057,237.61141922522768,69.2678002949366,-0.06530515414081517
Lower,317,white pine,2021,9.7,3.0,9.13,0.020810514786418346,annualized,24.637999999999998,softwood,75.32751418099076,276.45197704423606,64.74425591968057,0.05448750168889838
Lower,317,white pine,2022,8.5,1.0,9.7,-0.1237113402061855,normal,21.59,softwood,54.14665275383766,198.7182156065842,75.32751418099076,-0.28118359748685545
Lower,317,white pine,2023,9.75,1.0,8.5,0.14705882352941177,normal,24.765,softwood,76.30198555755129,280.02828699621324,54.14665275383766,0.40917271293641266
Lower,317,white pine,2024,9.8,1.0,9.75,0.005128205128205201,normal,24.892000000000003,softwood,77.28398178063577,283.6322131349333,76.30198555755129,0.012869864603245509
Lower,317,white pine,2025,2.95,1.0,9.8,-0.6989795918367347,normal,7.493,softwood,3.8421944485217794,14.10085362607493,77.28398178063577,-0.9502847244668691
Lower,318,Musclewood,2015,3.0,,,,initial,7.62,hardwood,8.00862018634041,29.391636083869304,,
Lower,318,Musclewood,2016,2.69,1.0,3.0,-0.10333333333333335,normal,6.8326,hardwood,6.231736128169562,22.87047159038229,8.00862018634041,-0.22187143563151132
Lower,318,Musclewood,2017,2.88,1.0,2.69,0.07063197026022303,normal,7.3152,hardwood,7.29090657839054,26.75762714269328,6.231736128169562,0.16996394398555612
Lower,318,Musclewood,2018,2.81,1.0,2.88,-0.0243055555555555,normal,7.1374,hardwood,6.889748158522879,25.285375741778967,7.29090657839054,-0.05502174737180841
Lower,318,Musclewood,2021,3.1,3.0,2.81,0.03440094899169633,annualized,7.8740000000000006,hardwood,8.635961696844225,31.693979427418306,6.889748158522879,0.08448366559239244
Lower,318,Musclewood,2022,2.9,1.0,3.1,-0.06451612903225812,normal,7.366,hardwood,7.4078845743540365,27.186936387879314,8.635961696844225,-0.14220502193044182
Lower,318,Musclewood,2023,2.9,1.0,2.9,0.0,normal,7.366,hardwood,7.4078845743540365,27.186936387879314,7.4078845743540365,0.0
Lower,318,Musclewood,2024,3.0,1.0,2.9,0.03448275862068969,normal,7.62,hardwood,8.00862018634041,29.391636083869304,7.4078845743540365,0.0810940837369564
Lower,318,Musclewood,2025,3.0,1.0,3.0,0.0,normal,7.62,hardwood,8.00862018634041,29.391636083869304,8.00862018634041,0.0
Lower,319,Musclewood,2015,2.63,,,,initial,6.6802,hardwood,5.916665719450596,21.714163190383687,,
Lower,319,Musclewood,2016,2.75,1.0,2.63,0.045627376425855556,normal,6.985,hardwood,6.556076423102267,24.06080047278532,5.916665719450596,0.10806943200283499
Lower,319,Musclewood,2017,3.99,1.0,2.75,0.450909090909091,normal,10.1346,hardwood,15.43179593467449,56.63469108025538,6.556076423102267,1.3538157487450895
Lower,319,Musclewood,2018,2.7,1.0,3.99,-0.3233082706766917,normal,6.8580000000000005,hardwood,6.285147427752522,23.066491059851753,15.43179593467449,-0.5927144543409816
Lower,319,Musclewood,2021,4.0,3.0,2.7,0.1604938271604938,annualized,10.16,hardwood,15.520896100149127,56.961688687547294,6.285147427752522,0.4898187236157999
Lower,319,Musclewood,2022,4.1,1.0,4.0,0.02499999999999991,normal,10.414,hardwood,16.427886061758493,60.29034184665367,15.520896100149127,0.05843670080367662
Lower,319,Musclewood,2023,2.92,1.0,4.1,-0.28780487804878047,normal,7.4168,hardwood,7.525916056949695,27.620111929005382,16.427886061758493,-0.541881649978762
Lower,319,Musclewood,2024,2.94,1.0,2.92,0.006849315068493157,normal,7.4676,hardwood,7.645003200576318,28.05716174611509,7.525916056949695,0.0158236077476115
Lower,319,Musclewood,2025,6.0,1.0,2.94,1.0408163265306123,normal,15.24,hardwood,39.43907200405727,144.7413942548902,7.645003200576318,4.15880385780403
Lower,321,Burning Bush,2015,1.75,,,,initial,4.445,hardwood,2.3182823223737237,8.508096123111565,,
Lower,321,Burning Bush,2016,1.75,1.0,1.75,0.0,normal,4.445,hardwood,2.3182823223737237,8.508096123111565,2.3182823223737237,0.0
Lower,321,Burning Bush,2017,5.0,1.0,1.75,1.8571428571428572,normal,12.7,hardwood,25.930436145543343,95.16470065414407,2.3182823223737237,10.185193406035545
Lower,321,Burning Bush,2018,4.2,1.0,5.0,-0.15999999999999998,normal,10.668000000000001,hardwood,17.36409605187606,63.726232510385145,25.930436145543343,-0.33035850402152134
Lower,321,Burning Bush,2021,5.3,3.0,4.2,0.08730158730158727,annualized,13.462,hardwood,29.64922266914349,108.81264719575661,17.36409605187606,0.2358338835215883
Lower,321,Burning Bush,2022,2.41,1.0,5.3,-0.5452830188679245,normal,6.1214,hardwood,4.839695183744366,17.761681324341822,29.64922266914349,-0.8367682270206318
Lower,321,Burning Bush,2023,6.36,1.0,2.41,1.6390041493775933,normal,16.154400000000003,hardwood,45.095185485865855,165.4993307331277,4.839695183744366,8.317773903888032
Lower,321,Burning Bush,2024,6.0,1.0,6.36,-0.05660377358490571,normal,15.24,hardwood,39.43907200405727,144.7413942548902,45.095185485865855,-0.12542610526752068
Lower,321,Burning Bush,2025,2.29,1.0,6.0,-0.6183333333333333,normal,5.8166,hardwood,4.303288084606035,15.79306727050415,39.43907200405727,-0.8908876942093531
Lower,322,Pignut hickory,2015,2.2,,,,initial,5.588000000000001,hardwood,3.9241985910482433,14.401808829147052,,
Lower,322,Pignut hickory,2016,1.94,1.0,2.2,-0.11818181818181828,normal,4.9276,hardwood,2.9384803471622503,10.784222874085458,3.9241985910482433,-0.25118969415426173
Lower,322,Pignut hickory,2017,2.05,1.0,1.94,0.05670103092783499,normal,5.207,hardwood,3.3358974551826344,12.242743660520269,2.9384803471622503,0.13524579410720844
Lower,322,Pignut hickory,2018,1.94,1.0,2.05,-0.0536585365853658,normal,4.9276,hardwood,2.9384803471622503,10.784222874085458,3.3358974551826344,-0.11913349057026881
Lower,322,Pignut hickory,2021,2.25,3.0,1.94,0.05326460481099657,annualized,5.715,hardwood,4.132364321957084,15.165777061582498,2.9384803471622503,0.13543099762975463
Lower,322,Pignut hickory,2022,2.3,1.0,2.25,0.022222222222222143,normal,5.842,hardwood,4.346631614612262,15.952138025627,4.132364321957084,0.05185101698721981
Lower,322,Pignut hickory,2023,2.33,1.0,2.3,0.013043478260869674,normal,5.918200000000001,hardwood,4.47813755810549,16.434764838247148,4.346631614612262,0.030254678830186323
Lower,322,Pignut hickory,2024,2.35,1.0,2.33,0.00858369098712447,normal,5.969,hardwood,4.567040835923054,16.761039867837606,4.47813755810549,0.01985273490686941
Lower,322,Pignut hickory,2025,2.9,1.0,2.35,0.23404255319148928,normal,7.366,hardwood,7.4078845743540365,27.186936387879314,4.567040835923054,0.6220316043784211
Lower,324,black birch,2015,2.7,,,,initial,6.8580000000000005,hardwood,6.285147427752522,23.066491059851753,,
Lower,324,black birch,2016,1.88,1.0,2.7,-0.3037037037037038,normal,4.7752,hardwood,2.7336434258813203,10.032471372984444,6.285147427752522,-0.5650629587763175
Lower,324,black birch,2017,1.94,1.0,1.88,0.03191489361702131,normal,4.9276,hardwood,2.9384803471622503,10.784222874085458,2.7336434258813203,0.0749318361500974
Lower,324,black birch,2018,2.13,1.0,1.94,0.09793814432989688,normal,5.4102,hardwood,3.64293900305432,13.369586141209354,2.9384803471622503,0.23973570439985406
Lower,324,black birch,2021,2.37,3.0,2.13,0.037558685446009425,annualized,6.0198,hardwood,4.656933190049562,17.090944807481893,3.64293900305432,0.0927816968794598
Lower,324,black birch,2022,1.38,1.0,2.37,-0.41772151898734183,normal,3.5052,hardwood,1.3424580094211813,4.9268208945757355,4.656933190049562,-0.7117291671073138
Lower,324,black birch,2023,2.3,1.0,1.38,0.6666666666666666,normal,5.842,hardwood,4.346631614612262,15.952138025627,1.3424580094211813,2.237815696363099
Lower,324,black birch,2024,2.44,1.0,2.3,0.06086956521739136,normal,6.1975999999999996,hardwood,4.979381623436866,18.274330558013297,4.346631614612262,0.1455724949631021
Lower,324,black birch,2025,5.0,1.0,2.44,1.0491803278688525,normal,12.7,hardwood,25.930436145543343,95.16470065414407,4.979381623436866,4.207561521995909
Lower,326,Musclewood,2015,2.5,,,,initial,6.35,hardwood,5.265514724444983,19.324439038713088,,
Lower,326,Musclewood,2016,4.35,1.0,2.5,0.7399999999999999,normal,11.049,hardwood,18.823661420095895,69.08283741175194,5.265514724444983,2.5748948403292182
Lower,326,Musclewood,2017,2.69,1.0,4.35,-0.3816091954022988,normal,6.8326,hardwood,6.231736128169562,22.87047159038229,18.823661420095895,-0.6689413398863708
Lower,326,Musclewood,2018,4.8,1.0,2.69,0.7843866171003717,normal,12.192,hardwood,23.606611760229864,86.63626516004359,6.231736128169562,2.788127622015311
Lower,326,Musclewood,2021,2.9,3.0,4.8,-0.13194444444444445,annualized,7.366,hardwood,7.4078845743540365,27.186936387879314,23.606611760229864,-0.22873150045708632
Lower,326,Musclewood,2022,2.0,1.0,2.9,-0.31034482758620685,normal,5.08,hardwood,3.1517212627355704,11.566817034239543,7.4078845743540365,-0.5745450362919027
Lower,326,Musclewood,2023,2.3,1.0,2.0,0.1499999999999999,normal,5.842,hardwood,4.346631614612262,15.952138025627,3.1517212627355704,0.3791294509462922
Lower,326,Musclewood,2024,3.0,1.0,2.3,0.3043478260869566,normal,7.62,hardwood,8.00862018634041,29.391636083869304,4.346631614612262,0.8424888273065242
Lower,326,Musclewood,2025,1.5,1.0,3.0,-0.5,normal,3.81,hardwood,1.6262552344654801,5.968356710488312,8.00862018634041,-0.796936900910941
Lower,329,Muscle Wood,2015,1.51,,,,initial,3.8354,hardwood,1.651299275639427,6.0602683415966965,,
Lower,329,Muscle Wood,2016,1.6,1.0,1.51,0.05960264900662257,normal,4.064,hardwood,1.8864911481235163,6.923422513613304,1.651299275639427,0.14242837500974304
Lower,329,Muscle Wood,2017,3.1,1.0,1.6,0.9375,normal,7.8740000000000006,hardwood,8.635961696844225,31.693979427418306,1.8864911481235163,3.577790733571358
Lower,329,Muscle Wood,2018,3.0,1.0,3.1,-0.03225806451612906,normal,7.62,hardwood,8.00862018634041,29.391636083869304,8.635961696844225,-0.0726429241497284
Lower,329,Muscle Wood,2021,1.6,3.0,3.0,-0.15555555555555556,annualized,4.064,hardwood,1.8864911481235163,6.923422513613304,8.00862018634041,-0.2548141417526939
Lower,329,Muscle Wood,2022,1.56,1.0,1.6,-0.025000000000000022,normal,3.9624,hardwood,1.7797761711023588,6.531778547945657,1.8864911481235163,-0.056567971245084496
Lower,329,Muscle Wood,2023,1.56,1.0,1.56,0.0,normal,3.9624,hardwood,1.7797761711023588,6.531778547945657,1.7797761711023588,0.0
Lower,329,Muscle Wood,2024,1.56,1.0,1.56,0.0,normal,3.9624,hardwood,1.7797761711023588,6.531778547945657,1.7797761711023588,0.0
Lower,329,Muscle Wood,2025,2.37,1.0,1.56,0.5192307692307693,normal,6.0198,hardwood,4.656933190049562,17.090944807481893,1.7797761711023588,1.6165836275721954
Lower,330,Musclewood ,2015,2.75,,,,initial,6.985,hardwood,6.556076423102267,24.06080047278532,,
Lower,330,Musclewood ,2016,2.44,1.0,2.75,-0.11272727272727275,normal,6.1975999999999996,hardwood,4.979381623436866,18.274330558013297,6.556076423102267,-0.24049365777821816
Lower,330,Musclewood ,2017,2.48,1.0,2.44,0.016393442622950834,normal,6.2992,hardwood,5.16913265435467,18.97071684148164,4.979381623436866,0.03810734851586545
Lower,330,Musclewood ,2018,2.5,1.0,2.48,0.008064516129032265,normal,6.35,hardwood,5.265514724444983,19.324439038713088,5.16913265435467,0.018645694845752615
Lower,330,Musclewood ,2021,2.5,3.0,2.5,0.0,annualized,6.35,hardwood,5.265514724444983,19.324439038713088,5.265514724444983,0.0
Lower,330,Musclewood ,2022,2.5,1.0,2.5,0.0,normal,6.35,hardwood,5.265514724444983,19.324439038713088,5.265514724444983,0.0
Lower,330,Musclewood ,2023,2.44,1.0,2.5,-0.02400000000000002,normal,6.1975999999999996,hardwood,4.979381623436866,18.274330558013297,5.265514724444983,-0.05434095543969391
Lower,330,Musclewood ,2024,2.45,1.0,2.44,0.0040983606557378,normal,6.223000000000001,hardwood,5.026443505177434,18.447047664001182,4.979381623436866,0.009451350649457731
Lower,330,Musclewood ,2025,2.28,1.0,2.45,-0.06938775510204097,normal,5.7912,hardwood,4.260189912756195,15.634896979815235,5.026443505177434,-0.15244448517763462
Lower,331,Musclewood ,2015,2.31,,,,initial,5.8674,hardwood,4.390220823715434,16.11211042303564,,
Lower,331,Musclewood ,2016,2.4,1.0,2.31,0.0389610389610389,normal,6.096,hardwood,4.7936317430245,17.592628496899916,4.390220823715434,0.0918885257729839
Lower,331,Musclewood ,2017,2.2,1.0,2.4,-0.08333333333333323,normal,5.588000000000001,hardwood,3.9241985910482433,14.401808829147052,4.7936317430245,-0.18137253727122885
Lower,331,Musclewood ,2018,2.3,1.0,2.2,0.04545454545454529,normal,5.842,hardwood,4.346631614612262,15.952138025627,3.9241985910482433,0.1076482277241675
Lower,331,Musclewood ,2021,6.1,3.0,2.3,0.5507246376811594,annualized,15.494,hardwood,40.967308485507594,150.35002214181287,4.346631614612262,2.8083567628004173
Lower,331,Musclewood ,2022,2.3,1.0,6.1,-0.6229508196721312,normal,5.842,hardwood,4.346631614612262,15.952138025627,40.967308485507594,-0.8938999955012933
Lower,331,Musclewood ,2023,2.28,1.0,2.3,-0.008695652173913052,normal,5.7912,hardwood,4.260189912756195,15.634896979815235,4.346631614612262,-0.01988705497044479
Lower,331,Musclewood ,2024,2.3,1.0,2.28,0.008771929824561412,normal,5.842,hardwood,4.346631614612262,15.952138025627,4.260189912756195,0.020290574745796364
Lower,331,Musclewood ,2025,2.0,1.0,2.3,-0.1304347826086956,normal,5.08,hardwood,3.1517212627355704,11.566817034239543,4.346631614612262,-0.27490490518214356
Lower,333,Red Maple ,2015,1.56,,,,initial,3.9624,hardwood,1.7797761711023588,6.531778547945657,,
Lower,333,Red Maple ,2016,1.5,1.0,1.56,-0.03846153846153849,normal,3.81,hardwood,1.6262552344654801,5.968356710488312,1.7797761711023588,-0.0862585639304243
Lower,333,Red Maple ,2017,1.56,1.0,1.5,0.040000000000000036,normal,3.9624,hardwood,1.7797761711023588,6.531778547945657,1.6262552344654801,0.09440150191881662
Lower,333,Red Maple ,2018,1.8,1.0,1.56,0.15384615384615383,normal,4.572,hardwood,2.473463883486683,9.077612452396126,1.7797761711023588,0.3897612091045514
Lower,333,Red Maple ,2021,1.7,3.0,1.8,-0.018518518518518535,annualized,4.318,hardwood,2.1687591817568883,7.95934619704778,2.473463883486683,-0.04106315624336402
Lower,333,Red Maple ,2022,1.9,1.0,1.7,0.11764705882352938,normal,4.826,hardwood,2.800993453630146,10.279645974822635,2.1687591817568883,0.29151889116664925
Lower,333,Red Maple ,2023,1.6,1.0,1.9,-0.15789473684210517,normal,4.064,hardwood,1.8864911481235163,6.923422513613304,2.800993453630146,-0.3264921252569925
Lower,333,Red Maple ,2024,1.99,1.0,1.6,0.24374999999999994,normal,5.0546,hardwood,3.115594204846891,11.434230731788091,1.8864911481235163,0.6515286636494202
Lower,333,Red Maple ,2025,2.9,1.0,1.99,0.457286432160804,normal,7.366,hardwood,7.4078845743540365,27.186936387879314,3.115594204846891,1.3776795331143197
Lower,334,Musclewood ,2015,2.8,,,,initial,7.111999999999999,hardwood,6.833485601954647,25.078892159173552,,
Lower,334,Musclewood ,2016,2.88,1.0,2.8,0.0285714285714286,normal,7.3152,hardwood,7.29090657839054,26.75762714269328,6.833485601954647,0.06693816349083292
Lower,334,Musclewood ,2017,2.8,1.0,2.88,-0.027777777777777804,normal,7.111999999999999,hardwood,6.833485601954647,25.078892159173552,7.29090657839054,-0.06273855953546839
Lower,334,Musclewood ,2018,2.9,1.0,2.8,0.03571428571428575,normal,7.366,hardwood,7.4078845743540365,27.186936387879314,6.833485601954647,0.08405651315561258
Lower,334,Musclewood ,2021,2.9,3.0,2.9,0.0,annualized,7.366,hardwood,7.4078845743540365,27.186936387879314,7.4078845743540365,0.0
Lower,334,Musclewood ,2022,1.59,1.0,2.9,-0.45172413793103444,normal,4.038600000000001,hardwood,1.8594829370740942,6.824302379061925,7.4078845743540365,-0.7489859732005557
Lower,334,Musclewood ,2023,2.88,1.0,1.59,0.811320754716981,normal,7.3152,hardwood,7.29090657839054,26.75762714269328,1.8594829370740942,2.9209322296136895
Lower,334,Musclewood ,2024,2.88,1.0,2.88,0.0,normal,7.3152,hardwood,7.29090657839054,26.75762714269328,7.29090657839054,0.0
Lower,334,Musclewood ,2025,3.49,1.0,2.88,0.21180555555555566,normal,8.864600000000001,hardwood,11.34167749056589,41.62395639037682,7.29090657839054,0.5555922118356857
Lower,335,Black Oak,2015,2.1,,,,initial,5.3340000000000005,hardwood,3.5260071571740457,12.940446266828747,,
Lower,335,Black Oak,2016,2.94,1.0,2.1,0.3999999999999999,normal,7.4676,hardwood,7.645003200576318,28.05716174611509,3.5260071571740457,1.1681757466151839
Lower,335,Black Oak,2017,3.0,1.0,2.94,0.02040816326530614,normal,7.62,hardwood,8.00862018634041,29.391636083869304,7.645003200576318,0.04756269895827916
Lower,335,Black Oak,2018,3.1,1.0,3.0,0.03333333333333336,normal,7.8740000000000006,hardwood,8.635961696844225,31.693979427418306,8.00862018634041,0.07833328287609584
Lower,335,Black Oak,2021,3.25,3.0,3.1,0.016129032258064505,annualized,8.255,hardwood,9.627433818896398,35.332682115349776,8.635961696844225,0.03826912612077622
Lower,335,Black Oak,2022,3.31,1.0,3.25,0.018461538461538477,normal,8.4074,hardwood,10.041144045419015,36.850998646687785,9.627433818896398,0.04297201458924613
Lower,335,Black Oak,2023,3.44,1.0,3.31,0.03927492447129906,normal,8.7376,hardwood,10.971429822304144,40.26514744785621,10.041144045419015,0.09264738885102884
Lower,335,Black Oak,2024,3.27,1.0,3.44,-0.04941860465116277,normal,8.3058,hardwood,9.764244431955508,35.83477706527671,10.971429822304144,-0.1100299058464115
Lower,335,Black Oak,2025,7.33,1.0,3.27,1.2415902140672785,normal,18.6182,hardwood,62.50545966023232,229.3950369530526,9.764244431955508,5.401464045253752
Lower,336,Pignut Hickory,2015,7.0,,,,initial,17.78,hardwood,56.22174274992082,206.33379589220942,,
Lower,336,Pignut Hickory,2016,7.3,1.0,7.0,0.04285714285714283,normal,18.541999999999998,hardwood,61.91863730426167,227.24139890664034,56.22174274992082,0.1013290281605309
Lower,336,Pignut Hickory,2017,7.2,1.0,7.3,-0.013698630136986254,normal,18.288,hardwood,59.98512295785456,220.14540125532622,61.91863730426167,-0.03122669410352216
Lower,336,Pignut Hickory,2018,7.3,1.0,7.2,0.01388888888888884,normal,18.541999999999998,hardwood,61.91863730426167,227.24139890664034,59.98512295785456,0.03223323135914215
Lower,336,Pignut Hickory,2021,7.1,3.0,7.3,-0.009132420091324209,annualized,18.034,hardwood,58.08620639542944,213.17637747122606,61.91863730426167,-0.02063154205628518
Lower,336,Pignut Hickory,2022,7.19,1.0,7.1,0.012676056338028275,normal,18.262600000000003,hardwood,59.793676780544274,219.44279378459748,58.08620639542944,0.029395453603752387
Lower,336,Pignut Hickory,2023,7.25,1.0,7.19,0.008344923504867817,normal,18.415,hardwood,60.947546409011,223.67749532107035,59.793676780544274,0.019297519246084725
Lower,336,Pignut Hickory,2024,7.19,1.0,7.25,-0.008275862068965464,normal,18.262600000000003,hardwood,59.793676780544274,219.44279378459748,60.947546409011,-0.01893217523020951
Lower,336,Pignut Hickory,2025,3.22,1.0,7.19,-0.5521557719054242,normal,8.1788,hardwood,9.42426124627311,34.587038773822314,59.793676780544274,-0.8423869921754069
Lower,337,Musclewood,2015,2.94,,,,initial,7.4676,hardwood,7.645003200576318,28.05716174611509,,
Lower,337,Musclewood,2016,3.1,1.0,2.94,0.05442176870748304,normal,7.8740000000000006,hardwood,8.635961696844225,31.693979427418306,7.645003200576318,0.12962172418622447
Lower,337,Musclewood,2017,3.1,1.0,3.1,0.0,normal,7.8740000000000006,hardwood,8.635961696844225,31.693979427418306,8.635961696844225,0.0
Lower,337,Musclewood,2018,3.13,1.0,3.1,0.009677419354838646,normal,7.9502,hardwood,8.829391782098607,32.40386784030189,8.635961696844225,0.022398210187183454
Lower,337,Musclewood,2021,3.5,3.0,3.13,0.03940362087326944,annualized,8.89,hardwood,11.416561318986751,41.89878004068138,8.829391782098607,0.09767262195543948
Lower,337,Musclewood,2022,3.19,1.0,3.5,-0.08857142857142859,normal,8.1026,hardwood,9.223534629485762,33.850372090212744,11.416561318986751,-0.1920917015400944
Lower,337,Musclewood,2023,3.31,1.0,3.19,0.037617554858934206,normal,8.4074,hardwood,10.041144045419015,36.850998646687785,9.223534629485762,0.0886438278574379
Lower,337,Musclewood,2024,3.12,1.0,3.31,-0.05740181268882173,normal,7.9248,hardwood,8.764645960228298,32.166250674037855,10.041144045419015,-0.1271267576101632
Lower,337,Musclewood,2025,3.81,1.0,3.12,0.22115384615384612,normal,9.6774,hardwood,13.877340858749765,50.92984095161164,8.764645960228298,0.5833315939652961
Lower,338,musclewood,2015,3.23,,,,initial,8.2042,hardwood,9.49171332685186,34.83458790954633,,
Lower,338,musclewood,2016,3.3,1.0,3.23,0.02167182662538695,normal,8.382,hardwood,9.971508719079994,36.595436999023576,9.49171332685186,0.050548870968405935
Lower,338,musclewood,2017,4.6,1.0,3.3,0.3939393939393939,normal,11.684,hardwood,21.405324916793116,78.55754244463074,9.971508719079994,1.1466485684192478
Lower,338,musclewood,2018,4.75,1.0,4.6,0.032608695652173995,normal,12.065,hardwood,23.044862105096374,84.5746439257037,21.405324916793116,0.07659482837455049
Lower,338,musclewood,2021,3.6,3.0,4.75,-0.0807017543859649,annualized,9.144,hardwood,12.180764967060203,44.70340742911094,23.044862105096374,-0.15714416932344577
Lower,338,musclewood,2022,6.17,1.0,3.6,0.7138888888888888,normal,15.6718,hardwood,42.05665122608745,154.34790999974095,12.180764967060203,2.452710181981101
Lower,338,musclewood,2023,3.88,1.0,6.17,-0.3711507293354943,normal,9.8552,hardwood,14.470774652530535,53.107742974787065,42.05665122608745,-0.6559218522954007
Lower,338,musclewood,2024,5.31,1.0,3.88,0.36855670103092775,normal,13.4874,hardwood,29.77804693536682,109.28543225279623,14.470774652530535,1.05780600212439
Lower,338,musclewood,2025,19.6,1.0,5.31,2.6911487758945394,normal,49.784000000000006,hardwood,600.2992154145862,2203.0981205715316,29.77804693536682,19.15911979444234
Lower,340,Red Oak,2015,17.6,,,,initial,44.70400000000001,hardwood,468.66006410115403,1719.9824352512353,,
Lower,340,Red Oak,2016,17.1,1.0,17.6,-0.028409090909090908,normal,43.434000000000005,hardwood,438.60125045486575,1609.6665891693572,468.66006410115403,-0.06413777479405731
Lower,340,Red Oak,2017,17.8,1.0,17.1,0.04093567251461984,normal,45.212,hardwood,480.99971265257443,1765.2689454349481,438.60125045486575,0.09666744486874575
Lower,340,Red Oak,2018,18.06,1.0,17.8,0.014606741573033596,normal,45.8724,hardwood,497.3127885212884,1825.1379338731283,480.99971265257443,0.033914938906620236
Lower,340,Red Oak,2021,18.5,3.0,18.06,0.008121077888519774,annualized,46.99,hardwood,525.6223056483336,1929.0338617293844,497.3127885212884,0.018974991045522114
Lower,340,Red Oak,2022,19.38,1.0,18.5,0.04756756756756751,normal,49.2252,hardwood,584.9146363342475,2146.636715346688,525.6223056483336,0.11280406110767915
Lower,340,Red Oak,2023,19.0,1.0,19.38,-0.019607843137254853,normal,48.26,hardwood,558.8716682502761,2051.0590224785133,584.9146363342475,-0.04452439119524645
Lower,340,Red Oak,2024,19.06,1.0,19.0,0.003157894736842038,normal,48.4124,hardwood,562.939176036406,2065.98677605361,558.8716682502761,0.007278071187370302
Lower,340,Red Oak,2025,2.43,1.0,19.06,-0.8725078698845751,normal,6.1722,hardwood,4.932569814705535,18.102531219969315,562.939176036406,-0.9912378281265922
Lower,342,Black Birch,2015,4.72,,,,initial,11.9888,hardwood,22.711478557264556,83.35112630516092,,
Lower,342,Black Birch,2016,4.75,1.0,4.72,0.006355932203389884,normal,12.065,hardwood,23.044862105096374,84.5746439257037,22.711478557264556,0.014679077233621217
Lower,342,Black Birch,2017,4.6,1.0,4.75,-0.03157894736842113,normal,11.684,hardwood,21.405324916793116,78.55754244463074,23.044862105096374,-0.07114545449767193
Lower,342,Black Birch,2018,3.8,1.0,4.6,-0.17391304347826084,normal,9.652,hardwood,13.793709769009748,50.62291485226577,21.405324916793116,-0.3555944690104577
Lower,342,Black Birch,2021,5.2,3.0,3.8,0.1228070175438597,annualized,13.208,hardwood,28.37830826309261,104.14839132554988,13.793709769009748,0.3524456373790997
Lower,342,Black Birch,2022,1.38,1.0,5.2,-0.7346153846153847,normal,3.5052,hardwood,1.3424580094211813,4.9268208945757355,28.37830826309261,-0.9526942199311044
Lower,342,Black Birch,2023,5.38,1.0,1.38,2.8985507246376816,normal,13.6652,hardwood,30.688668478542535,112.62741331625111,1.3424580094211813,21.860058387803402
Lower,342,Black Birch,2024,5.31,1.0,5.38,-0.01301115241635693,normal,13.4874,hardwood,29.77804693536682,109.28543225279623,30.688668478542535,-0.029672891927925122
Lower,342,Black Birch,2025,5.42,1.0,5.31,0.02071563088512247,normal,13.7668,hardwood,31.21599414956081,114.56269852888818,29.77804693536682,0.04828883564174141
Lower,343,musclewood,2015,3.44,,,,initial,8.7376,hardwood,10.971429822304144,40.26514744785621,,
Lower,343,musclewood,2016,3.5,1.0,3.44,0.017441860465116296,normal,8.89,hardwood,11.416561318986751,41.89878004068138,10.971429822304144,0.04057187658236549
Lower,343,musclewood,2017,3.4,1.0,3.5,-0.0285714285714286,normal,8.636,hardwood,10.680223002041938,39.19641841749391,11.416561318986751,-0.06449738203746322
Lower,343,musclewood,2018,3.5,1.0,3.4,0.02941176470588238,normal,8.89,hardwood,11.416561318986751,41.89878004068138,10.680223002041938,0.06894409571822928
Lower,343,musclewood,2021,3.5,3.0,3.5,0.0,annualized,8.89,hardwood,11.416561318986751,41.89878004068138,11.416561318986751,0.0
Lower,343,musclewood,2022,3.32,1.0,3.5,-0.051428571428571476,normal,8.4328,hardwood,10.111053401895585,37.1075659849568,11.416561318986751,-0.11435211361936023
Lower,343,musclewood,2023,2.5,1.0,3.32,-0.24698795180722888,normal,6.35,hardwood,5.265514724444983,19.324439038713088,10.111053401895585,-0.4792318351856571
Lower,343,musclewood,2024,3.5,1.0,2.5,0.4,normal,8.89,hardwood,11.416561318986751,41.89878004068138,5.265514724444983,1.1681757466151852
Lower,343,musclewood,2025,3.51,1.0,3.5,0.0028571428571427964,normal,8.9154,hardwood,11.491723804660406,42.17462636310369,11.416561318986751,0.006583636138199769
Lower,344,White Ash,2015,2.8,,,,initial,7.111999999999999,hardwood,6.833485601954647,25.078892159173552,,
Lower,344,White Ash,2016,3.31,1.0,2.8,0.18214285714285725,normal,8.4074,hardwood,10.041144045419015,36.850998646687785,6.833485601954647,0.46940297094455746
Lower,344,White Ash,2017,3.25,1.0,3.31,-0.018126888217522674,normal,8.255,hardwood,9.627433818896398,35.332682115349776,10.041144045419015,-0.04120150300118053
Lower,344,White Ash,2018,3.4,1.0,3.25,0.04615384615384613,normal,8.636,hardwood,10.680223002041938,39.19641841749391,9.627433818896398,0.1093530428720436
Lower,344,White Ash,2021,3.5,3.0,3.4,0.00980392156862746,annualized,8.89,hardwood,11.416561318986751,41.89878004068138,10.680223002041938,0.022981365239409763
Lower,344,White Ash,2022,3.45,1.0,3.5,-0.014285714285714235,normal,8.763,hardwood,11.044923960425043,40.53487093475991,11.416561318986751,-0.032552477771362054
Lower,344,White Ash,2023,3.5,1.0,3.45,0.014492753623188354,normal,8.89,hardwood,11.416561318986751,41.89878004068138,11.044923960425043,0.033647796933081495
Lower,344,White Ash,2024,3.5,1.0,3.5,0.0,normal,8.89,hardwood,11.416561318986751,41.89878004068138,11.416561318986751,0.0
Lower,344,White Ash,2025,3.6,1.0,3.5,0.0285714285714286,normal,9.144,hardwood,12.180764967060203,44.70340742911094,11.416561318986751,0.06693816349083263
Lower,346,Black Birch ,2015,9.31,,,,initial,23.6474,hardwood,108.33357569988588,397.58422281858117,,
Lower,346,Black Birch ,2016,9.3,1.0,9.31,-0.0010741138560687203,normal,23.622000000000003,hardwood,108.06612856699694,396.6026918408788,108.33357569988588,-0.0024687372419964207
Lower,346,Black Birch ,2017,9.38,1.0,9.3,0.008602150537634416,normal,23.825200000000002,hardwood,110.21617624914825,404.49336683437406,108.06612856699694,0.01989566676128646
Lower,346,Black Birch ,2018,9.4,1.0,9.38,0.0021321961620468627,normal,23.876,hardwood,110.75743127900908,406.4797727939633,110.21617624914825,0.004910849280756263
Lower,346,Black Birch ,2021,14.5,3.0,9.4,0.1808510638297872,annualized,36.83,hardwood,300.14092507413557,1101.5171950220774,110.75743127900908,0.5699647467086594
Lower,346,Black Birch ,2022,9.9,1.0,14.5,-0.3172413793103448,normal,25.146,hardwood,124.77849961247537,457.9370935777846,300.14092507413557,-0.5842669586573215
Lower,346,Black Birch ,2023,4.5,1.0,9.9,-0.5454545454545455,normal,11.43,hardwood,20.350148995533267,74.68504681360709,124.77849961247537,-0.8369098117164838
Lower,346,Black Birch ,2024,10.12,1.0,4.5,1.2488888888888887,normal,25.7048,hardwood,131.24839171552162,481.6815975959643,20.350148995533267,5.449505197447441
Lower,346,Black Birch ,2025,15.14,1.0,10.12,0.4960474308300397,normal,38.455600000000004,hardwood,331.4883916433261,1216.5623973310069,131.24839171552162,1.5256567894700064
Lower,347,Norway Maple,2015,3.29,,,,initial,8.3566,hardwood,9.902147174249505,36.34088012949568,,
Lower,347,Norway Maple,2016,3.3,1.0,3.29,0.0030395136778114855,normal,8.382,hardwood,9.971508719079994,36.595436999023576,9.902147174249505,0.007004697426722093
Lower,347,Norway Maple,2017,3.38,1.0,3.3,0.024242424242424267,normal,8.5852,hardwood,10.536278031024223,38.6681403738589,9.971508719079994,0.05663830096879626
Lower,347,Norway Maple,2018,3.5,1.0,3.38,0.03550295857988169,normal,8.89,hardwood,11.416561318986751,41.89878004068138,10.536278031024223,0.08354784159743336
Lower,347,Norway Maple,2021,3.8,3.0,3.5,0.028571428571428553,annualized,9.652,hardwood,13.793709769009748,50.62291485226577,11.416561318986751,0.06940643461149107
Lower,347,Norway Maple,2022,4.0,1.0,3.8,0.052631578947368474,normal,10.16,hardwood,15.520896100149127,56.961688687547294,13.793709769009748,0.12521550475274162
Lower,347,Norway Maple,2023,4.0,1.0,4.0,0.0,normal,10.16,hardwood,15.520896100149127,56.961688687547294,15.520896100149127,0.0
Lower,347,Norway Maple,2024,4.12,1.0,4.0,0.030000000000000027,normal,10.4648,hardwood,16.612783621256593,60.968915890011694,15.520896100149127,0.07034951552165698
Lower,347,Norway Maple,2025,4.29,1.0,4.12,0.04126213592233008,normal,10.8966,hardwood,18.231843474259765,66.91086555053333,16.612783621256593,0.09745867338761535
Lower,348,Musclewood,2015,5.1,,,,initial,12.953999999999999,hardwood,27.138773514041727,99.59929879653313,,
Lower,348,Musclewood,2016,3.25,1.0,5.1,-0.3627450980392156,normal,8.255,hardwood,9.627433818896398,35.332682115349776,27.138773514041727,-0.6452516981316375
Lower,348,Musclewood,2017,3.2,1.0,3.25,-0.01538461538461533,normal,8.128,hardwood,9.290172151347615,34.094931795445746,9.627433818896398,-0.03503131508282265
Lower,348,Musclewood,2018,3.3,1.0,3.2,0.03124999999999989,normal,8.382,hardwood,9.971508719079994,36.595436999023576,9.290172151347615,0.07333949862635698
Lower,348,Musclewood,2021,3.3,3.0,3.3,0.0,annualized,8.382,hardwood,9.971508719079994,36.595436999023576,9.971508719079994,0.0
Lower,348,Musclewood,2022,3.25,1.0,3.3,-0.015151515151515098,normal,8.255,hardwood,9.627433818896398,35.332682115349776,9.971508719079994,-0.03450580146665525
Lower,348,Musclewood,2023,3.3,1.0,3.25,0.01538461538461533,normal,8.382,hardwood,9.971508719079994,36.595436999023576,9.627433818896398,0.035739004459138184
Lower,348,Musclewood,2024,3.88,1.0,3.3,0.17575757575757578,normal,9.8552,hardwood,14.470774652530535,53.107742974787065,9.971508719079994,0.4512121545700919
Lower,348,Musclewood,2025,3.3,1.0,3.88,-0.14948453608247425,normal,8.382,hardwood,9.971508719079994,36.595436999023576,14.470774652530535,-0.3109208761442322
Lower,349,Musclewood,2015,2.4,,,,initial,6.096,hardwood,4.7936317430245,17.592628496899916,,
Lower,349,Musclewood,2016,2.88,1.0,2.4,0.2,normal,7.3152,hardwood,7.29090657839054,26.75762714269328,4.7936317430245,0.5209567545525318
Lower,349,Musclewood,2017,2.8,1.0,2.88,-0.027777777777777804,normal,7.111999999999999,hardwood,6.833485601954647,25.078892159173552,7.29090657839054,-0.06273855953546839
Lower,349,Musclewood,2018,2.8,1.0,2.8,0.0,normal,7.111999999999999,hardwood,6.833485601954647,25.078892159173552,6.833485601954647,0.0
Lower,349,Musclewood,2021,2.9,3.0,2.8,0.011904761904761918,annualized,7.366,hardwood,7.4078845743540365,27.186936387879314,6.833485601954647,0.028018837718537522
Lower,349,Musclewood,2022,2.78,1.0,2.9,-0.04137931034482763,normal,7.0611999999999995,hardwood,6.721742050465637,24.66879332520889,7.4078845743540365,-0.09262327416166995
Lower,349,Musclewood,2023,2.83,1.0,2.78,0.017985611510791463,normal,7.1882,hardwood,7.00305622771647,25.701216355719442,6.721742050465637,0.04185137946960419
Lower,349,Musclewood,2024,2.88,1.0,2.83,0.017667844522968136,normal,7.3152,hardwood,7.29090657839054,26.75762714269328,7.00305622771647,0.04110353270259706
Lower,349,Musclewood,2025,2.8,1.0,2.88,-0.027777777777777804,normal,7.111999999999999,hardwood,6.833485601954647,25.078892159173552,7.29090657839054,-0.06273855953546839
Lower,350,Musclewood,2015,3.44,,,,initial,8.7376,hardwood,10.971429822304144,40.26514744785621,,
Lower,350,Musclewood,2016,3.44,1.0,3.44,0.0,normal,8.7376,hardwood,10.971429822304144,40.26514744785621,10.971429822304144,0.0
Lower,350,Musclewood,2017,3.45,1.0,3.44,0.0029069767441861137,normal,8.763,hardwood,11.044923960425043,40.53487093475991,10.971429822304144,0.006698683700413539
Lower,350,Musclewood,2018,3.5,1.0,3.45,0.014492753623188354,normal,8.89,hardwood,11.416561318986751,41.89878004068138,11.044923960425043,0.033647796933081495
Lower,350,Musclewood,2021,10.6,3.0,3.5,0.6761904761904761,annualized,26.924,hardwood,146.0098993965418,535.8563307853084,11.416561318986751,3.929768760689626
Lower,350,Musclewood,2022,3.55,1.0,10.6,-0.6650943396226415,normal,9.017,hardwood,11.795165084982617,43.288255861886206,146.0098993965418,-0.919216675487539
Lower,350,Musclewood,2023,2.61,1.0,3.55,-0.2647887323943662,normal,6.6293999999999995,hardwood,5.8136914467490275,21.33624760956893,11.795165084982617,-0.5071123290888985
Lower,350,Musclewood,2024,3.5,1.0,2.61,0.3409961685823755,normal,8.89,hardwood,11.416561318986751,41.89878004068138,5.8136914467490275,0.9637370547710795
Lower,350,Musclewood,2025,6.2,1.0,3.5,0.7714285714285715,normal,15.748000000000001,hardwood,42.52846398772181,156.07946283493902,11.416561318986751,2.7251553072283867
Lower,351,Musclewood,2015,2.2,,,,initial,5.588000000000001,hardwood,3.9241985910482433,14.401808829147052,,
Lower,351,Musclewood,2016,2.25,1.0,2.2,0.022727272727272645,normal,5.715,hardwood,4.132364321957084,15.165777061582498,3.9241985910482433,0.05304668611412831
Lower,351,Musclewood,2017,2.25,1.0,2.25,0.0,normal,5.715,hardwood,4.132364321957084,15.165777061582498,4.132364321957084,0.0
Lower,351,Musclewood,2018,2.4,1.0,2.25,0.06666666666666662,normal,6.096,hardwood,4.7936317430245,17.592628496899916,4.132364321957084,0.1600215686583608
Lower,351,Musclewood,2021,2.6,3.0,2.4,0.027777777777777804,annualized,6.604,hardwood,5.762587222808233,21.148695107706214,4.7936317430245,0.06737796669464774
Lower,351,Musclewood,2022,2.3,1.0,2.6,-0.11538461538461549,normal,5.842,hardwood,4.346631614612262,15.952138025627,5.762587222808233,-0.24571525834639696
Lower,351,Musclewood,2023,1.28,1.0,2.3,-0.44347826086956516,normal,3.2512000000000003,hardwood,1.1291762675927257,4.144076902065303,4.346631614612262,-0.7402180889227593
Lower,351,Musclewood,2024,2.3,1.0,1.28,0.7968749999999998,normal,5.842,hardwood,4.346631614612262,15.952138025627,1.1291762675927257,2.849382722042841
Lower,351,Musclewood,2025,2.25,1.0,2.3,-0.021739130434782532,normal,5.715,hardwood,4.132364321957084,15.165777061582498,4.346631614612262,-0.049295020064471555
Lower,354,Musclewood,2015,2.6,,,,initial,6.604,hardwood,5.762587222808233,21.148695107706214,,
Lower,354,Musclewood,2016,2.69,1.0,2.6,0.03461538461538456,normal,6.8326,hardwood,6.231736128169562,22.87047159038229,5.762587222808233,0.08141289445553977
Lower,354,Musclewood,2017,2.7,1.0,2.69,0.003717472118959194,normal,6.8580000000000005,hardwood,6.285147427752522,23.066491059851753,6.231736128169562,0.00857085384946302
Lower,354,Musclewood,2018,3.8,1.0,2.7,0.4074074074074073,normal,9.652,hardwood,13.793709769009748,50.62291485226577,6.285147427752522,1.1946517448584624
Lower,354,Musclewood,2021,2.8,3.0,3.8,-0.08771929824561404,annualized,7.111999999999999,hardwood,6.833485601954647,25.078892159173552,13.793709769009748,-0.16819802367918454
Lower,354,Musclewood,2022,3.15,1.0,2.8,0.12500000000000003,normal,8.001,hardwood,8.95969209904525,32.88207000349607,6.833485601954647,0.31114523699039115
Lower,354,Musclewood,2023,2.97,1.0,3.15,-0.05714285714285705,normal,7.543800000000001,hardwood,7.825618011381311,28.720018101769412,8.95969209904525,-0.12657511833300464
Lower,354,Musclewood,2024,3.0,1.0,2.97,0.010101010101010034,normal,7.62,hardwood,8.00862018634041,29.391636083869304,7.825618011381311,0.023385012492680674
Lower,354,Musclewood,2025,3.0,1.0,3.0,0.0,normal,7.62,hardwood,8.00862018634041,29.391636083869304,8.00862018634041,0.0
Lower,355,Musclewood,2015,6.6,,,,initial,16.764,hardwood,49.10546900846182,180.21707126105485,,
Lower,355,Musclewood,2016,1.75,1.0,6.6,-0.7348484848484849,normal,4.445,hardwood,2.3182823223737237,8.508096123111565,49.10546900846182,-0.9527897326064793
Lower,355,Musclewood,2017,1.8,1.0,1.75,0.0285714285714286,normal,4.572,hardwood,2.473463883486683,9.077612452396126,2.3182823223737237,0.06693816349083262
Lower,355,Musclewood,2018,1.9,1.0,1.8,0.05555555555555548,normal,4.826,hardwood,2.800993453630146,10.279645974822635,2.473463883486683,0.13241736510895216
Lower,355,Musclewood,2021,1.9,3.0,1.9,0.0,annualized,4.826,hardwood,2.800993453630146,10.279645974822635,2.800993453630146,0.0
Lower,355,Musclewood,2022,2.0,1.0,1.9,0.052631578947368474,normal,5.08,hardwood,3.1517212627355704,11.566817034239543,2.800993453630146,0.12521550475274187
Lower,355,Musclewood,2023,1.97,1.0,2.0,-0.015000000000000013,normal,5.0038,hardwood,3.044045444974771,11.171646783057408,3.1517212627355704,-0.03416413089377742
Lower,355,Musclewood,2024,2.0,1.0,1.97,0.0152284263959391,normal,5.08,hardwood,3.1517212627355704,11.566817034239543,3.044045444974771,0.035372605208163016
Lower,355,Musclewood,2025,2.0,1.0,2.0,0.0,normal,5.08,hardwood,3.1517212627355704,11.566817034239543,3.1517212627355704,0.0
Lower,362,black birch ,2015,2.44,,,,initial,6.1975999999999996,hardwood,4.979381623436866,18.274330558013297,,
Lower,362,black birch ,2016,2.6,1.0,2.44,0.06557377049180334,normal,6.604,hardwood,5.762587222808233,21.148695107706214,4.979381623436866,0.1572897316576398
Lower,362,black birch ,2017,2.65,1.0,2.6,0.019230769230769162,normal,6.731,hardwood,6.020663040777856,22.09583335965473,5.762587222808233,0.04478471353078394
Lower,362,black birch ,2018,2.7,1.0,2.65,0.018867924528301987,normal,6.8580000000000005,hardwood,6.285147427752522,23.066491059851753,6.020663040777856,0.043929445176273355
Lower,362,black birch ,2021,2.8,3.0,2.7,0.012345679012345633,annualized,7.111999999999999,hardwood,6.833485601954647,25.078892159173552,6.285147427752522,0.029081162136886832
Lower,362,black birch ,2022,2.56,1.0,2.8,-0.08571428571428563,normal,6.502400000000001,hardwood,5.560716214113794,20.40782850579762,6.833485601954647,-0.18625478445096758
Lower,362,black birch ,2023,3.0,1.0,2.56,0.17187499999999997,normal,7.62,hardwood,8.00862018634041,29.391636083869304,5.560716214113794,0.44021379224739615
Lower,362,black birch ,2024,3.0,1.0,3.0,0.0,normal,7.62,hardwood,8.00862018634041,29.391636083869304,8.00862018634041,0.0
Lower,362,black birch ,2025,3.2,1.0,3.0,0.06666666666666672,normal,8.128,hardwood,9.290172151347615,34.094931795445746,8.00862018634041,0.16002156865836067
Lower,363,black birch,2015,2.38,,,,initial,6.0451999999999995,hardwood,4.702251058134278,17.2572613833528,,
Lower,363,black birch,2016,2.3,1.0,2.38,-0.033613445378151294,normal,5.842,hardwood,4.346631614612262,15.952138025627,4.702251058134278,-0.07562748971194154
Lower,363,black birch,2017,2.44,1.0,2.3,0.06086956521739136,normal,6.1975999999999996,hardwood,4.979381623436866,18.274330558013297,4.346631614612262,0.1455724949631021
Lower,363,black birch,2018,2.5,1.0,2.44,0.024590163934426253,normal,6.35,hardwood,5.265514724444983,19.324439038713088,4.979381623436866,0.057463581353425636
Lower,363,black birch,2021,2.5,3.0,2.5,0.0,annualized,6.35,hardwood,5.265514724444983,19.324439038713088,5.265514724444983,0.0
Lower,363,black birch,2022,2.6,1.0,2.5,0.040000000000000036,normal,6.604,hardwood,5.762587222808233,21.148695107706214,5.265514724444983,0.09440150191881666
Lower,363,black birch,2023,2.55,1.0,2.6,-0.019230769230769332,normal,6.476999999999999,hardwood,5.510883455237382,20.22494228072119,5.762587222808233,-0.04367895145684071
Lower,363,black birch,2024,2.6,1.0,2.55,0.01960784313725501,normal,6.604,hardwood,5.762587222808233,21.148695107706214,5.510883455237382,0.04567394132271831
Lower,363,black birch,2025,2.4,1.0,2.6,-0.07692307692307698,normal,6.096,hardwood,4.7936317430245,17.592628496899916,5.762587222808233,-0.16814591125816228
Lower,364,White Pine ,2015,10.1,,,,initial,25.654,softwood,83.33505659165701,305.8396576913812,,
Lower,364,White Pine ,2016,11.06,1.0,10.1,0.09504950495049513,normal,28.0924,softwood,104.5712062310204,383.77632686784483,83.33505659165701,0.2548285260478172
Lower,364,White Pine ,2017,11.2,1.0,11.06,0.012658227848101156,normal,28.447999999999997,softwood,107.91190439512755,396.0366891301181,104.5712062310204,0.03194663506823119
Lower,364,White Pine ,2018,11.25,1.0,11.2,0.004464285714285778,normal,28.575,softwood,109.1203138288181,400.47155175176243,107.91190439512755,0.0111981105371458
Lower,364,White Pine ,2021,11.6,3.0,11.25,0.01037037037037036,annualized,29.464,softwood,117.80650539312292,432.3498747927611,109.1203138288181,0.026533988828548877
Lower,364,White Pine ,2022,11.8,1.0,11.6,0.01724137931034492,normal,29.972,softwood,122.95022235269694,451.22731603439775,117.80650539312292,0.043662418661934876
Lower,364,White Pine ,2023,11.49,1.0,11.8,-0.026271186440678006,normal,29.1846,softwood,115.03351010266054,422.1729820767642,122.95022235269694,-0.06438957245092565
Lower,364,White Pine ,2024,11.76,1.0,11.49,0.02349869451697124,normal,29.8704,softwood,121.91091884660871,447.41307216705394,115.03351010266054,0.05978613308252951
Lower,364,White Pine ,2025,11.9,1.0,11.76,0.011904761904761953,normal,30.226000000000003,softwood,125.57167973036172,460.8480646104275,121.91091884660871,0.030028162517248123
Lower,365,Red Oak ,2015,24.1,,,,initial,61.214000000000006,hardwood,965.6461416061517,3543.9213396945765,,
Lower,365,Red Oak ,2016,27.94,1.0,24.1,0.15933609958506223,normal,70.9676,hardwood,1356.7490798347683,4979.2691229936,965.6461416061517,0.40501682901989144
Lower,365,Red Oak ,2017,27.5,1.0,27.94,-0.015748031496063037,normal,69.85,hardwood,1308.109222107191,4800.760845133391,1356.7490798347683,-0.03585029719238936
Lower,365,Red Oak ,2018,27.56,1.0,27.5,0.0021818181818181355,normal,70.0024,hardwood,1314.6828634654687,4824.88610891827,1308.109222107191,0.0050253000645377206
Lower,365,Red Oak ,2021,28.1,3.0,27.56,0.006531204644412225,annualized,71.37400000000001,hardwood,1374.6854860326932,5045.095733739984,1314.6828634654687,0.015213459264505113
Lower,365,Red Oak ,2022,28.6,1.0,28.1,0.01779359430604982,normal,72.644,hardwood,1431.5966973479653,5253.959879267033,1374.6854860326932,0.04139944146752898
Lower,365,Red Oak ,2023,28.28,1.0,28.6,-0.011188811188811197,normal,71.83120000000001,hardwood,1395.0232423360314,5119.735299373236,1431.5966973479653,-0.02554731725749736
Lower,365,Red Oak ,2024,28.81,1.0,28.28,0.018741159830268656,normal,73.17739999999999,hardwood,1455.8891372309947,5343.11313363775,1395.0232423360314,0.04363073893524562
Lower,365,Red Oak ,2025,28.61,1.0,28.81,-0.006942034015966654,normal,72.6694,hardwood,1432.7482430698885,5258.18605206649,1455.8891372309947,-0.01589468151752176
Lower,367,black birch,2015,11.9,,,,initial,30.226000000000003,hardwood,190.51835491677102,699.2023625445496,,
Lower,367,black birch,2016,12.1,1.0,11.9,0.01680672268907557,normal,30.733999999999998,hardwood,197.96351814207748,726.5261115814243,190.51835491677102,0.039078456396282234
Lower,367,black birch,2017,12.4,1.0,12.1,0.024793388429752126,normal,31.496000000000002,hardwood,209.43472338649661,768.6254348284425,197.96351814207748,0.05794605668801213
Lower,367,black birch,2018,12.6,1.0,12.4,0.016129032258064457,normal,32.004,hardwood,217.28565992568332,797.4383719272578,209.43472338649661,0.037486317513349354
Lower,367,black birch,2021,12.8,3.0,12.6,0.005291005291005319,annualized,32.512,hardwood,225.30028536849798,826.8520473023875,217.28565992568332,0.012295067309942509
Lower,367,black birch,2022,12.48,1.0,12.8,-0.025000000000000022,normal,31.6992,hardwood,212.55550530426345,780.0787044666469,225.30028536849798,-0.05656797124508453
Lower,367,black birch,2023,13.0,1.0,12.48,0.04166666666666663,normal,33.02,hardwood,233.4793749165397,856.8693059437007,212.55550530426345,0.09843955621062228
Lower,367,black birch,2024,12.79,1.0,13.0,-0.01615384615384622,normal,32.486599999999996,hardwood,224.89565448317308,825.3670519532452,233.4793749165397,-0.03676436274696641
Lower,367,black birch,2025,12.96,1.0,12.79,0.01329163408913227,normal,32.918400000000005,hardwood,231.8303629540023,850.8174320411885,224.89565448317308,0.030835226615497355
Lower,368,sugar maple,2015,4.0,,,,initial,10.16,hardwood,15.520896100149127,56.961688687547294,,
Lower,368,sugar maple,2016,4.6,1.0,4.0,0.1499999999999999,normal,11.684,hardwood,21.405324916793116,78.55754244463074,15.520896100149127,0.3791294509462924
Lower,368,sugar maple,2017,4.25,1.0,4.6,-0.07608695652173907,normal,10.795,hardwood,17.84322495219531,65.48463557455679,21.405324916793116,-0.16641186146178197
Lower,368,sugar maple,2018,9.5,1.0,4.25,1.2352941176470589,normal,24.13,hardwood,113.48621294797347,416.49440151906265,17.84322495219531,5.360185070356964
Lower,368,sugar maple,2021,5.0,3.0,9.5,-0.15789473684210525,annualized,12.7,hardwood,25.930436145543343,95.16470065414407,113.48621294797347,-0.25717008415394954
Lower,368,sugar maple,2022,12.5,1.0,5.0,1.5,normal,31.75,hardwood,213.33977932886583,782.9569901369376,25.930436145543343,7.227388777088984
Lower,368,sugar maple,2023,11.1,1.0,12.5,-0.11200000000000003,normal,28.194,hardwood,162.33855010300397,595.7824788780246,213.33977932886583,-0.23906103862253864
Lower,368,sugar maple,2024,4.63,1.0,11.1,-0.5828828828828829,normal,11.7602,hardwood,21.727766776672528,79.74090407038818,162.33855010300397,-0.8661576885903796
Lower,368,sugar maple,2025,4.7,1.0,4.63,0.01511879049676032,normal,11.938,hardwood,22.490747242659054,82.54104238055872,21.727766776672528,0.03511545727772084
Lower,370,Black Birch,2015,6.63,,,,initial,16.8402,hardwood,49.620361846010255,182.10672797485762,,
Lower,370,Black Birch,2016,6.75,1.0,6.63,0.018099547511312233,normal,17.145,hardwood,51.71035140944077,189.77698967264763,49.620361846010255,0.042119595377327144
Lower,370,Black Birch,2017,6.9,1.0,6.75,0.022222222222222275,normal,17.526,hardwood,54.39158571878679,199.6171195879475,51.71035140944077,0.05185101698721991
Lower,370,Black Birch,2018,6.9,1.0,6.9,0.0,normal,17.526,hardwood,54.39158571878679,199.6171195879475,54.39158571878679,0.0
Lower,370,Black Birch,2021,7.4,3.0,6.9,0.024154589371980673,annualized,18.796000000000003,hardwood,63.88689289997424,234.46489694290545,54.39158571878679,0.05819102995255986
Lower,370,Black Birch,2022,7.6,1.0,7.4,0.02702702702702693,normal,19.304,hardwood,67.92819488567018,249.29647523040956,63.88689289997424,0.06325713776726129
Lower,370,Black Birch,2023,7.59,1.0,7.6,-0.0013157894736841825,normal,19.2786,hardwood,67.72279851210013,248.54267053940745,67.92819488567018,-0.0030237278337184688
Lower,370,Black Birch,2024,7.78,1.0,7.59,0.025032938076416388,normal,19.761200000000002,hardwood,71.68559341544938,263.0861278346992,67.72279851210013,0.05851493131432261
Lower,370,Black Birch,2025,7.94,1.0,7.78,0.02056555269922881,normal,20.1676,hardwood,75.12179682578291,275.69699435062324,71.68559341544938,0.0479343651439032
Lower,371,red oak,2015,16.7,,,,initial,42.418,hardwood,415.3619362137748,1524.3783059045536,,
Lower,371,red oak,2016,17.8,1.0,16.7,0.06586826347305398,normal,45.212,hardwood,480.99971265257443,1765.2689454349481,415.3619362137748,0.15802549708121966
Lower,371,red oak,2017,16.9,1.0,17.8,-0.050561797752809105,normal,42.925999999999995,hardwood,426.8922123892106,1566.6944194684029,480.99971265257443,-0.11248967273800765
Lower,371,red oak,2018,17.0,1.0,16.9,0.005917159763313694,normal,43.18,hardwood,432.7243465602261,1588.0983518760297,426.8922123892106,0.013661842502055611
Lower,371,red oak,2021,17.4,3.0,17.0,0.007843137254901933,annualized,44.196,hardwood,456.5013673091518,1675.3600180245871,432.7243465602261,0.01831575608346816
Lower,371,red oak,2022,54.0,1.0,17.4,2.1034482758620694,normal,137.16,hardwood,6175.675375228168,22664.728627087377,456.5013673091518,12.52827355508418
Lower,371,red oak,2023,17.25,1.0,54.0,-0.6805555555555556,normal,43.815,hardwood,447.5007219108198,1642.3276494127085,6175.675375228168,-0.927538172795508
Lower,371,red oak,2024,17.94,1.0,17.25,0.04000000000000008,normal,45.567600000000006,hardwood,489.745462168956,1797.3658461600685,447.5007219108198,0.09440150191881697
Lower,371,red oak,2025,18.28,1.0,17.94,0.01895206243032329,normal,46.431200000000004,hardwood,511.35681916974863,1876.6795263529775,489.745462168956,0.0441277330168237
Lower,372,white pine,2015,6.5,,,,initial,16.51,softwood,27.689026811438836,101.61872839798053,,
Lower,372,white pine,2016,6.5,1.0,6.5,0.0,normal,16.51,softwood,27.689026811438836,101.61872839798053,27.689026811438836,0.0
Lower,372,white pine,2017,6.6,1.0,6.5,0.01538461538461533,normal,16.764,softwood,28.766308858213947,105.57235350964518,27.689026811438836,0.038906461180862655
Lower,372,white pine,2018,6.4,1.0,6.6,-0.030303030303030196,normal,16.256,softwood,26.636320702776494,97.75529697918974,28.766308858213947,-0.07404454168714991
Lower,372,white pine,2021,6.5,3.0,6.4,0.005208333333333314,annualized,16.51,softwood,27.689026811438836,101.61872839798053,26.636320702776494,0.013173817815769262
Lower,372,white pine,2022,6.6,1.0,6.5,0.01538461538461533,normal,16.764,softwood,28.766308858213947,105.57235350964518,27.689026811438836,0.038906461180862655
Lower,372,white pine,2023,6.35,1.0,6.6,-0.03787878787878788,normal,16.128999999999998,softwood,26.119124376036623,95.85718646005441,28.766308858213947,-0.09202378015285213
Lower,372,white pine,2024,6.44,1.0,6.35,0.01417322834645681,normal,16.3576,softwood,27.05446614675792,99.28989075860157,26.119124376036623,0.035810609776009215
Lower,372,white pine,2025,6.4,1.0,6.44,-0.006211180124223607,normal,16.256,softwood,26.636320702776494,97.75529697918974,27.05446614675792,-0.01545569007768188
Lower,373,black oak,2015,10.4,,,,initial,26.416,hardwood,139.75118271314534,512.8868405572434,,
Lower,373,black oak,2016,10.4,1.0,10.4,0.0,normal,26.416,hardwood,139.75118271314534,512.8868405572434,139.75118271314534,0.0
Lower,373,black oak,2017,10.69,1.0,10.4,0.027884615384615303,normal,27.1526,hardwood,148.8769742197109,546.378495386339,139.75118271314534,0.06530028103803055
Lower,373,black oak,2018,10.6,1.0,10.69,-0.008419083255378846,normal,26.924,hardwood,146.0098993965418,535.8563307853084,148.8769742197109,-0.01925801379424787
Lower,373,black oak,2021,10.6,3.0,10.6,0.0,annualized,26.924,hardwood,146.0098993965418,535.8563307853084,146.0098993965418,0.0
Lower,373,black oak,2022,10.7,1.0,10.6,0.00943396226415091,normal,27.177999999999997,hardwood,149.19748428997713,547.5547673442161,146.0098993965418,0.021831292991842246
Lower,373,black oak,2023,10.68,1.0,10.7,-0.001869158878504633,normal,27.1272,hardwood,148.55685368159183,545.203653011442,149.19748428997713,-0.0042938432335774355
Lower,373,black oak,2024,10.63,1.0,10.68,-0.004681647940074807,normal,27.000200000000003,hardwood,146.96209014335213,539.3508708261023,148.55685368159183,-0.010735038463172005
Lower,373,black oak,2025,10.87,1.0,10.63,0.022577610536218103,normal,27.6098,hardwood,154.7058595206403,567.7705044407498,146.96209014335213,0.052692292071612634
Lower,374,Shagbark Hickory,2015,12.7,,,,initial,32.257999999999996,hardwood,221.2724628837397,812.0699387833247,,
Lower,374,Shagbark Hickory,2016,12.7,1.0,12.7,0.0,normal,32.257999999999996,hardwood,221.2724628837397,812.0699387833247,221.2724628837397,0.0
Lower,374,Shagbark Hickory,2017,12.93,1.0,12.7,0.018110236220472475,normal,32.8422,hardwood,230.59793763625453,846.2944311250541,221.2724628837397,0.04214475959177344
Lower,374,Shagbark Hickory,2018,12.38,1.0,12.93,-0.04253673627223503,normal,31.445200000000003,hardwood,208.6586025198142,765.777071247718,230.59793763625453,-0.09514107255827876
Lower,374,Shagbark Hickory,2021,13.3,3.0,12.38,0.024771136241249325,annualized,33.782000000000004,hardwood,246.0580544890023,903.0330599746384,208.6586025198142,0.05974584243918509
Lower,374,Shagbark Hickory,2022,13.45,1.0,13.3,0.011278195488721696,normal,34.163,hardwood,252.4876066241652,926.6295163106863,246.0580544890023,0.02613022422092783
Lower,374,Shagbark Hickory,2023,14.0,1.0,13.45,0.04089219330855024,normal,35.56,hardwood,276.8683379803203,1016.1068003877755,252.4876066241652,0.09656209143146767
Lower,374,Shagbark Hickory,2024,13.65,1.0,14.0,-0.024999999999999974,normal,34.671,hardwood,261.2064577987751,958.6277001215045,276.8683379803203,-0.05656797124508488
Lower,374,Shagbark Hickory,2025,13.84,1.0,13.65,0.013919413919413882,normal,35.1536,hardwood,269.64465682409036,989.5958905444116,261.2064577987751,0.032304710597223375
Lower,375,Red Oak,2015,25.6,,,,initial,65.024,hardwood,1109.5087506257664,4071.8971147965626,,
Lower,375,Red Oak,2016,25.7,1.0,25.6,0.0039062499999999167,normal,65.278,hardwood,1119.502313178319,4108.57348936443,1109.5087506257664,0.009007195794459553
Lower,375,Red Oak,2017,26.38,1.0,25.7,0.026459143968871585,normal,67.0052,hardwood,1188.8055704038693,4362.916443382201,1119.502313178319,0.06190541672825601
Lower,375,Red Oak,2018,28.88,1.0,26.38,0.09476876421531463,normal,73.3552,hardwood,1464.0379893305064,5373.019420842958,1188.8055704038693,0.2315201289249791
Lower,375,Red Oak,2021,27.17,3.0,28.88,-0.019736842105263126,annualized,69.01180000000001,hardwood,1272.2866786860968,4669.292110777975,1464.0379893305064,-0.043658090851430256
Lower,375,Red Oak,2022,28.3,1.0,27.17,0.04158998895840997,normal,71.882,hardwood,1397.2934180770787,5128.0668443428785,1272.2866786860968,0.09825359448082693
Lower,375,Red Oak,2023,27.75,1.0,28.3,-0.01943462897526504,normal,70.485,hardwood,1335.6223652063522,4901.734080307313,1397.2934180770787,-0.044136079131895364
Lower,375,Red Oak,2024,28.0,1.0,27.75,0.009009009009009009,normal,71.12,hardwood,1363.4596301462536,5003.896842636751,1335.6223652063522,0.02084216741578789
Lower,375,Red Oak,2025,28.13,1.0,28.0,0.0046428571428571075,normal,71.4502,hardwood,1378.0633909802284,5057.492644897438,1363.4596301462536,0.010710812781753046
Lower,376,black birch,2015,3.5,,,,initial,8.89,hardwood,11.416561318986751,41.89878004068138,,
Lower,376,black birch,2016,3.56,1.0,3.5,0.017142857142857158,normal,9.0424,hardwood,11.87172442660931,43.56922864565617,11.416561318986751,0.03986866928709804
Lower,376,black birch,2017,3.75,1.0,3.56,0.05337078651685392,normal,9.525,hardwood,13.379834064723505,49.103991017535265,11.87172442660931,0.12703374707164825
Lower,376,black birch,2018,3.9,1.0,3.75,0.03999999999999997,normal,9.906,hardwood,14.642910495857947,53.739481519798666,13.379834064723505,0.09440150191881645
Lower,376,black birch,2021,4.3,3.0,3.9,0.034188034188034185,annualized,10.921999999999999,hardwood,18.32973808966056,67.27013878905424,14.642910495857947,0.08392747682335211
Lower,376,black birch,2022,4.7,1.0,4.3,0.09302325581395357,normal,11.938,hardwood,22.490747242659054,82.54104238055872,18.32973808966056,0.22700865296845885
Lower,376,black birch,2023,3.25,1.0,4.7,-0.30851063829787234,normal,8.255,hardwood,9.627433818896398,35.332682115349776,22.490747242659054,-0.5719380189985116
Lower,376,black birch,2024,4.63,1.0,3.25,0.42461538461538456,normal,11.7602,hardwood,21.727766776672528,79.74090407038818,9.627433818896398,1.2568596352255375
Lower,376,black birch,2025,4.75,1.0,4.63,0.025917926565874754,normal,12.065,hardwood,23.044862105096374,84.5746439257037,21.727766776672528,0.060618071887531155
Lower,378,Red oak,2015,14.1,,,,initial,35.814,hardwood,281.4380225865499,1032.877542892638,,
Lower,378,Red oak,2016,14.44,1.0,14.1,0.024113475177304954,normal,36.6776,hardwood,297.2920912975672,1091.0619750620715,281.4380225865499,0.056332362504933904
Lower,378,Red oak,2017,14.5,1.0,14.44,0.004155124653739647,normal,36.83,hardwood,300.14092507413557,1101.5171950220774,297.2920912975672,0.00958260868674404
Lower,378,Red oak,2018,14.3,1.0,14.5,-0.013793103448275813,normal,36.322,hardwood,290.7044620091394,1066.8853755735415,300.14092507413557,-0.03144010788487228
Lower,378,Red oak,2021,14.6,3.0,14.3,0.006993006993006967,annualized,37.083999999999996,hardwood,304.9231375962875,1119.0679149783753,290.7044620091394,0.01630370065974555
Lower,378,Red oak,2022,14.9,1.0,14.6,0.020547945205479503,normal,37.846000000000004,hardwood,319.52675505808435,1172.6631910631695,304.9231375962875,0.047892782348093715
Lower,378,Red oak,2023,15.05,1.0,14.9,0.010067114093959755,normal,38.227000000000004,hardwood,326.97365459782503,1199.993312374018,319.52675505808435,0.023306028123957784
Lower,378,Red oak,2024,15.27,1.0,15.05,0.014617940199335471,normal,38.7858,hardwood,338.0715282563517,1240.7225087008107,326.97365459782503,0.03394118609395909
Lower,378,Red oak,2025,15.28,1.0,15.27,0.0006548788474132146,normal,38.8112,hardwood,338.5809555802039,1242.5921069793483,338.0715282563517,0.001506862546158933
Lower,379,sugar maple,2015,7.4,,,,initial,18.796000000000003,hardwood,63.88689289997424,234.46489694290545,,
Lower,379,sugar maple,2016,7.8,1.0,7.4,0.05405405405405398,normal,19.812,hardwood,72.1101498083406,264.64424979661,63.88689289997424,0.12871586854664
Lower,379,sugar maple,2017,7.8,1.0,7.8,0.0,normal,19.812,hardwood,72.1101498083406,264.64424979661,72.1101498083406,0.0
Lower,379,sugar maple,2018,7.75,1.0,7.8,-0.0064102564102563875,normal,19.685,hardwood,71.05141434398648,260.7586906424304,72.1101498083406,-0.014682197543176598
Lower,379,sugar maple,2021,8.0,3.0,7.75,0.010752688172043012,annualized,20.32,hardwood,76.43385809522198,280.5122592094647,71.05141434398648,0.02525140327808759
Lower,379,sugar maple,2022,7.13,1.0,8.0,-0.10875000000000001,normal,18.1102,hardwood,58.65225718897592,215.25378388354164,76.43385809522198,-0.23264036840968538
Lower,379,sugar maple,2023,8.1,1.0,7.13,0.1360448807854137,normal,20.573999999999998,hardwood,78.64920825647395,288.6425943012594,58.65225718897592,0.34094086103231147
Lower,379,sugar maple,2024,8.49,1.0,8.1,0.04814814814814822,normal,21.564600000000002,hardwood,87.63276184317327,321.6122359644459,78.64920825647395,0.11422306448914367
Lower,379,sugar maple,2025,8.25,1.0,8.49,-0.02826855123674914,normal,20.955000000000002,hardwood,82.0394789260037,301.08488765843356,87.63276184317327,-0.06382639094702114
Lower,380,red oak,2015,26.88,,,,initial,68.2752,hardwood,1241.2696014425158,4555.459437294033,,
Lower,380,red oak,2016,26.2,1.0,26.88,-0.025297619047619038,normal,66.548,hardwood,1170.2314932373492,4294.749580181072,1241.2696014425158,-0.05723020053227038
Lower,380,red oak,2017,26.94,1.0,26.2,0.02824427480916038,normal,68.4276,hardwood,1247.6514389217746,4578.880780842913,1170.2314932373492,0.0661578039318096
Lower,380,red oak,2018,27.0,1.0,26.94,0.0022271714922048524,normal,68.58,hardwood,1254.0517806618188,4602.3700350288755,1247.6514389217746,0.0051299117208372476
Lower,380,red oak,2021,26.68,3.0,27.0,-0.003950617283950621,annualized,67.7672,hardwood,1220.1302927162405,4477.878174268602,1254.0517806618188,-0.009016503802226418
Lower,380,red oak,2022,27.2,1.0,26.68,0.019490254872563704,normal,69.088,hardwood,1275.520053488052,4681.158596301151,1220.1302927162405,0.04539659502142471
Lower,380,red oak,2023,27.1,1.0,27.2,-0.003676470588235216,normal,68.834,hardwood,1264.76017102021,4641.66982764417,1275.520053488052,-0.00843568271499769
Lower,380,red oak,2024,27.69,1.0,27.1,0.021771217712177115,normal,70.3326,hardwood,1328.9896839852722,4877.392140225949,1264.76017102021,0.050783946582735856
Lower,380,red oak,2025,27.32,1.0,27.69,-0.0133622246298303,normal,69.39280000000001,hardwood,1288.499962179604,4728.794861199146,1328.9896839852722,-0.030466543340088862
Lower,381,white pine,2015,7.1,,,,initial,18.034,softwood,34.527900542399,126.71739499060433,,
Lower,381,white pine,2016,7.1,1.0,7.1,0.0,normal,18.034,softwood,34.527900542399,126.71739499060433,34.527900542399,0.0
Lower,381,white pine,2017,7.13,1.0,7.1,0.0042253521126760915,normal,18.1102,softwood,34.89378853846375,128.06020393616197,34.527900542399,0.010596879344443562
Lower,381,white pine,2018,7.25,1.0,7.13,0.016830294530154295,normal,18.415,softwood,36.38055470968538,133.51663578454534,34.89378853846375,0.042608333273492165
Lower,381,white pine,2021,7.06,3.0,7.25,-0.008735632183908064,annualized,17.932399999999998,softwood,34.04364497775352,124.94017706835542,36.38055470968538,-0.021411710647627123
Lower,381,white pine,2022,6.13,1.0,7.06,-0.131728045325779,normal,15.5702,softwood,23.915280912028003,87.76908094714277,34.04364497775352,-0.2975111528846014
Lower,381,white pine,2023,7.35,1.0,6.13,0.199021207177814,normal,18.669,softwood,37.6480639842999,138.16839482238063,23.915280912028003,0.5742262916663088
Lower,381,white pine,2024,7.4,1.0,7.35,0.006802721088435471,normal,18.796000000000003,softwood,38.29160758189502,140.53019982555472,37.6480639842999,0.017093670417248855
Lower,381,white pine,2025,7.45,1.0,7.4,0.006756756756756733,normal,18.923000000000002,softwood,38.94170675800805,142.91606380188955,38.29160758189502,0.01697758901144724
Lower,383,red oak,2015,20.1,,,,initial,51.054,hardwood,636.1063685944783,2334.5103727417354,,
Lower,383,red oak,2016,20.5,1.0,20.1,0.019900497512437738,normal,52.07,hardwood,665.5990478926494,2442.7485057660233,636.1063685944783,0.04636438299358207
Lower,383,red oak,2017,20.5,1.0,20.5,0.0,normal,52.07,hardwood,665.5990478926494,2442.7485057660233,665.5990478926494,0.0
Lower,383,red oak,2018,20.65,1.0,20.5,0.007317073170731638,normal,52.451,hardwood,676.853907418,2484.05384022406,665.5990478926494,0.016909368426809644
Lower,383,red oak,2021,20.9,3.0,20.65,0.004035512510088782,annualized,53.086,hardwood,695.8494201422396,2553.7673719220193,676.853907418,0.009354806857658065
Lower,383,red oak,2022,21.25,1.0,20.9,0.01674641148325366,normal,53.975,hardwood,722.9435056262056,2653.2026656481744,695.8494201422396,0.03893670771246401
Lower,383,red oak,2023,21.1,1.0,21.25,-0.007058823529411698,normal,53.594,hardwood,711.2601201582737,2610.3246409808644,722.9435056262056,-0.01616085541540603
Lower,383,red oak,2024,21.67,1.0,21.1,0.027014218009478685,normal,55.0418,hardwood,756.2307062971148,2775.3666921104113,711.2601201582737,0.06322663799684704
Lower,383,red oak,2025,21.3,1.0,21.67,-0.017074296262113566,normal,54.102000000000004,hardwood,726.8618908524584,2667.5831394285224,756.2307062971148,-0.038835788073802106
Lower,384,sugar maple,2015,10.3,,,,initial,26.162000000000003,hardwood,136.67982952173418,501.61497434476445,,
Lower,384,sugar maple,2016,10.19,1.0,10.3,-0.010679611650485553,normal,25.8826,hardwood,133.34582873533412,489.37919145867625,136.67982952173418,-0.024392778349711777
Lower,384,sugar maple,2017,10.19,1.0,10.19,0.0,normal,25.8826,hardwood,133.34582873533412,489.37919145867625,133.34582873533412,0.0
Lower,384,sugar maple,2018,10.4,1.0,10.19,0.020608439646712547,normal,26.416,hardwood,139.75118271314534,512.8868405572434,133.34582873533412,0.048035653147610755
Lower,384,sugar maple,2021,9.1,3.0,10.4,-0.041666666666666685,annualized,23.114,hardwood,102.79547885319684,377.2594073912324,139.75118271314534,-0.08814643077906097
Lower,384,sugar maple,2022,10.6,1.0,9.1,0.16483516483516483,normal,26.924,hardwood,146.0098993965418,535.8563307853084,102.79547885319684,0.4203922295557364
Lower,384,sugar maple,2023,10.45,1.0,10.6,-0.014150943396226448,normal,26.543,hardwood,141.3013397534078,518.5759168950066,146.0098993965418,-0.03224822195340496
Lower,384,sugar maple,2024,10.5,1.0,10.45,0.004784688995215379,normal,26.67,hardwood,142.8611689815002,524.3004901621058,141.3013397534078,0.011039026458026152
Lower,384,sugar maple,2025,10.6,1.0,10.5,0.00952380952380949,normal,26.924,hardwood,146.0098993965418,535.8563307853084,142.8611689815002,0.022040491740966662
Lower,385,red oak,2015,57.0,,,,initial,144.78,hardwood,6993.442036184125,25665.932272795737,,
Lower,385,red oak,2016,48.06,1.0,57.0,-0.15684210526315787,normal,122.0724,hardwood,4723.690934455868,17335.945729453037,6993.442036184125,-0.32455421664818934
Lower,385,red oak,2017,49.2,1.0,48.06,0.0237203495630462,normal,124.968,hardwood,4985.383224512231,18296.35643395989,4723.690934455868,0.055399960261478885
Lower,385,red oak,2018,49.15,1.0,49.2,-0.0010162601626017126,normal,124.841,hardwood,4973.738094584439,18253.61880712489,4985.383224512231,-0.002335854517770141
Lower,385,red oak,2021,50.6,3.0,49.15,0.009833841980332336,annualized,128.524,hardwood,5317.714295976894,19516.011466235203,4973.738094584439,0.023052829002461788
Lower,385,red oak,2022,49.0,1.0,50.6,-0.03162055335968382,normal,124.46000000000001,hardwood,4938.895027797287,18125.744752016042,5317.714295976894,-0.0712372359805419
Lower,385,red oak,2023,48.5,1.0,49.0,-0.01020408163265306,normal,123.19,hardwood,4823.7502090723,17703.163267295342,4938.895027797287,-0.023313882574325713
Lower,385,red oak,2024,51.13,1.0,48.5,0.05422680412371139,normal,129.8702,hardwood,5446.695981194122,19989.37425098243,4823.7502090723,0.12914138276692125
Lower,385,red oak,2025,52.3,1.0,51.13,0.022882847643262167,normal,132.84199999999998,hardwood,5737.632078875869,21057.10972947444,5446.695981194122,0.053415152724930096
Lower,386,sugar maple,2015,9.0,,,,initial,22.86,hardwood,100.21588898634975,367.7923125799036,,
Lower,386,sugar maple,2016,9.2,1.0,9.0,0.022222222222222143,normal,23.368,hardwood,105.4121847485703,386.862718027253,100.21588898634975,0.05185101698721969
Lower,386,sugar maple,2017,9.06,1.0,9.2,-0.015217391304347697,normal,23.012400000000003,hardwood,101.75919584056739,373.4562487348823,105.4121847485703,-0.034654332577548214
Lower,386,sugar maple,2018,9.25,1.0,9.06,0.020971302428256015,normal,23.495,hardwood,106.7344943352872,391.715594210504,101.75919584056739,0.04889286372226178
Lower,386,sugar maple,2021,9.4,3.0,9.25,0.005405405405405418,annualized,23.876,hardwood,110.75743127900908,406.4797727939633,106.7344943352872,0.012563688895439793
Lower,386,sugar maple,2022,9.6,1.0,9.4,0.021276595744680774,normal,24.384,hardwood,116.25259274643757,426.64701537942585,110.75743127900908,0.049614381662442364
Lower,386,sugar maple,2023,24.75,1.0,9.6,1.578125,normal,62.865,hardwood,1026.601227333682,3767.6265043146122,116.25259274643757,7.830781345004805
Lower,386,sugar maple,2024,11.19,1.0,24.75,-0.5478787878787879,normal,28.4226,hardwood,165.38191279200612,606.9516199466624,1026.601227333682,-0.8389034530754061
Lower,386,sugar maple,2025,9.7,1.0,11.19,-0.13315460232350315,normal,24.637999999999998,hardwood,119.05668897201343,436.9380485272893,165.38191279200612,-0.28011058185216403
Lower,387,red oak,2015,17.2,,,,initial,43.687999999999995,hardwood,444.52300291672253,1631.3994207043716,,
Lower,387,red oak,2016,17.81,1.0,17.2,0.03546511627906974,normal,45.237399999999994,hardwood,481.62145610623054,1767.550743909866,444.52300291672253,0.08345676814492786
Lower,387,red oak,2017,17.63,1.0,17.81,-0.01010668163952834,normal,44.7802,hardwood,470.49946063851905,1726.733020543365,481.62145610623054,-0.023092815585147693
Lower,387,red oak,2018,17.9,1.0,17.63,0.015314804310833782,normal,45.465999999999994,hardwood,487.23758604354987,1788.161940779828,470.49946063851905,0.03557522761517166
Lower,387,red oak,2021,16.8,3.0,17.9,-0.02048417132216011,annualized,42.672000000000004,hardwood,421.1047687729014,1545.4545013965483,487.23758604354987,-0.04524337418743213
Lower,387,red oak,2022,18.3,1.0,16.8,0.08928571428571429,normal,46.482,hardwood,512.6445184971672,1881.4053828846033,421.1047687729014,0.21737998833642375
Lower,387,red oak,2023,27.4,1.0,18.3,0.4972677595628414,normal,69.596,hardwood,1297.1945223216103,4760.7038969203095,512.6445184971672,1.5303977230155021
Lower,387,red oak,2024,27.0,1.0,27.4,-0.01459854014598535,normal,68.58,hardwood,1254.0517806618188,4602.3700350288755,1297.1945223216103,-0.03325849818004025
Lower,387,red oak,2025,18.85,1.0,27.0,-0.3018518518518518,normal,47.879000000000005,hardwood,548.7757690770036,2014.0070725126031,1254.0517806618188,-0.5623978391168264
Lower,388,sugar maple,2015,7.75,,,,initial,19.685,hardwood,71.05141434398648,260.7586906424304,,
Lower,388,sugar maple,2016,7.88,1.0,7.75,0.016774193548387082,normal,20.0152,hardwood,73.82256176254042,270.9288016685233,71.05141434398648,0.03900200219995306
Lower,388,sugar maple,2017,7.9,1.0,7.88,0.0025380710659899065,normal,20.066000000000003,hardwood,74.25421677940489,272.5129755804159,73.82256176254042,0.005847196393061257
Lower,388,sugar maple,2018,8.0,1.0,7.9,0.01265822784810122,normal,20.32,hardwood,76.43385809522198,280.5122592094647,74.25421677940489,0.029353771547983493
Lower,388,sugar maple,2021,8.3,3.0,8.0,0.01250000000000003,annualized,21.082,hardwood,83.18756728330311,305.2983719297224,76.43385809522198,0.029453392150144163
Lower,388,sugar maple,2022,7.03,1.0,8.3,-0.15301204819277112,normal,17.8562,hardwood,56.77747296417937,208.37332577853826,83.18756728330311,-0.31747645930288687
Lower,388,sugar maple,2023,8.3,1.0,7.03,0.18065433854907545,normal,21.082,hardwood,83.18756728330311,305.2983719297224,56.77747296417937,0.4651509294150119
Lower,388,sugar maple,2024,8.31,1.0,8.3,0.001204819277108408,normal,21.107400000000002,hardwood,83.41826759733642,306.1450420822247,83.18756728330311,0.002773254725043732
Lower,388,sugar maple,2025,8.3,1.0,8.31,-0.00120336943441634,normal,21.082,hardwood,83.18756728330311,305.2983719297224,83.41826759733642,-0.002765585053227359
Lower,389,Red Oak ,2015,30.4,,,,initial,77.216,hardwood,1647.3582451417144,6045.804759670092,,
Lower,389,Red Oak ,2016,32.25,1.0,30.4,0.06085526315789479,normal,81.915,hardwood,1887.1097794403402,6925.692890546048,1647.3582451417144,0.14553697412550423
Lower,389,Red Oak ,2017,31.69,1.0,32.25,-0.017364341085271278,normal,80.49260000000001,hardwood,1812.5915946670625,6652.211152428119,1887.1097794403402,-0.03948799671600319
Lower,389,Red Oak ,2018,30.8,1.0,31.69,-0.028084569264752304,normal,78.232,hardwood,1697.6394527119674,6230.33679145292,1812.5915946670625,-0.06341866656190118
Lower,389,Red Oak ,2021,30.6,3.0,30.8,-0.0021645021645021567,annualized,77.724,hardwood,1672.3920428165893,6137.678797136883,1697.6394527119674,-0.004957356101152785
Lower,389,Red Oak ,2022,30.63,1.0,30.6,0.0009803921568626662,normal,77.8002,hardwood,1676.1655262879751,6151.527481476868,1672.3920428165893,0.002256339048965239
Lower,389,Red Oak ,2023,31.1,1.0,30.63,0.01534443356186753,normal,78.994,hardwood,1735.9120040948753,6370.7970550281925,1676.1655262879751,0.035644736077596315
Lower,389,Red Oak ,2024,33.1,1.0,31.1,0.06430868167202572,normal,84.074,hardwood,2003.4716312998712,7352.740886870527,1735.9120040948753,0.15413202199987353
Lower,389,Red Oak ,2025,33.2,1.0,33.1,0.0030211480362538194,normal,84.328,hardwood,2017.420381744014,7403.932801000532,2003.4716312998712,0.0069622899701818125
Lower,390,sugar maple,2015,10.3,,,,initial,26.162000000000003,hardwood,136.67982952173418,501.61497434476445,,
Lower,390,sugar maple,2016,10.63,1.0,10.3,0.03203883495145632,normal,27.000200000000003,hardwood,146.96209014335213,539.3508708261023,136.67982952173418,0.07522880777359263
Lower,390,sugar maple,2017,10.5,1.0,10.63,-0.012229539040451624,normal,26.67,hardwood,142.8611689815002,524.3004901621058,146.96209014335213,-0.027904619197044137
Lower,390,sugar maple,2018,10.44,1.0,10.5,-0.005714285714285762,normal,26.517599999999998,hardwood,140.99053501467685,517.435263503864,142.8611689815002,-0.01309406873931992
Lower,390,sugar maple,2021,10.8,3.0,10.44,0.011494252873563256,annualized,27.432000000000002,hardwood,152.42403326727535,559.3962020909005,140.99053501467685,0.027031361245652155
Lower,390,sugar maple,2022,9.66,1.0,10.8,-0.1055555555555556,normal,24.5364,hardwood,117.93051697541438,432.8049972997708,152.42403326727535,-0.2262997215890268
Lower,390,sugar maple,2023,10.3,1.0,9.66,0.06625258799171849,normal,26.162000000000003,hardwood,136.67982952173418,501.61497434476445,117.93051697541438,0.15898609645057837
Lower,390,sugar maple,2024,11.2,1.0,10.3,0.08737864077669888,normal,28.447999999999997,hardwood,165.72203734228694,608.199877046193,136.67982952173418,0.21248349461786978
Lower,390,sugar maple,2025,11.1,1.0,11.2,-0.008928571428571397,normal,28.194,hardwood,162.33855010300397,595.7824788780246,165.72203734228694,-0.020416640378941406
Lower,391,red maple,2015,7.44,,,,initial,18.8976,hardwood,64.68395456286956,237.39011324573127,,
Lower,391,red maple,2016,7.5,1.0,7.44,0.008064516129032206,normal,19.05,hardwood,65.89003184106538,241.81641685670994,64.68395456286956,0.018645694845753038
Lower,391,red maple,2017,7.31,1.0,7.5,-0.025333333333333385,normal,18.5674,hardwood,62.113897152402394,227.95800254931677,65.89003184106538,-0.05730965038492428
Lower,391,red maple,2018,7.25,1.0,7.31,-0.008207934336525256,normal,18.415,hardwood,60.947546409011,223.67749532107035,62.113897152402394,-0.018777613333931447
Lower,391,red maple,2021,7.5,3.0,7.25,0.011494252873563218,annualized,19.05,hardwood,65.89003184106538,241.81641685670994,60.947546409011,0.027031361245652183
Lower,391,red maple,2022,7.32,1.0,7.5,-0.023999999999999962,normal,18.5928,hardwood,62.309504556870024,228.675881723713,65.89003184106538,-0.05434095543969404
Lower,391,red maple,2023,7.3,1.0,7.32,-0.002732240437158533,normal,18.541999999999998,hardwood,61.91863730426167,227.24139890664034,62.309504556870024,-0.006272995675187991
Lower,391,red maple,2024,7.64,1.0,7.3,0.04657534246575341,normal,19.4056,hardwood,68.75329813265121,252.32460414682993,61.91863730426167,0.11038131854880354
Lower,391,red maple,2025,7.3,1.0,7.64,-0.044502617801047105,normal,18.541999999999998,hardwood,61.91863730426167,227.24139890664034,68.75329813265121,-0.0994084795059996
Lower,392,sugar maple,2015,5.4,,,,initial,13.716000000000001,hardwood,30.951696570906748,113.59272641522776,,
Lower,392,sugar maple,2016,7.0,1.0,5.4,0.2962962962962962,normal,17.78,hardwood,56.22174274992082,206.33379589220942,30.951696570906748,0.8164349285708241
Lower,392,sugar maple,2017,5.4,1.0,7.0,-0.2285714285714285,normal,13.716000000000001,hardwood,30.951696570906748,113.59272641522776,56.22174274992082,-0.4494710576905705
Lower,392,sugar maple,2018,5.63,1.0,5.4,0.0425925925925925,normal,14.3002,hardwood,34.068116192315905,125.02998642579936,30.951696570906748,0.1006865524889662
Lower,392,sugar maple,2021,5.8,3.0,5.63,0.010065127294256952,annualized,14.732,hardwood,36.480702833679814,133.8841793996049,34.068116192315905,0.023605518502449217
Lower,392,sugar maple,2022,4.48,1.0,5.8,-0.22758620689655162,normal,11.3792,hardwood,20.142725940431713,73.92380420138439,36.480702833679814,-0.4478525802459186
Lower,392,sugar maple,2023,5.76,1.0,4.48,0.28571428571428553,normal,14.6304,hardwood,35.90463560882084,131.7700126843725,20.142725940431713,0.7825112507116455
Lower,392,sugar maple,2024,6.05,1.0,5.76,0.05034722222222223,normal,15.366999999999999,hardwood,40.19908550050339,147.53064378684743,35.90463560882084,0.11960711531709603
Lower,392,sugar maple,2025,5.9,1.0,6.05,-0.02479338842975198,normal,14.986,hardwood,37.9435917037269,139.25298155267774,40.19908550050339,-0.056108087253582926
Lower,395,white pine,2015,20.5,,,,initial,52.07,softwood,489.11271494472794,1795.0436638471515,,
Lower,395,white pine,2016,19.88,1.0,20.5,-0.030243902439024438,normal,50.4952,softwood,452.9656304046413,1662.3838635850334,489.11271494472794,-0.07390338348527999
Lower,395,white pine,2017,19.25,1.0,19.88,-0.03169014084507037,normal,48.895,softwood,417.9276787857866,1533.794581143837,452.9656304046413,-0.07735234036974221
Lower,395,white pine,2018,18.6,1.0,19.25,-0.033766233766233694,normal,47.24400000000001,softwood,383.53646470362617,1407.578825462308,417.9276787857866,-0.08228986934313111
Lower,395,white pine,2021,19.8,3.0,18.6,0.021505376344086006,annualized,50.292,softwood,448.422376397807,1645.7101213799517,383.53646470362617,0.056392648996509157
Lower,395,white pine,2022,18.75,1.0,19.8,-0.053030303030303066,normal,47.625,softwood,391.31588721475873,1436.1293060781645,448.422376397807,-0.1273497759897415
Lower,395,white pine,2023,19.23,1.0,18.75,0.025600000000000022,normal,48.8442,softwood,416.84299806564997,1529.8138029009353,391.31588721475873,0.06523402623027584
Lower,395,white pine,2024,20.0,1.0,19.23,0.04004160166406654,normal,50.8,softwood,459.83210436506056,1687.5838230197721,416.84299806564997,0.1031302108921117
Lower,395,white pine,2025,20.3,1.0,20.0,0.015000000000000036,normal,51.562000000000005,softwood,477.2702840216828,1751.5819423595758,459.83210436506056,0.03792292771880514
Lower,396,Red Oak ,2015,26.8,,,,initial,68.072,hardwood,1232.7892478204246,4524.336539500959,,
Lower,396,Red Oak ,2016,26.56,1.0,26.8,-0.008955223880597088,normal,67.4624,hardwood,1207.5451396043582,4431.6906623479945,1232.7892478204246,-0.02047722938912563
Lower,396,Red Oak ,2017,27.1,1.0,26.56,0.020331325301204923,normal,68.834,hardwood,1264.76017102021,4641.66982764417,1207.5451396043582,0.047381277551742595
Lower,396,Red Oak ,2018,26.4,1.0,27.1,-0.02583025830258313,normal,67.056,hardwood,1190.8795661182157,4370.528007653852,1264.76017102021,-0.058414714975092076
Lower,396,Red Oak ,2021,27.1,3.0,26.4,0.008838383838383876,annualized,68.834,hardwood,1264.76017102021,4641.66982764417,1190.8795661182157,0.02067956240187944
Lower,396,Red Oak ,2022,27.2,1.0,27.1,0.0036900369003689247,normal,69.088,hardwood,1275.520053488052,4681.158596301151,1264.76017102021,0.008507448854246182
Lower,396,Red Oak ,2023,27.34,1.0,27.2,0.0051470588235294325,normal,69.4436,hardwood,1290.6705040517697,4736.7607498699945,1275.520053488052,0.011877861521884381
Lower,396,Red Oak ,2024,28.3,1.0,27.34,0.035113386978785695,normal,71.882,hardwood,1397.2934180770787,5128.0668443428785,1290.6705040517697,0.08261048322603666
Lower,396,Red Oak ,2025,27.62,1.0,28.3,-0.02402826855123674,normal,70.15480000000001,hardwood,1321.2751358264416,4849.07974848304,1397.2934180770787,-0.05440395071441165
Lower,397,Red Oak ,2015,33.25,,,,initial,84.455,hardwood,2024.415276015166,7429.604062975659,,
Lower,397,Red Oak ,2016,32.9,1.0,33.25,-0.010526315789473727,normal,83.566,hardwood,1975.7381094055606,7250.9588615184075,2024.415276015166,-0.02404505003806378
Lower,397,Red Oak ,2017,33.7,1.0,32.9,0.024316109422492533,normal,85.59800000000001,hardwood,2087.9860059489138,7662.908641832513,1975.7381094055606,0.05681314543106379
Lower,397,Red Oak ,2018,33.3,1.0,33.7,-0.011869436201780582,normal,84.582,hardwood,2031.4238578920294,7455.325558463748,2087.9860059489138,-0.0270893329245178
Lower,397,Red Oak ,2021,34.0,3.0,33.3,0.0070070070070070364,annualized,86.36,hardwood,2130.984647143807,7820.713655017771,2031.4238578920294,0.016336782509303552
Lower,397,Red Oak ,2022,34.5,1.0,34.0,0.014705882352941176,normal,87.63,hardwood,2203.7520549932906,8087.770041825376,2130.984647143807,0.03414731680353264
Lower,397,Red Oak ,2023,34.47,1.0,34.5,-0.0008695652173913373,normal,87.5538,hardwood,2199.3470418646207,8071.603643643158,2203.7520549932906,-0.001998869663530872
Lower,397,Red Oak ,2024,35.63,1.0,34.47,0.03365245140702071,normal,90.5002,hardwood,2373.314010460839,8710.06241839128,2199.3470418646207,0.07909937144286615
Lower,397,Red Oak ,2025,35.1,1.0,35.63,-0.014875105248386223,normal,89.15400000000001,hardwood,2292.90034414697,8414.944263019379,2373.314010460839,-0.03388243863198487
Lower,398,white pine,2015,21.13,,,,initial,53.6702,softwood,527.5614373784318,1936.1504751788448,,
Lower,398,white pine,2016,21.38,1.0,21.13,0.011831519167061051,normal,54.3052,softwood,543.3048130600306,1993.9286639303123,527.5614373784318,0.02984178631370602
Lower,398,white pine,2017,21.15,1.0,21.38,-0.010757717492984117,normal,53.721,softwood,528.8106943771242,1940.7352483640457,543.3048130600306,-0.026677692401199046
Lower,398,white pine,2018,21.5,1.0,21.15,0.016548463356974064,normal,54.61,softwood,550.9604821231455,2022.024969391944,528.8106943771242,0.041886043496361575
Lower,398,white pine,2021,22.5,3.0,21.5,0.015503875968992248,annualized,57.15,softwood,617.2777109884918,2265.409199327765,550.9604821231455,0.040122193283137396
Lower,398,white pine,2022,21.55,1.0,22.5,-0.04222222222222219,normal,54.737,softwood,554.1693299840292,2033.801441041387,617.2777109884918,-0.10223661065519847
Lower,398,white pine,2023,22.0,1.0,21.55,0.02088167053364266,normal,55.88,softwood,583.5539354742392,2141.642943190458,554.1693299840292,0.05302459717692575
Lower,398,white pine,2024,23.3,1.0,22.0,0.059090909090909124,normal,59.182,softwood,673.6186501965921,2472.1804462214927,583.5539354742392,0.15433828691286192
Lower,398,white pine,2025,23.5,1.0,23.3,0.008583690987124432,normal,59.69,softwood,688.1671791304149,2525.5735474086223,673.6186501965921,0.021597574428167773
Lower,400,sugar maple,2015,6.63,,,,initial,16.8402,hardwood,49.620361846010255,182.10672797485762,,
Lower,400,sugar maple,2016,6.44,1.0,6.63,-0.028657616892910937,normal,16.3576,hardwood,46.41050633300854,170.32655824214135,49.620361846010255,-0.06468827299089523
Lower,400,sugar maple,2017,6.6,1.0,6.44,0.024844720496894294,normal,16.764,hardwood,49.10546900846182,180.21707126105485,46.41050633300854,0.05806794384263241
Lower,400,sugar maple,2018,6.6,1.0,6.6,0.0,normal,16.764,hardwood,49.10546900846182,180.21707126105485,49.10546900846182,0.0
Lower,400,sugar maple,2021,6.7,3.0,6.6,0.005050505050505078,annualized,17.018,hardwood,50.833598900463016,186.55930796469926,49.10546900846182,0.011730736086330216
Lower,400,sugar maple,2022,6.0,1.0,6.7,-0.10447761194029853,normal,15.24,hardwood,39.43907200405727,144.7413942548902,50.833598900463016,-0.22415345643178447
Lower,400,sugar maple,2023,6.98,1.0,6.0,0.1633333333333334,normal,17.729200000000002,hardwood,55.85297152187993,204.98040548529934,39.43907200405727,0.41618371538088134
Lower,400,sugar maple,2024,7.06,1.0,6.98,0.011461318051575813,normal,17.932399999999998,hardwood,57.33629474761316,210.42420172374028,55.85297152187993,0.02655764206121335
Lower,400,sugar maple,2025,7.0,1.0,7.06,-0.008498583569405044,normal,17.78,hardwood,56.22174274992082,206.33379589220942,57.33629474761316,-0.019438856357887262
Lower,402,Burning Bush,2024,2.1,,,,initial,5.3340000000000005,hardwood,3.5260071571740457,12.940446266828747,,
Lower,402,Burning Bush,2025,1.52,1.0,2.1,-0.2761904761904762,normal,3.8608000000000002,hardwood,1.676559859116108,6.152974682956116,3.5260071571740457,-0.5245160363032831
Lower,405,black birch,2021,1.3,,,,initial,3.302,hardwood,1.1701688202344531,4.294519570260443,,
Lower,405,black birch,2022,2.0,1.0,1.3,0.5384615384615384,normal,5.08,hardwood,3.1517212627355704,11.566817034239543,1.1701688202344531,1.6933902256121443
Lower,405,black birch,2023,1.0,1.0,2.0,-0.5,normal,2.54,hardwood,0.639998287075967,2.348793713568799,3.1517212627355704,-0.7969369009109412
Lower,405,black birch,2024,1.39,1.0,1.0,0.3899999999999999,normal,3.5305999999999997,hardwood,1.3649377720447975,5.009321623404407,0.639998287075967,1.1327209769278355
Lower,405,black birch,2025,1.5,1.0,1.39,0.07913669064748209,normal,3.81,hardwood,1.6262552344654801,5.968356710488312,1.3649377720447975,0.1914500922845779
Lower,406,musclewood,2021,1.0,,,,initial,2.54,hardwood,0.639998287075967,2.348793713568799,,
Lower,406,musclewood,2022,1.0,1.0,1.0,0.0,normal,2.54,hardwood,0.639998287075967,2.348793713568799,0.639998287075967,0.0
Lower,406,musclewood,2023,0.6,1.0,1.0,-0.4,normal,1.524,hardwood,0.19766359394540273,0.725425389779628,0.639998287075967,-0.6911498078401258
Lower,406,musclewood,2024,0.9,1.0,0.6,0.5000000000000001,normal,2.286,hardwood,0.5022692416656648,1.8433281169129898,0.19766359394540273,1.5410306047779245
Lower,407,Autumn Olive,2021,0.9,,,,initial,2.286,hardwood,0.5022692416656648,1.8433281169129898,,
Lower,407,Autumn Olive,2022,0.9,1.0,0.9,0.0,normal,2.286,hardwood,0.5022692416656648,1.8433281169129898,0.5022692416656648,0.0
Lower,407,Autumn Olive,2023,0.93,1.0,0.9,0.03333333333333336,normal,2.3622,hardwood,0.5416136402530234,1.9877220597285958,0.5022692416656648,0.07833328287609573
Lower,407,Autumn Olive,2024,0.95,1.0,0.93,0.02150537634408592,normal,2.413,hardwood,0.5687784112223037,2.0874167691858543,0.5416136402530234,0.050155256349507404
Lower,407,Autumn Olive,2025,1.1,1.0,0.95,0.15789473684210542,normal,2.7940000000000005,hardwood,0.7968599273391748,2.9244759333347714,0.5687784112223037,0.40100241432638833
Lower,408,Beech,2021,1.0,,,,initial,2.54,hardwood,0.639998287075967,2.348793713568799,,
Lower,408,Beech,2022,1.1,1.0,1.0,0.10000000000000009,normal,2.7940000000000005,hardwood,0.7968599273391748,2.9244759333347714,0.639998287075967,0.24509696889952542
Lower,408,Beech,2023,1.0,1.0,1.1,-0.09090909090909098,normal,2.54,hardwood,0.639998287075967,2.348793713568799,0.7968599273391748,-0.19684970329351417
Lower,408,Beech,2024,1.0,1.0,1.0,0.0,normal,2.54,hardwood,0.639998287075967,2.348793713568799,0.639998287075967,0.0
Lower,408,Beech,2025,0.9,1.0,1.0,-0.09999999999999998,normal,2.286,hardwood,0.5022692416656648,1.8433281169129898,0.639998287075967,-0.21520220943021667
Lower,409,sugar maple,2021,0.9,,,,initial,2.286,hardwood,0.5022692416656648,1.8433281169129898,,
Lower,409,sugar maple,2022,0.49,1.0,0.9,-0.4555555555555556,normal,1.2446,hardwood,0.12405943406974144,0.4552981230359511,0.5022692416656648,-0.7530021275873359
Lower,409,sugar maple,2023,1.24,1.0,0.49,1.530612244897959,normal,3.1496,hardwood,1.0496600963957126,3.852252553772265,0.12405943406974144,7.460945386915388
Lower,409,sugar maple,2024,7.32,1.0,1.24,4.903225806451613,normal,18.5928,hardwood,62.309504556870024,228.675881723713,1.0496600963957126,58.361601694516445
Lower,409,sugar maple,2025,1.5,1.0,7.32,-0.7950819672131147,normal,3.81,hardwood,1.6262552344654801,5.968356710488312,62.309504556870024,-0.9739003664684703
Lower,410,Musclewood,2021,1.5,,,,initial,3.81,hardwood,1.6262552344654801,5.968356710488312,,
Lower,410,Musclewood,2022,0.52,1.0,1.5,-0.6533333333333333,normal,1.3208,hardwood,0.14222845813401352,0.5219784413518296,1.6262552344654801,-0.9125423518278413
Lower,410,Musclewood,2023,0.83,1.0,0.52,0.596153846153846,normal,2.1082,hardwood,0.41692546718901285,1.5301164645836771,0.14222845813401352,1.9313786611971036
Lower,410,Musclewood,2024,0.81,1.0,0.83,-0.024096385542168565,normal,2.0574000000000003,hardwood,0.3941797911303745,1.4466398334484742,0.41692546718901285,-0.05455573681308997
Lower,410,Musclewood,2025,0.85,1.0,0.81,0.049382716049382616,normal,2.159,hardwood,0.4403949606254053,1.6162495054952373,0.3941797911303745,0.11724388346368873
Lower,411,Buckthorn,2021,2.0,,,,initial,5.08,hardwood,3.1517212627355704,11.566817034239543,,
Lower,411,Buckthorn,2022,2.4,1.0,2.0,0.19999999999999996,normal,6.096,hardwood,4.7936317430245,17.592628496899916,3.1517212627355704,0.5209567545525317
Lower,411,Buckthorn,2023,2.17,1.0,2.4,-0.09583333333333333,normal,5.5118,hardwood,3.802210873240097,13.954113904791157,4.7936317430245,-0.20682040735129031
Lower,411,Buckthorn,2024,2.12,1.0,2.17,-0.023041474654377798,normal,5.3848,hardwood,3.603722088800329,13.225660065897207,3.802210873240097,-0.052203518178523214
Lower,411,Buckthorn,2025,1.24,1.0,2.12,-0.41509433962264153,normal,3.1496,hardwood,1.0496600963957126,3.852252553772265,3.603722088800329,-0.7087289001397047
Lower,412,sugar maple,2021,1.1,,,,initial,2.7940000000000005,hardwood,0.7968599273391748,2.9244759333347714,,
Lower,412,sugar maple,2022,1.4,1.0,1.1,0.27272727272727254,normal,3.5559999999999996,hardwood,1.3876287639133735,5.092597563562081,0.7968599273391748,0.7413709942057914
Lower,412,sugar maple,2023,1.08,1.0,1.4,-0.22857142857142848,normal,2.7432000000000003,hardwood,0.763929795715371,2.8036223502754116,1.3876287639133735,-0.4494710576905702
Lower,412,sugar maple,2024,1.06,1.0,1.08,-0.018518518518518535,normal,2.6924,hardwood,0.7317829756074916,2.6856435204794944,0.763929795715371,-0.04208085649778324
Lower,412,sugar maple,2025,1.1,1.0,1.06,0.03773584905660381,normal,2.7940000000000005,hardwood,0.7968599273391748,2.9244759333347714,0.7317829756074916,0.08892930541006279
Lower,413,black birch,2021,1.1,,,,initial,2.7940000000000005,hardwood,0.7968599273391748,2.9244759333347714,,
Lower,413,black birch,2022,1.6,1.0,1.1,0.45454545454545453,normal,4.064,hardwood,1.8864911481235163,6.923422513613304,0.7968599273391748,1.3674062195883918
Lower,413,black birch,2023,1.2,1.0,1.6,-0.25000000000000006,normal,3.048,hardwood,0.9734097176302422,3.5724136637029886,1.8864911481235163,-0.484010450513649
Lower,413,black birch,2024,1.14,1.0,1.2,-0.050000000000000044,normal,2.8956,hardwood,0.8650873663922204,3.174870634659449,0.9734097176302422,-0.11128135385963854
Lower,413,black birch,2025,1.25,1.0,1.14,0.09649122807017553,normal,3.175,hardwood,1.0692317382448702,3.9240804793586737,0.8650873663922204,0.2359812196819126
Lower,414,black birch,2021,1.3,,,,initial,3.302,hardwood,1.1701688202344531,4.294519570260443,,
Lower,414,black birch,2022,1.5,1.0,1.3,0.1538461538461538,normal,3.81,hardwood,1.6262552344654801,5.968356710488312,1.1701688202344531,0.38976120910455153
Lower,414,black birch,2023,1.3,1.0,1.5,-0.1333333333333333,normal,3.302,hardwood,1.1701688202344531,4.294519570260443,1.6262552344654801,-0.2804519269577842
Lower,414,black birch,2024,1.28,1.0,1.3,-0.015384615384615398,normal,3.2512000000000003,hardwood,1.1291762675927257,4.144076902065303,1.1701688202344531,-0.03503131508282216
Lower,414,black birch,2025,1.25,1.0,1.28,-0.02343750000000002,normal,3.175,hardwood,1.0692317382448702,3.9240804793586737,1.1291762675927257,-0.0530869546839223
Lower,415,Muscle Wood,2021,2.1,,,,initial,5.3340000000000005,hardwood,3.5260071571740457,12.940446266828747,,
Lower,415,Muscle Wood,2022,2.13,1.0,2.1,0.014285714285714192,normal,5.4102,hardwood,3.64293900305432,13.369586141209354,3.5260071571740457,0.03316267967362568
Lower,415,Muscle Wood,2023,2.13,1.0,2.13,0.0,normal,5.4102,hardwood,3.64293900305432,13.369586141209354,3.64293900305432,0.0
Lower,415,Muscle Wood,2024,2.07,1.0,2.13,-0.028169014084507067,normal,5.2578,hardwood,3.411226887568473,12.519202677376295,3.64293900305432,-0.06360581807479469
Lower,418,black birch,2021,1.3,,,,initial,3.302,hardwood,1.1701688202344531,4.294519570260443,,
Lower,418,black birch,2022,2.0,1.0,1.3,0.5384615384615384,normal,5.08,hardwood,3.1517212627355704,11.566817034239543,1.1701688202344531,1.6933902256121443
Lower,418,black birch,2023,1.3,1.0,2.0,-0.35,normal,3.302,hardwood,1.1701688202344531,4.294519570260443,3.1517212627355704,-0.6287207139571751
Lower,418,black birch,2024,1.33,1.0,1.3,0.023076923076923096,normal,3.3782,hardwood,1.233211556410517,4.525886412026598,1.1701688202344531,0.053874906839025835
Lower,418,black birch,2025,1.34,1.0,1.33,0.0075187969924812095,normal,3.4036000000000004,hardwood,1.2546420754204939,4.604536416793213,1.233211556410517,0.017377812345802365
Lower,419,black birch,2021,1.69,,,,initial,4.2926,hardwood,2.1395292698437465,7.852072420326549,,
Lower,419,black birch,2022,1.38,1.0,1.69,-0.18343195266272194,normal,3.5052,hardwood,1.3424580094211813,4.9268208945757355,2.1395292698437465,-0.3725451535798698
Lower,419,black birch,2023,1.81,1.0,1.38,0.3115942028985509,normal,4.5974,hardwood,2.5051834491849845,9.194023258508892,1.3424580094211813,0.8661168033591812
Lower,419,black birch,2024,1.67,1.0,1.81,-0.07734806629834261,normal,4.2418,hardwood,2.0817409976504937,7.639989461377311,2.5051834491849845,-0.16902652445362834
Lower,419,black birch,2025,1.83,1.0,1.67,0.09580838323353302,normal,4.6482,hardwood,2.569308880597804,9.42936359179394,2.0817409976504937,0.23421159668642347
Lower,422,musclewood,2022,1.06,,,,initial,2.6924,hardwood,0.7317829756074916,2.6856435204794944,,
Lower,422,musclewood,2023,1.06,1.0,1.06,0.0,normal,2.6924,hardwood,0.7317829756074916,2.6856435204794944,0.7317829756074916,0.0
Lower,422,musclewood,2024,1.03,1.0,1.06,-0.028301886792452855,normal,2.6162,hardwood,0.6850218565064515,2.514030213378677,0.7317829756074916,-0.06390025548520203
Lower,422,musclewood,2025,1.0,1.0,1.03,-0.029126213592233035,normal,2.54,hardwood,0.639998287075967,2.348793713568799,0.6850218565064515,-0.0657257414531277
Lower,423,black birch,2021,1.2,,,,initial,3.048,hardwood,0.9734097176302422,3.5724136637029886,,
Lower,423,black birch,2022,1.6,1.0,1.2,0.3333333333333335,normal,4.064,hardwood,1.8864911481235163,6.923422513613304,0.9734097176302422,0.9380237467899573
Lower,423,black birch,2023,1.2,1.0,1.6,-0.25000000000000006,normal,3.048,hardwood,0.9734097176302422,3.5724136637029886,1.8864911481235163,-0.484010450513649
Lower,423,black birch,2024,1.2,1.0,1.2,0.0,normal,3.048,hardwood,0.9734097176302422,3.5724136637029886,0.9734097176302422,0.0
Lower,423,black birch,2025,1.25,1.0,1.2,0.041666666666666706,normal,3.175,hardwood,1.0692317382448702,3.9240804793586737,0.9734097176302422,0.09843955621062206
Lower,425,Beech,2021,1.1,,,,initial,2.7940000000000005,hardwood,0.7968599273391748,2.9244759333347714,,
Lower,425,Beech,2022,1.3,1.0,1.1,0.18181818181818177,normal,3.302,hardwood,1.1701688202344531,4.294519570260443,0.7968599273391748,0.4684749227405728
Lower,425,Beech,2023,1.2,1.0,1.3,-0.07692307692307698,normal,3.048,hardwood,0.9734097176302422,3.5724136637029886,1.1701688202344531,-0.1681459112581624
Lower,425,Beech,2024,1.3,1.0,1.2,0.08333333333333341,normal,3.302,hardwood,1.1701688202344531,4.294519570260443,0.9734097176302422,0.20213390008394339
Lower,425,Beech,2025,1.2,1.0,1.3,-0.07692307692307698,normal,3.048,hardwood,0.9734097176302422,3.5724136637029886,1.1701688202344531,-0.1681459112581624
Lower,426,Beech,2021,1.2,,,,initial,3.048,hardwood,0.9734097176302422,3.5724136637029886,,
Lower,426,Beech,2022,1.2,1.0,1.2,0.0,normal,3.048,hardwood,0.9734097176302422,3.5724136637029886,0.9734097176302422,0.0
Lower,426,Beech,2023,1.1,1.0,1.2,-0.08333333333333323,normal,2.7940000000000005,hardwood,0.7968599273391748,2.9244759333347714,0.9734097176302422,-0.18137253727122882
Lower,426,Beech,2024,1.2,1.0,1.1,0.09090909090909079,normal,3.048,hardwood,0.9734097176302422,3.5724136637029886,0.7968599273391748,0.2215568686965996
Lower,426,Beech,2025,1.2,1.0,1.2,0.0,normal,3.048,hardwood,0.9734097176302422,3.5724136637029886,0.9734097176302422,0.0
Lower,427,Musclewood,2025,1.0,,,,initial,2.54,hardwood,0.639998287075967,2.348793713568799,,
Lower,428,Musclewood,2021,1.0,,,,initial,2.54,hardwood,0.639998287075967,2.348793713568799,,
Lower,428,Musclewood,2022,1.1,1.0,1.0,0.10000000000000009,normal,2.7940000000000005,hardwood,0.7968599273391748,2.9244759333347714,0.639998287075967,0.24509696889952542
Lower,428,Musclewood,2023,1.05,1.0,1.1,-0.04545454545454549,normal,2.6670000000000003,hardwood,0.716001940745964,2.6277271225376877,0.7968599273391748,-0.10147076521115414
Lower,428,Musclewood,2024,1.1,1.0,1.05,0.04761904761904766,normal,2.7940000000000005,hardwood,0.7968599273391748,2.9244759333347714,0.716001940745964,0.11292984277244997
Lower,428,Musclewood,2025,1.1,1.0,1.1,0.0,normal,2.7940000000000005,hardwood,0.7968599273391748,2.9244759333347714,0.7968599273391748,0.0
Lower,429,Musclewood,2021,1.0,,,,initial,2.54,hardwood,0.639998287075967,2.348793713568799,,
Lower,429,Musclewood,2022,1.0,1.0,1.0,0.0,normal,2.54,hardwood,0.639998287075967,2.348793713568799,0.639998287075967,0.0
Lower,429,Musclewood,2023,1.0,1.0,1.0,0.0,normal,2.54,hardwood,0.639998287075967,2.348793713568799,0.639998287075967,0.0
Lower,429,Musclewood,2024,1.04,1.0,1.0,0.040000000000000036,normal,2.6416,hardwood,0.7004150866014082,2.570523367827168,0.639998287075967,0.09440150191881656
Lower,429,Musclewood,2025,1.5,1.0,1.04,0.44230769230769224,normal,3.81,hardwood,1.6262552344654801,5.968356710488312,0.7004150866014082,1.3218449539065233
Lower,430,sugar maple,2021,1.2,,,,initial,3.048,hardwood,0.9734097176302422,3.5724136637029886,,
Lower,430,sugar maple,2022,1.24,1.0,1.2,0.03333333333333337,normal,3.1496,hardwood,1.0496600963957126,3.852252553772265,0.9734097176302422,0.07833328287609587
Lower,430,sugar maple,2023,1.47,1.0,1.24,0.1854838709677419,normal,3.7338,hardwood,1.5524180424548015,5.697374215809122,1.0496600963957126,0.4789721432542232
Lower,430,sugar maple,2024,1.61,1.0,1.47,0.09523809523809533,normal,4.0894,hardwood,1.9137196952931343,7.023351281725803,1.5524180424548015,0.23273476792824127
Lower,430,sugar maple,2025,2.5,1.0,1.61,0.5527950310559006,normal,6.35,hardwood,5.265514724444983,19.324439038713088,1.9137196952931343,1.7514555749181628
Lower,432,Burning Bush,2021,5.1,,,,initial,12.953999999999999,hardwood,27.138773514041727,99.59929879653313,,
Lower,432,Burning Bush,2022,1.9,1.0,5.1,-0.6274509803921569,normal,4.826,hardwood,2.800993453630146,10.279645974822635,27.138773514041727,-0.8967899764452916
Lower,432,Burning Bush,2023,1.38,1.0,1.9,-0.2736842105263158,normal,3.5052,hardwood,1.3424580094211813,4.9268208945757355,2.800993453630146,-0.5207207615279045
Lower,432,Burning Bush,2024,1.4,1.0,1.38,0.01449275362318842,normal,3.5559999999999996,hardwood,1.3876287639133735,5.092597563562081,1.3424580094211813,0.03364779693308112
Lower,432,Burning Bush,2025,5.2,1.0,1.4,2.714285714285715,normal,13.208,hardwood,28.37830826309261,104.14839132554988,1.3876287639133735,19.450936879587633
Lower,433,Muscle Wood,2021,1.1,,,,initial,2.7940000000000005,hardwood,0.7968599273391748,2.9244759333347714,,
Lower,433,Muscle Wood,2022,5.33,1.0,1.1,3.8454545454545457,normal,13.5382,hardwood,30.03664297237745,110.23447970862524,0.7968599273391748,36.693755127923104
Lower,433,Muscle Wood,2023,1.0,1.0,5.33,-0.8123827392120075,normal,2.54,hardwood,0.639998287075967,2.348793713568799,30.03664297237745,-0.9786927491309688
Lower,433,Muscle Wood,2024,1.2,1.0,1.0,0.19999999999999996,normal,3.048,hardwood,0.9734097176302422,3.5724136637029886,0.639998287075967,0.5209567545525318
Lower,433,Muscle Wood,2025,1.4,1.0,1.2,0.16666666666666663,normal,3.5559999999999996,hardwood,1.3876287639133735,5.092597563562081,0.9734097176302422,0.42553411865616475
Lower,434,Red Maple,2021,0.7,,,,initial,1.7779999999999998,hardwood,0.2817761971853697,1.034118643670307,,
Lower,434,Red Maple,2022,1.09,1.0,0.7,0.5571428571428574,normal,2.7686,hardwood,0.7802966760367919,2.863688801055026,0.2817761971853697,1.7692072071065132
Lower,434,Red Maple,2023,0.69,1.0,1.09,-0.36697247706422026,normal,1.7526,hardwood,0.2726036837899941,1.0004555195092784,0.7802966760367919,-0.6506409777694087
Lower,434,Red Maple,2024,0.75,1.0,0.69,0.08695652173913052,normal,1.905,hardwood,0.33023242782036455,1.2119530101007379,0.2726036837899941,0.2114011932236614
Lower,434,Red Maple,2025,0.7,1.0,0.75,-0.06666666666666672,normal,1.7779999999999998,hardwood,0.2817761971853697,1.034118643670307,0.33023242782036455,-0.14673371405352537
Lower,435,red maple,2021,1.17,,,,initial,2.9718,hardwood,0.9183459047136487,3.3703294702990907,,
Lower,435,red maple,2022,0.5,1.0,1.17,-0.5726495726495726,normal,1.27,hardwood,0.12996003558533506,0.4769533305981797,0.9183459047136487,-0.8584846571228973
Lower,435,red maple,2023,1.13,1.0,0.5,1.2599999999999998,normal,2.8701999999999996,hardwood,0.8477332775894633,3.11118112875333,0.12996003558533506,5.52303051296735
Lower,435,red maple,2024,1.06,1.0,1.13,-0.061946902654867124,normal,2.6924,hardwood,0.7317829756074916,2.6856435204794944,0.8477332775894633,-0.13677686726145435
Lower,435,red maple,2025,1.2,1.0,1.06,0.1320754716981131,normal,3.048,hardwood,0.9734097176302422,3.5724136637029886,0.7317829756074916,0.33018907254867946
Lower,436,shagbark hickory,2022,1.5,,,,initial,3.81,hardwood,1.6262552344654801,5.968356710488312,,
Lower,436,shagbark hickory,2023,1.13,1.0,1.5,-0.24666666666666673,normal,2.8701999999999996,hardwood,0.8477332775894633,3.11118112875333,1.6262552344654801,-0.4787206462901271
Lower,436,shagbark hickory,2024,1.14,1.0,1.13,0.008849557522123902,normal,2.8956,hardwood,0.8650873663922204,3.174870634659449,0.8477332775894633,0.020471166181070095
Lower,436,shagbark hickory,2025,1.15,1.0,1.14,0.008771929824561412,normal,2.921,hardwood,0.8826404862616459,3.2392905845802407,0.8650873663922204,0.020290574745796437
Lower,437,black birch,2021,1.3,,,,initial,3.302,hardwood,1.1701688202344531,4.294519570260443,,
Lower,437,black birch,2022,1.0,1.0,1.3,-0.23076923076923078,normal,2.54,hardwood,0.639998287075967,2.348793713568799,1.1701688202344531,-0.45307183373101845
Lower,437,black birch,2023,1.31,1.0,1.0,0.31000000000000005,normal,3.3274000000000004,hardwood,1.1909754015080454,4.370879723534526,0.639998287075967,0.8609040454614189
Lower,437,black birch,2024,1.3,1.0,1.31,-0.007633587786259549,normal,3.302,hardwood,1.1701688202344531,4.294519570260443,1.1909754015080454,-0.01747020236290892
Lower,437,black birch,2025,1.31,1.0,1.3,0.007692307692307699,normal,3.3274000000000004,hardwood,1.1909754015080454,4.370879723534526,1.1701688202344531,0.017780837186743257
Lower,439,Muscle Wood,2021,1.5,,,,initial,3.81,hardwood,1.6262552344654801,5.968356710488312,,
Lower,439,Muscle Wood,2022,2.5,1.0,1.5,0.6666666666666666,normal,6.35,hardwood,5.265514724444983,19.324439038713088,1.6262552344654801,2.237815696363098
Lower,439,Muscle Wood,2023,1.0,1.0,2.5,-0.6,normal,2.54,hardwood,0.639998287075967,2.348793713568799,5.265514724444983,-0.8784547531308202
Lower,439,Muscle Wood,2024,0.58,1.0,1.0,-0.42000000000000004,normal,1.4731999999999998,hardwood,0.18283662533990588,0.6710104149974546,0.639998287075967,-0.7143170082919247
Lower,440,Muscle Wood,2022,1.53,,,,initial,3.8862,hardwood,1.7020374141207373,6.2464773098231055,,
Lower,440,Muscle Wood,2023,1.4,1.0,1.53,-0.08496732026143798,normal,3.5559999999999996,hardwood,1.3876287639133735,5.092597563562081,1.7020374141207373,-0.18472487596272108
Lower,440,Muscle Wood,2024,1.31,1.0,1.4,-0.06428571428571418,normal,3.3274000000000004,hardwood,1.1909754015080454,4.370879723534526,1.3876287639133735,-0.1417190011619021
Lower,440,Muscle Wood,2025,1.3,1.0,1.31,-0.007633587786259549,normal,3.302,hardwood,1.1701688202344531,4.294519570260443,1.1909754015080454,-0.01747020236290892
Lower,441,Musclewood,2021,0.75,,,,initial,1.905,hardwood,0.33023242782036455,1.2119530101007379,,
Lower,441,Musclewood,2022,1.38,1.0,0.75,0.8399999999999999,normal,3.5052,hardwood,1.3424580094211813,4.9268208945757355,0.33023242782036455,3.0651913510790463
Lower,441,Musclewood,2023,0.81,1.0,1.38,-0.41304347826086946,normal,2.0574000000000003,hardwood,0.3941797911303745,1.4466398334484742,1.3424580094211813,-0.7063745842595626
Lower,441,Musclewood,2024,0.75,1.0,0.81,-0.07407407407407414,normal,1.905,hardwood,0.33023242782036455,1.2119530101007379,0.3941797911303745,-0.16222892382846543
Lower,441,Musclewood,2025,0.8,1.0,0.75,0.06666666666666672,normal,2.032,hardwood,0.3830767389420381,1.4058916319172798,0.33023242782036455,0.16002156865836048
Lower,442,Musclewood ,2018,1.5,,,,initial,3.81,hardwood,1.6262552344654801,5.968356710488312,,
Lower,442,Musclewood ,2021,1.6,3.0,1.5,0.02222222222222224,annualized,4.064,hardwood,1.8864911481235163,6.923422513613304,1.6262552344654801,0.05334052288612019
Lower,442,Musclewood ,2022,1.25,1.0,1.6,-0.21875000000000006,normal,3.175,hardwood,1.0692317382448702,3.9240804793586737,1.8864911481235163,-0.4332166682528938
Lower,442,Musclewood ,2023,0.32,1.0,1.25,-0.744,normal,0.8128000000000001,hardwood,0.04656115680455039,0.17087944547269993,1.0692317382448702,-0.9564536338203168
Lower,442,Musclewood ,2024,1.69,1.0,0.32,4.281249999999999,normal,4.2926,hardwood,2.1395292698437465,7.852072420326549,0.04656115680455039,44.95094745658578
Lower,442,Musclewood ,2025,1.7,1.0,1.69,0.0059171597633136145,normal,4.318,hardwood,2.1687591817568883,7.95934619704778,2.1395292698437465,0.013661842502054926
Lower,445,black birch,2018,1.31,,,,initial,3.3274000000000004,hardwood,1.1909754015080454,4.370879723534526,,
Lower,445,black birch,2021,1.4,3.0,1.31,0.022900763358778588,annualized,3.5559999999999996,hardwood,1.3876287639133735,5.092597563562081,1.1909754015080454,0.05503986120852995
Lower,445,black birch,2022,1.6,1.0,1.4,0.142857142857143,normal,4.064,hardwood,1.8864911481235163,6.923422513613304,1.3876287639133735,0.35950709381611345
Lower,445,black birch,2023,1.45,1.0,1.6,-0.09375000000000008,normal,3.683,hardwood,1.5042679993623647,5.520663557659878,1.8864911481235163,-0.20261062403677174
Lower,445,black birch,2024,1.41,1.0,1.45,-0.027586206896551748,normal,3.5814,hardwood,1.4105314397768274,5.176650383980957,1.5042679993623647,-0.0623137363988802
Lower,445,black birch,2025,1.48,1.0,1.41,0.04964539007092203,normal,3.7592,hardwood,1.5768150521300262,5.7869112413171955,1.4105314397768274,0.1178872073773187
Lower,446,black birch,2018,1.4,,,,initial,3.5559999999999996,hardwood,1.3876287639133735,5.092597563562081,,
Lower,446,black birch,2021,1.5,3.0,1.4,0.023809523809523836,annualized,3.81,hardwood,1.6262552344654801,5.968356710488312,1.3876287639133735,0.057322360936349
Lower,446,black birch,2022,1.5,1.0,1.5,0.0,normal,3.81,hardwood,1.6262552344654801,5.968356710488312,1.6262552344654801,0.0
Lower,446,black birch,2023,1.61,1.0,1.5,0.0733333333333334,normal,4.0894,hardwood,1.9137196952931343,7.023351281725803,1.6262552344654801,0.17676466444834438
Lower,446,black birch,2024,1.58,1.0,1.61,-0.018633540372670822,normal,4.0132,hardwood,1.8326946481058064,6.7259893585483095,1.9137196952931343,-0.042339036059780386
Lower,446,black birch,2025,1.63,1.0,1.58,0.03164556962025305,normal,4.1402,hardwood,1.9688394451307334,7.225640763629792,1.8326946481058064,0.07428667790656798
Lower,448,Musclewood,2018,1.31,,,,initial,3.3274000000000004,hardwood,1.1909754015080454,4.370879723534526,,
Lower,448,Musclewood,2021,1.06,3.0,1.31,-0.06361323155216285,annualized,2.6924,hardwood,0.7317829756074916,2.6856435204794944,1.1909754015080454,-0.1285199860324884
Lower,448,Musclewood,2022,1.32,1.0,1.06,0.24528301886792453,normal,3.3528000000000002,hardwood,1.2119894889187572,4.448001424331839,0.7317829756074916,0.6562143822936314
Lower,448,Musclewood,2023,1.45,1.0,1.32,0.0984848484848484,normal,3.683,hardwood,1.5042679993623647,5.520663557659878,1.2119894889187572,0.2411559779320822
Lower,448,Musclewood,2024,1.54,1.0,1.45,0.062068965517241434,normal,3.9116,hardwood,1.7277323679063363,6.340777790216254,1.5042679993623647,0.14855356135920905
Lower,448,Musclewood,2025,1.6,1.0,1.54,0.038961038961038995,normal,4.064,hardwood,1.8864911481235163,6.923422513613304,1.7277323679063363,0.09188852577298393
Lower,449,shagbark hickory,2018,2.06,,,,initial,5.2324,hardwood,3.373443326628323,12.380537008725945,,
Lower,449,shagbark hickory,2021,1.3,3.0,2.06,-0.12297734627831716,annualized,3.302,hardwood,1.1701688202344531,4.294519570260443,3.373443326628323,-0.21770777343950923
Lower,449,shagbark hickory,2022,1.6,1.0,1.3,0.23076923076923078,normal,4.064,hardwood,1.8864911481235163,6.923422513613304,1.1701688202344531,0.6121529778460018
Lower,449,shagbark hickory,2023,2.35,1.0,1.6,0.46875,normal,5.969,hardwood,4.567040835923054,16.761039867837606,1.8864911481235163,1.420918243091608
Lower,449,shagbark hickory,2024,2.35,1.0,2.35,0.0,normal,5.969,hardwood,4.567040835923054,16.761039867837606,4.567040835923054,0.0
Lower,450,Shagbark hickory,2018,1.25,,,,initial,3.175,hardwood,1.0692317382448702,3.9240804793586737,,
Lower,450,Shagbark hickory,2021,0.7,3.0,1.25,-0.14666666666666667,annualized,1.7779999999999998,hardwood,0.2817761971853697,1.034118643670307,1.0692317382448702,-0.24548951454062967
Lower,450,Shagbark hickory,2022,1.06,1.0,0.7,0.5142857142857145,normal,2.6924,hardwood,0.7317829756074916,2.6856435204794944,0.2817761971853697,1.5970361688360772
Lower,450,Shagbark hickory,2023,1.34,1.0,1.06,0.2641509433962264,normal,3.4036000000000004,hardwood,1.2546420754204939,4.604536416793213,0.7317829756074916,0.7145002237568445
Lower,450,Shagbark hickory,2024,1.5,1.0,1.34,0.1194029850746268,normal,3.81,hardwood,1.6262552344654801,5.968356710488312,1.2546420754204939,0.2961905760417288
Lower,450,Shagbark hickory,2025,1.45,1.0,1.5,-0.03333333333333336,normal,3.683,hardwood,1.5042679993623647,5.520663557659878,1.6262552344654801,-0.0750111252636247
Lower,453,black birch,2017,1.7,,,,initial,4.318,hardwood,2.1687591817568883,7.95934619704778,,
Lower,453,black birch,2018,1.38,1.0,1.7,-0.1882352941176471,normal,3.5052,hardwood,1.3424580094211813,4.9268208945757355,2.1687591817568883,-0.38100180936932304
Lower,453,black birch,2021,2.0,3.0,1.38,0.14975845410628022,annualized,5.08,hardwood,3.1517212627355704,11.566817034239543,1.3424580094211813,0.44924142645238163
Lower,453,black birch,2022,1.4,1.0,2.0,-0.30000000000000004,normal,3.5559999999999996,hardwood,1.3876287639133735,5.092597563562081,3.1517212627355704,-0.5597235135225866
Lower,453,black birch,2023,0.8,1.0,1.4,-0.4285714285714285,normal,2.032,hardwood,0.3830767389420381,1.4058916319172798,1.3876287639133735,-0.7239342762961402
Lower,453,black birch,2024,1.85,1.0,0.8,1.3125,normal,4.699000000000001,hardwood,2.6343518930067713,9.668071447334851,0.3830767389420381,5.876825516167311
Lower,453,black birch,2025,1.72,1.0,1.85,-0.07027027027027033,normal,4.3688,hardwood,2.227892541155202,8.176365626039592,2.6343518930067713,-0.1542919732669611
Lower,458,Shagbark hickory,2015,2.3,,,,initial,5.842,hardwood,4.346631614612262,15.952138025627,,
Lower,458,Shagbark hickory,2016,2.06,1.0,2.3,-0.10434782608695643,normal,5.2324,hardwood,3.373443326628323,12.380537008725945,4.346631614612262,-0.22389481655457738
Lower,458,Shagbark hickory,2017,1.6,1.0,2.06,-0.2233009708737864,normal,4.064,hardwood,1.8864911481235163,6.923422513613304,3.373443326628323,-0.44078172790618075
Lower,458,Shagbark hickory,2018,1.7,1.0,1.6,0.06249999999999992,normal,4.318,hardwood,2.1687591817568883,7.95934619704778,1.8864911481235163,0.14962595181755436
Lower,458,Shagbark hickory,2021,1.7,3.0,1.7,0.0,annualized,4.318,hardwood,2.1687591817568883,7.95934619704778,2.1687591817568883,0.0
Lower,458,Shagbark hickory,2022,1.48,1.0,1.7,-0.12941176470588234,normal,3.7592,hardwood,1.5768150521300262,5.7869112413171955,2.1687591817568883,-0.27294138261461315
Lower,458,Shagbark hickory,2023,1.69,1.0,1.48,0.14189189189189186,normal,4.2926,hardwood,2.1395292698437465,7.852072420326549,1.5768150521300262,0.3568676091426087
Lower,459,red maple,2017,2.05,,,,initial,5.207,hardwood,3.3358974551826344,12.242743660520269,,
Lower,459,red maple,2018,3.0,1.0,2.05,0.4634146341463416,normal,7.62,hardwood,8.00862018634041,29.391636083869304,3.3358974551826344,1.400739319459073
Lower,459,red maple,2021,2.9,3.0,3.0,-0.01111111111111112,annualized,7.366,hardwood,7.4078845743540365,27.186936387879314,8.00862018634041,-0.025003708421208228
Lower,459,red maple,2022,4.0,1.0,2.9,0.37931034482758624,normal,10.16,hardwood,15.520896100149127,56.961688687547294,7.4078845743540365,1.0951860067963521
Lower,459,red maple,2023,2.23,1.0,4.0,-0.4425,normal,5.6642,hardwood,4.0483681237414775,14.857511014131221,15.520896100149127,-0.739166598525031
Lower,459,red maple,2024,1.82,1.0,2.23,-0.18385650224215244,normal,4.6228,hardwood,2.5371316554776446,9.311273175602956,4.0483681237414775,-0.3732952197210656
Lower,459,red maple,2025,4.6,1.0,1.82,1.5274725274725272,normal,11.684,hardwood,21.405324916793116,78.55754244463074,2.5371316554776446,7.436820718617109
Lower,464,Musclewood,2015,2.1,,,,initial,5.3340000000000005,hardwood,3.5260071571740457,12.940446266828747,,
Lower,464,Musclewood,2016,2.2,1.0,2.1,0.04761904761904766,normal,5.588000000000001,hardwood,3.9241985910482433,14.401808829147052,3.5260071571740457,0.11292984277244979
Lower,464,Musclewood,2017,2.1,1.0,2.2,-0.04545454545454549,normal,5.3340000000000005,hardwood,3.5260071571740457,12.940446266828747,3.9241985910482433,-0.101470765211154
Lower,464,Musclewood,2018,2.2,1.0,2.1,0.04761904761904766,normal,5.588000000000001,hardwood,3.9241985910482433,14.401808829147052,3.5260071571740457,0.11292984277244979
Lower,464,Musclewood,2021,2.5,3.0,2.2,0.04545454545454542,annualized,6.35,hardwood,5.265514724444983,19.324439038713088,3.9241985910482433,0.11393546157904334
Lower,464,Musclewood,2022,2.2,1.0,2.5,-0.11999999999999993,normal,5.588000000000001,hardwood,3.9241985910482433,14.401808829147052,5.265514724444983,-0.25473599516676354
Lower,464,Musclewood,2023,1.39,1.0,2.2,-0.3681818181818183,normal,3.5305999999999997,hardwood,1.3649377720447975,5.009321623404407,3.9241985910482433,-0.6521741343166347
Lower,464,Musclewood,2024,2.13,1.0,1.39,0.5323741007194245,normal,5.4102,hardwood,3.64293900305432,13.369586141209354,1.3649377720447975,1.6689414548158301
Lower,464,Musclewood,2025,2.2,1.0,2.13,0.03286384976525835,normal,5.588000000000001,hardwood,3.9241985910482433,14.401808829147052,3.64293900305432,0.07720677940479076
Lower,467,Musclewood,2015,3.7,,,,initial,9.398000000000001,hardwood,12.973070463439562,47.61116860082319,,
Lower,467,Musclewood,2016,4.0,1.0,3.7,0.08108108108108103,normal,10.16,hardwood,15.520896100149127,56.961688687547294,12.973070463439562,0.19639341695474435
Lower,467,Musclewood,2017,4.63,1.0,4.0,0.15749999999999997,normal,11.7602,hardwood,21.727766776672528,79.74090407038818,15.520896100149127,0.39990414448195194
Lower,467,Musclewood,2018,5.2,1.0,4.63,0.12311015118790503,normal,13.208,hardwood,28.37830826309261,104.14839132554988,21.727766776672528,0.30608490761048984
Lower,467,Musclewood,2021,4.6,3.0,5.2,-0.03846153846153849,annualized,11.684,hardwood,21.405324916793116,78.55754244463074,28.37830826309261,-0.08190508611546567
Lower,467,Musclewood,2022,2.25,1.0,4.6,-0.5108695652173912,normal,5.715,hardwood,4.132364321957084,15.165777061582498,21.405324916793116,-0.80694690045489
Lower,467,Musclewood,2023,3.3,1.0,2.25,0.46666666666666656,normal,8.382,hardwood,9.971508719079994,36.595436999023576,4.132364321957084,1.4130274927834765
Lower,467,Musclewood,2024,3.5,1.0,3.3,0.06060606060606066,normal,8.89,hardwood,11.416561318986751,41.89878004068138,9.971508719079994,0.14491815036391836
Lower,467,Musclewood,2025,4.81,1.0,3.5,0.37428571428571417,normal,12.2174,hardwood,23.719879983396844,87.05195953906642,11.416561318986751,1.0776728929707218
Lower,468,Sugar maple,2016,1.4,,,,initial,3.5559999999999996,hardwood,1.3876287639133735,5.092597563562081,,
Lower,468,Sugar maple,2017,1.44,1.0,1.4,0.0285714285714286,normal,3.6576,hardwood,1.4805140849767895,5.433486691864817,1.3876287639133735,0.06693816349083304
Lower,468,Sugar maple,2018,1.75,1.0,1.44,0.21527777777777782,normal,4.445,hardwood,2.3182823223737237,8.508096123111565,1.4805140849767895,0.5658630646597788
Lower,468,Sugar maple,2021,1.7,3.0,1.75,-0.009523809523809532,annualized,4.318,hardwood,2.1687591817568883,7.95934619704778,2.3182823223737237,-0.021499127345821052
Lower,468,Sugar maple,2022,4.7,1.0,1.7,1.7647058823529411,normal,11.938,hardwood,22.490747242659054,82.54104238055872,2.1687591817568883,9.370329463891672
Lower,468,Sugar maple,2023,1.66,1.0,4.7,-0.6468085106382978,normal,4.2164,hardwood,2.0531818388438894,7.535177348557074,22.490747242659054,-0.9087099322805272
Lower,468,Sugar maple,2024,1.68,1.0,1.66,0.012048192771084348,normal,4.2672,hardwood,2.1105233412854263,7.745620662517514,2.0531818388438894,0.027928116914293817
Lower,468,Sugar maple,2025,2.3,1.0,1.68,0.369047619047619,normal,5.842,hardwood,4.346631614612262,15.952138025627,2.1105233412854263,1.0595041663765354
Lower,469,Musclewood,2015,1.4,,,,initial,3.5559999999999996,hardwood,1.3876287639133735,5.092597563562081,,
Lower,469,Musclewood,2016,1.4,1.0,1.4,0.0,normal,3.5559999999999996,hardwood,1.3876287639133735,5.092597563562081,1.3876287639133735,0.0
Lower,469,Musclewood,2017,1.44,1.0,1.4,0.0285714285714286,normal,3.6576,hardwood,1.4805140849767895,5.433486691864817,1.3876287639133735,0.06693816349083304
Lower,469,Musclewood,2018,1.31,1.0,1.44,-0.0902777777777777,normal,3.3274000000000004,hardwood,1.1909754015080454,4.370879723534526,1.4805140849767895,-0.19556631470566746
Lower,469,Musclewood,2021,1.55,3.0,1.31,0.061068702290076333,annualized,3.9370000000000003,hardwood,1.7536451457755964,6.435877684996439,1.1909754015080454,0.15748149053710747
Lower,469,Musclewood,2022,1.65,1.0,1.55,0.06451612903225798,normal,4.191,hardwood,2.0248454630899557,7.4311828495401375,1.7536451457755964,0.15464948422869995
Lower,469,Musclewood,2023,1.8,1.0,1.65,0.090909090909091,normal,4.572,hardwood,2.473463883486683,9.077612452396126,2.0248454630899557,0.22155686869659993
Lower,469,Musclewood,2024,1.5,1.0,1.8,-0.16666666666666669,normal,3.81,hardwood,1.6262552344654801,5.968356710488312,2.473463883486683,-0.34251911041730976
Lower,469,Musclewood,2025,1.7,1.0,1.5,0.1333333333333333,normal,4.318,hardwood,2.1687591817568883,7.95934619704778,1.6262552344654801,0.33359089999776026
Lower,470,sugar maple,2015,2.6,,,,initial,6.604,hardwood,5.762587222808233,21.148695107706214,,
Lower,470,sugar maple,2016,2.63,1.0,2.6,0.011538461538461463,normal,6.6802,hardwood,5.916665719450596,21.714163190383687,5.762587222808233,0.026737729197837144
Lower,470,sugar maple,2017,2.63,1.0,2.63,0.0,normal,6.6802,hardwood,5.916665719450596,21.714163190383687,5.916665719450596,0.0
Lower,470,sugar maple,2018,2.65,1.0,2.63,0.0076045627376425924,normal,6.731,hardwood,6.020663040777856,22.09583335965473,5.916665719450596,0.01757701486926601
Lower,470,sugar maple,2021,2.8,3.0,2.65,0.018867924528301876,annualized,7.111999999999999,hardwood,6.833485601954647,25.078892159173552,6.020663040777856,0.045001829846732636
Lower,470,sugar maple,2022,1.6,1.0,2.8,-0.4285714285714285,normal,4.064,hardwood,1.8864911481235163,6.923422513613304,6.833485601954647,-0.72393427629614
Lower,470,sugar maple,2023,2.68,1.0,1.6,0.675,normal,6.807200000000001,hardwood,6.178582327605647,22.675397142312725,1.8864911481235163,2.275171650686754
Lower,470,sugar maple,2024,2.87,1.0,2.68,0.07089552238805968,normal,7.2898000000000005,hardwood,7.232811955522304,26.544419876766856,6.178582327605647,0.17062645960164727
Lower,470,sugar maple,2025,2.75,1.0,2.87,-0.04181184668989551,normal,6.985,hardwood,6.556076423102267,24.06080047278532,7.232811955522304,-0.09356465183687575
Lower,471,black birch,2016,1.25,,,,initial,3.175,hardwood,1.0692317382448702,3.9240804793586737,,
Lower,471,black birch,2017,1.31,1.0,1.25,0.04800000000000004,normal,3.3274000000000004,hardwood,1.1909754015080454,4.370879723534526,1.0692317382448702,0.11386087684136259
Lower,471,black birch,2018,1.25,1.0,1.31,-0.045801526717557293,normal,3.175,hardwood,1.0692317382448702,3.9240804793586737,1.1909754015080454,-0.10222181172593496
Lower,471,black birch,2021,1.2,3.0,1.25,-0.013333333333333345,annualized,3.048,hardwood,0.9734097176302422,3.5724136637029886,1.0692317382448702,-0.02987254530120806
Lower,471,black birch,2022,2.48,1.0,1.2,1.0666666666666667,normal,6.2992,hardwood,5.16913265435467,18.97071684148164,0.9734097176302422,4.310335987747154
Lower,471,black birch,2023,1.45,1.0,2.48,-0.4153225806451613,normal,3.683,hardwood,1.5042679993623647,5.520663557659878,5.16913265435467,-0.7089902504059141
Lower,474,Muscle Wood,2021,1.2,,,,initial,3.048,hardwood,0.9734097176302422,3.5724136637029886,,
Lower,474,Muscle Wood,2022,1.32,1.0,1.2,0.10000000000000009,normal,3.3528000000000002,hardwood,1.2119894889187572,4.448001424331839,0.9734097176302422,0.24509696889952515
Lower,474,Muscle Wood,2023,1.6,1.0,1.32,0.21212121212121213,normal,4.064,hardwood,1.8864911481235163,6.923422513613304,1.2119894889187572,0.5565243472585698
Lower,474,Muscle Wood,2024,1.18,1.0,1.6,-0.26250000000000007,normal,2.9972,hardwood,0.9364992381768609,3.436952204109079,1.8864911481235163,-0.5035761290963956
Lower,474,Muscle Wood,2025,1.2,1.0,1.18,0.0169491525423729,normal,3.048,hardwood,0.9734097176302422,3.5724136637029886,0.9364992381768609,0.03941325091223477
Lower,481,Musclewood,2015,2.06,,,,initial,5.2324,hardwood,3.373443326628323,12.380537008725945,,
Lower,481,Musclewood,2016,2.2,1.0,2.06,0.06796116504854374,normal,5.588000000000001,hardwood,3.9241985910482433,14.401808829147052,3.373443326628323,0.163262047437562
Lower,481,Musclewood,2017,2.3,1.0,2.2,0.04545454545454529,normal,5.842,hardwood,4.346631614612262,15.952138025627,3.9241985910482433,0.1076482277241675
Lower,481,Musclewood,2018,2.5,1.0,2.3,0.08695652173913052,normal,6.35,hardwood,5.265514724444983,19.324439038713088,4.346631614612262,0.2114011932236611
Lower,481,Musclewood,2021,2.7,3.0,2.5,0.02666666666666669,annualized,6.8580000000000005,hardwood,6.285147427752522,23.066491059851753,5.265514724444983,0.06454783350833851
Lower,481,Musclewood,2022,1.52,1.0,2.7,-0.43703703703703706,normal,3.8608000000000002,hardwood,1.676559859116108,6.152974682956116,6.285147427752522,-0.7332505118793018
Lower,481,Musclewood,2023,2.5,1.0,1.52,0.6447368421052632,normal,6.35,hardwood,5.265514724444983,19.324439038713088,1.676559859116108,2.1406661061424863
Lower,481,Musclewood,2024,3.04,1.0,2.5,0.21600000000000003,normal,7.7216000000000005,hardwood,8.256349216756544,30.300801625496515,5.265514724444983,0.5680042025951818
Lower,481,Musclewood,2025,3.0,1.0,3.04,-0.013157894736842117,normal,7.62,hardwood,8.00862018634041,29.391636083869304,8.256349216756544,-0.030004669607889004
Lower,482,White Pine ,2015,7.4,,,,initial,18.796000000000003,softwood,38.29160758189502,140.53019982555472,,
Lower,482,White Pine ,2016,7.44,1.0,7.4,0.00540540540540541,normal,18.8976,softwood,38.81116141415151,142.43696238993604,38.29160758189502,0.013568347349881075
Lower,482,White Pine ,2017,7.5,1.0,7.44,0.008064516129032206,normal,19.05,softwood,39.598383622662425,145.3260678951711,38.81116141415151,0.020283397348265664
Lower,482,White Pine ,2018,7.5,1.0,7.5,0.0,normal,19.05,softwood,39.598383622662425,145.3260678951711,39.598383622662425,0.0
Lower,482,White Pine ,2021,7.7,3.0,7.5,0.008888888888888898,annualized,19.558,softwood,42.29130759009021,155.20909885563108,39.598383622662425,0.022668635443043768
Lower,482,White Pine ,2022,2.9,1.0,7.7,-0.6233766233766235,normal,7.366,softwood,3.681453293535091,13.510933587273785,42.29130759009021,-0.9129501189885711
Lower,482,White Pine ,2023,6.5,1.0,2.9,1.2413793103448276,normal,16.51,softwood,27.689026811438836,101.61872839798053,3.681453293535091,6.521221812066134
Lower,482,White Pine ,2024,7.76,1.0,6.5,0.1938461538461538,normal,19.7104,softwood,43.119985224902344,158.2503457753916,27.689026811438836,0.5572950800527485
Lower,482,White Pine ,2025,7.75,1.0,7.76,-0.0012886597938144056,normal,19.685,softwood,42.981201980914705,157.74101126995697,43.119985224902344,-0.003218536445775264
Lower,483,sugar maple,2015,5.4,,,,initial,13.716000000000001,hardwood,30.951696570906748,113.59272641522776,,
Lower,483,sugar maple,2016,5.44,1.0,5.4,0.007407407407407414,normal,13.8176,hardwood,31.481562623222665,115.53733482722718,30.951696570906748,0.017119127899889282
Lower,483,sugar maple,2017,5.63,1.0,5.44,0.0349264705882352,normal,14.3002,hardwood,34.068116192315905,125.02998642579936,31.481562623222665,0.08216090160611168
Lower,483,sugar maple,2018,5.7,1.0,5.63,0.012433392539964526,normal,14.478000000000002,hardwood,35.05023867647802,128.63437594267432,34.068116192315905,0.028828200497438432
Lower,483,sugar maple,2021,5.9,3.0,5.7,0.011695906432748548,annualized,14.986,hardwood,37.9435917037269,139.25298155267774,35.05023867647802,0.02751624655070319
Lower,483,sugar maple,2022,7.9,1.0,5.9,0.3389830508474576,normal,20.066000000000003,hardwood,74.25421677940489,272.5129755804159,37.9435917037269,0.9569633090931524
Lower,483,sugar maple,2023,5.9,1.0,7.9,-0.2531645569620253,normal,14.986,hardwood,37.9435917037269,139.25298155267774,74.25421677940489,-0.4890042161989254
Lower,483,sugar maple,2024,6.12,1.0,5.9,0.03728813559322029,normal,15.5448,hardwood,41.27690088645312,151.48622625328295,37.9435917037269,0.08784906839483024
Lower,483,sugar maple,2025,6.1,1.0,6.12,-0.003267973856209226,normal,15.494,hardwood,40.967308485507594,150.35002214181287,41.27690088645312,-0.0075003790085203005
Lower,484,red oak,2015,20.3,,,,initial,51.562000000000005,hardwood,650.7582743123862,2388.2828667264575,,
Lower,484,red oak,2016,20.69,1.0,20.3,0.01921182266009855,normal,52.552600000000005,hardwood,679.8732283998137,2495.1347482273163,650.7582743123862,0.044740044401573434
Lower,484,red oak,2017,20.44,1.0,20.69,-0.01208313194780087,normal,51.91760000000001,hardwood,661.1269515180758,2426.335912071338,679.8732283998137,-0.02757319467610184
Lower,484,red oak,2018,20.8,1.0,20.44,0.0176125244618395,normal,52.832,hardwood,688.2155514225341,2525.7510737207,661.1269515180758,0.040973371063239256
Lower,484,red oak,2021,20.7,3.0,20.8,-0.0016025641025641253,annualized,52.577999999999996,hardwood,680.6292456573955,2497.9093315626415,688.2155514225341,-0.0036743845487835864
Lower,484,red oak,2022,6.0,1.0,20.7,-0.7101449275362319,normal,15.24,hardwood,39.43907200405727,144.7413942548902,680.6292456573955,-0.9420549847722683
Lower,484,red oak,2023,21.1,1.0,6.0,2.516666666666667,normal,53.594,hardwood,711.2601201582737,2610.3246409808644,39.43907200405727,17.034403042878473
Lower,484,red oak,2024,21.65,1.0,21.1,0.026066350710900337,normal,54.991,hardwood,754.6263802399336,2769.4788154805565,711.2601201582737,0.06097102712859789
Lower,484,red oak,2025,21.15,1.0,21.65,-0.023094688221709007,normal,53.721,hardwood,715.1426287406039,2624.573447478016,754.6263802399336,-0.05232225182318152
Lower,485,black birch,2015,3.69,,,,initial,9.3726,hardwood,12.892568685000205,47.315727073950754,,
Lower,485,black birch,2016,3.6,1.0,3.69,-0.024390243902438987,normal,9.144,hardwood,12.180764967060203,44.70340742911094,12.892568685000205,-0.05521038788555355
Lower,485,black birch,2017,3.75,1.0,3.6,0.041666666666666644,normal,9.525,hardwood,13.379834064723505,49.103991017535265,12.180764967060203,0.0984395562106224
Lower,485,black birch,2018,3.95,1.0,3.75,0.05333333333333338,normal,10.033000000000001,hardwood,15.078291379656756,55.337329363340295,13.379834064723505,0.12694158288639054
Lower,485,black birch,2021,3.9,3.0,3.95,-0.004219409282700444,annualized,9.906,hardwood,14.642910495857947,53.739481519798666,15.078291379656756,-0.009624894333987413
Lower,485,black birch,2022,21.1,1.0,3.9,4.4102564102564115,normal,53.594,hardwood,711.2601201582737,2610.3246409808644,14.642910495857947,47.5736848804388
Lower,485,black birch,2023,4.2,1.0,21.1,-0.8009478672985783,normal,10.668000000000001,hardwood,17.36409605187606,63.726232510385145,711.2601201582737,-0.9755868555543193
Lower,485,black birch,2024,4.06,1.0,4.2,-0.033333333333333465,normal,10.312399999999998,hardwood,16.061595667839168,58.94605610096974,17.36409605187606,-0.07501112526362509
Lower,485,black birch,2025,4.16,1.0,4.06,0.024630541871921315,normal,10.5664,hardwood,16.98609200312911,62.33895765148383,16.061595667839168,0.057559432724427276
Lower,486,sugar maple,2015,7.2,,,,initial,18.288,hardwood,59.98512295785456,220.14540125532622,,
Lower,486,sugar maple,2016,9.0,1.0,7.2,0.24999999999999997,normal,22.86,hardwood,100.21588898634975,367.7923125799036,59.98512295785456,0.6706790624862312
Lower,486,sugar maple,2017,7.06,1.0,9.0,-0.2155555555555556,normal,17.932399999999998,hardwood,57.33629474761316,210.42420172374028,100.21588898634975,-0.427872213402978
Lower,486,sugar maple,2018,7.35,1.0,7.06,0.041076487252124656,normal,18.669,hardwood,62.89841353323096,230.83717766695761,57.33629474761316,0.09700868900059752
Lower,486,sugar maple,2021,7.2,3.0,7.35,-0.0068027210884353505,annualized,18.288,hardwood,59.98512295785456,220.14540125532622,62.89841353323096,-0.015439131194394006
Lower,486,sugar maple,2022,4.0,1.0,7.2,-0.4444444444444445,normal,10.16,hardwood,15.520896100149127,56.961688687547294,59.98512295785456,-0.7412542421384368
Lower,486,sugar maple,2023,7.3,1.0,4.0,0.825,normal,18.541999999999998,hardwood,61.91863730426167,227.24139890664034,15.520896100149127,2.989372579052749
Lower,486,sugar maple,2024,7.32,1.0,7.3,0.0027397260273973236,normal,18.5928,hardwood,62.309504556870024,228.675881723713,61.91863730426167,0.006312594553521446
Lower,486,sugar maple,2025,7.25,1.0,7.32,-0.009562841530054683,normal,18.415,hardwood,60.947546409011,223.67749532107035,62.309504556870024,-0.021857951809197352
Lower,487,black birch,2015,1.9,,,,initial,4.826,hardwood,2.800993453630146,10.279645974822635,,
Lower,487,black birch,2016,1.81,1.0,1.9,-0.047368421052631504,normal,4.5974,hardwood,2.5051834491849845,9.194023258508892,2.800993453630146,-0.10560895958603028
Lower,487,black birch,2017,1.88,1.0,1.81,0.03867403314917118,normal,4.7752,hardwood,2.7336434258813203,10.032471372984444,2.5051834491849845,0.09119490900782577
Lower,487,black birch,2018,1.95,1.0,1.88,0.03723404255319152,normal,4.953,hardwood,2.9734347849726235,10.912505660849527,2.7336434258813203,0.0877185944666485
Lower,487,black birch,2021,1.9,3.0,1.95,-0.008547008547008555,annualized,4.826,hardwood,2.800993453630146,10.279645974822635,2.9734347849726235,-0.019331328223953316
Lower,487,black birch,2022,7.8,1.0,1.9,3.105263157894737,normal,19.812,hardwood,72.1101498083406,264.64424979661,2.800993453630146,24.744490660941867
Lower,487,black birch,2023,1.95,1.0,7.8,-0.75,normal,4.953,hardwood,2.9734347849726235,10.912505660849527,72.1101498083406,-0.958765377788347
Lower,487,black birch,2024,1.92,1.0,1.95,-0.0153846153846154,normal,4.8768,hardwood,2.869271454142023,10.530226236701225,2.9734347849726235,-0.03503131508282248
Lower,487,black birch,2025,1.9,1.0,1.92,-0.010416666666666676,normal,4.826,hardwood,2.800993453630146,10.279645974822635,2.869271454142023,-0.023796284737476577
Lower,488,sugar maple,2015,3.1,,,,initial,7.8740000000000006,hardwood,8.635961696844225,31.693979427418306,,
Lower,488,sugar maple,2016,3.06,1.0,3.1,-0.012903225806451623,normal,7.7724,hardwood,8.381815414795094,30.761262572297994,8.635961696844225,-0.029428833865949397
Lower,488,sugar maple,2017,3.13,1.0,3.06,0.022875816993464,normal,7.9502,hardwood,8.829391782098607,32.40386784030189,8.381815414795094,0.05339849962735731
Lower,488,sugar maple,2018,3.2,1.0,3.13,0.02236421725239626,normal,8.128,hardwood,9.290172151347615,34.094931795445746,8.829391782098607,0.052187101968136675
Lower,488,sugar maple,2021,3.2,3.0,3.2,0.0,annualized,8.128,hardwood,9.290172151347615,34.094931795445746,9.290172151347615,0.0
Lower,488,sugar maple,2022,2.4,1.0,3.2,-0.25000000000000006,normal,6.096,hardwood,4.7936317430245,17.592628496899916,9.290172151347615,-0.48401045051364905
Lower,488,sugar maple,2023,3.25,1.0,2.4,0.35416666666666674,normal,8.255,hardwood,9.627433818896398,35.332682115349776,4.7936317430245,1.0083799371751598
Lower,488,sugar maple,2024,3.26,1.0,3.25,0.0030769230769230114,normal,8.2804,hardwood,9.695702734583227,35.58322903592044,9.627433818896398,0.007091081275763574
Lower,488,sugar maple,2025,3.2,1.0,3.26,-0.018404907975460003,normal,8.128,hardwood,9.290172151347615,34.094931795445746,9.695702734583227,-0.04182580616762725
Lower,489,black birch,2015,3.88,,,,initial,9.8552,hardwood,14.470774652530535,53.107742974787065,,
Lower,489,black birch,2016,4.0,1.0,3.88,0.03092783505154642,normal,10.16,hardwood,15.520896100149127,56.961688687547294,14.470774652530535,0.0725684334691063
Lower,489,black birch,2017,4.0,1.0,4.0,0.0,normal,10.16,hardwood,15.520896100149127,56.961688687547294,15.520896100149127,0.0
Lower,489,black birch,2018,4.15,1.0,4.0,0.03750000000000009,normal,10.541,hardwood,16.892325218227136,61.99483355089359,15.520896100149127,0.08836017645043265
Lower,489,black birch,2021,4.5,3.0,4.15,0.028112449799196755,annualized,11.43,hardwood,20.350148995533267,74.68504681360709,16.892325218227136,0.06823263883914721
Lower,489,black birch,2022,3.3,1.0,4.5,-0.2666666666666667,normal,8.382,hardwood,9.971508719079994,36.595436999023576,20.350148995533267,-0.5100031591282855
Lower,489,black birch,2023,1.64,1.0,3.3,-0.503030303030303,normal,4.1655999999999995,hardwood,1.996731466915194,7.328004483578762,9.971508719079994,-0.799756333452876
Lower,489,black birch,2024,4.75,1.0,1.64,1.8963414634146345,normal,12.065,hardwood,23.044862105096374,84.5746439257037,1.996731466915194,10.541292600901924
Lower,489,black birch,2025,5.6,1.0,4.75,0.17894736842105255,normal,14.223999999999998,hardwood,33.652030490077536,123.50295189858456,23.044862105096374,0.4602834391721261
Lower,490,black birch,2015,2.13,,,,initial,5.4102,hardwood,3.64293900305432,13.369586141209354,,
Lower,490,black birch,2016,2.0,1.0,2.13,-0.06103286384976521,normal,5.08,hardwood,3.1517212627355704,11.566817034239543,3.64293900305432,-0.13484105550680422
Lower,490,black birch,2017,2.1,1.0,2.0,0.050000000000000044,normal,5.3340000000000005,hardwood,3.5260071571740457,12.940446266828747,3.1517212627355704,0.11875602670320211
Lower,490,black birch,2018,2.25,1.0,2.1,0.07142857142857138,normal,5.715,hardwood,4.132364321957084,15.165777061582498,3.5260071571740457,0.1719670828090461
Lower,490,black birch,2021,2.2,3.0,2.25,-0.007407407407407381,annualized,5.588000000000001,hardwood,3.9241985910482433,14.401808829147052,4.132364321957084,-0.01679149551285236
Lower,490,black birch,2022,4.9,1.0,2.2,1.2272727272727273,normal,12.446000000000002,hardwood,24.75311136157214,90.84391869696975,3.9241985910482433,5.307813120884899
Lower,490,black birch,2023,2.31,1.0,4.9,-0.5285714285714286,normal,5.8674,hardwood,4.390220823715434,16.11211042303564,24.75311136157214,-0.8226396367072055
Lower,490,black birch,2024,2.21,1.0,2.31,-0.04329004329004333,normal,5.6134,hardwood,3.9653455709762877,14.552818245482976,4.390220823715434,-0.09677764964441475
Lower,490,black birch,2025,2.6,1.0,2.21,0.17647058823529418,normal,6.604,hardwood,5.762587222808233,21.148695107706214,3.9653455709762877,0.45323708102178234
Lower,491,black birch,2015,1.25,,,,initial,3.175,hardwood,1.0692317382448702,3.9240804793586737,,
Lower,491,black birch,2016,1.3,1.0,1.25,0.040000000000000036,normal,3.302,hardwood,1.1701688202344531,4.294519570260443,1.0692317382448702,0.09440150191881683
Lower,491,black birch,2017,1.35,1.0,1.3,0.03846153846153849,normal,3.4290000000000003,hardwood,1.276281514911054,4.683953159723568,1.1701688202344531,0.09068152632484287
Lower,491,black birch,2018,1.4,1.0,1.35,0.0370370370370369,normal,3.5559999999999996,hardwood,1.3876287639133735,5.092597563562081,1.276281514911054,0.08724348641066032
Lower,491,black birch,2021,1.4,3.0,1.4,0.0,annualized,3.5559999999999996,hardwood,1.3876287639133735,5.092597563562081,1.3876287639133735,0.0
Lower,491,black birch,2022,2.16,1.0,1.4,0.542857142857143,normal,5.486400000000001,hardwood,3.762031600730808,13.806655974682066,1.3876287639133735,1.7111225268357606
Lower,491,black birch,2023,1.4,1.0,2.16,-0.3518518518518519,normal,3.5559999999999996,hardwood,1.3876287639133735,5.092597563562081,3.762031600730808,-0.6311490941107953
Lower,491,black birch,2024,1.59,1.0,1.4,0.13571428571428584,normal,4.038600000000001,hardwood,1.8594829370740942,6.824302379061925,1.3876287639133735,0.3400435227574869
Lower,491,black birch,2025,1.46,1.0,1.59,-0.08176100628930824,normal,3.7084,hardwood,1.5282358380083156,5.608625525490519,1.8594829370740942,-0.1781393593140454
Lower,492,black birch,2015,1.56,,,,initial,3.9624,hardwood,1.7797761711023588,6.531778547945657,,
Lower,492,black birch,2016,1.56,1.0,1.56,0.0,normal,3.9624,hardwood,1.7797761711023588,6.531778547945657,1.7797761711023588,0.0
Lower,492,black birch,2017,1.56,1.0,1.56,0.0,normal,3.9624,hardwood,1.7797761711023588,6.531778547945657,1.7797761711023588,0.0
Lower,492,black birch,2018,1.65,1.0,1.56,0.0576923076923076,normal,4.191,hardwood,2.0248454630899557,7.4311828495401375,1.7797761711023588,0.13769669240812782
Lower,492,black birch,2021,1.7,3.0,1.65,0.010101010101010112,annualized,4.318,hardwood,2.1687591817568883,7.95934619704778,2.0248454630899557,0.023691309006090323
Lower,492,black birch,2022,1.27,1.0,1.7,-0.2529411764705882,normal,3.2258,hardwood,1.1089893355059486,4.069990861306831,2.1687591817568883,-0.4886526153597338
Lower,492,black birch,2023,1.7,1.0,1.27,0.3385826771653543,normal,4.318,hardwood,2.1687591817568883,7.95934619704778,1.1089893355059486,0.9556177073311948
Lower,493,black birch,2015,2.63,,,,initial,6.6802,hardwood,5.916665719450596,21.714163190383687,,
Lower,493,black birch,2016,2.5,1.0,2.63,-0.04942965779467677,normal,6.35,hardwood,5.265514724444983,19.324439038713088,5.916665719450596,-0.11005370691553575
Lower,493,black birch,2017,2.5,1.0,2.5,0.0,normal,6.35,hardwood,5.265514724444983,19.324439038713088,5.265514724444983,0.0
Lower,493,black birch,2018,2.5,1.0,2.5,0.0,normal,6.35,hardwood,5.265514724444983,19.324439038713088,5.265514724444983,0.0
Lower,493,black birch,2021,2.5,3.0,2.5,0.0,annualized,6.35,hardwood,5.265514724444983,19.324439038713088,5.265514724444983,0.0
Lower,493,black birch,2022,1.75,1.0,2.5,-0.3,normal,4.445,hardwood,2.3182823223737237,8.508096123111565,5.265514724444983,-0.5597235135225864
Lower,493,black birch,2023,2.56,1.0,1.75,0.4628571428571429,normal,6.502400000000001,hardwood,5.560716214113794,20.40782850579762,2.3182823223737237,1.3986363353795899
Lower,493,black birch,2024,2.48,1.0,2.56,-0.03125000000000003,normal,6.2992,hardwood,5.16913265435467,18.97071684148164,5.560716214113794,-0.070419626659824
Lower,493,black birch,2025,2.6,1.0,2.48,0.04838709677419359,normal,6.604,hardwood,5.762587222808233,21.148695107706214,5.16913265435467,0.11480737836232825
Lower,494,sugar maple,2015,2.13,,,,initial,5.4102,hardwood,3.64293900305432,13.369586141209354,,
Lower,494,sugar maple,2016,2.06,1.0,2.13,-0.03286384976525814,normal,5.2324,hardwood,3.373443326628323,12.380537008725945,3.64293900305432,-0.07397754291247971
Lower,494,sugar maple,2017,2.7,1.0,2.06,0.31067961165048547,normal,6.8580000000000005,hardwood,6.285147427752522,23.066491059851753,3.373443326628323,0.8631252459884595
Lower,494,sugar maple,2018,2.69,1.0,2.7,-0.003703703703703789,normal,6.8326,hardwood,6.231736128169562,22.87047159038229,6.285147427752522,-0.008498018574253075
Lower,494,sugar maple,2021,2.9,3.0,2.69,0.026022304832713748,annualized,7.366,hardwood,7.4078845743540365,27.186936387879314,6.231736128169562,0.06291175909860734
Lower,494,sugar maple,2022,2.32,1.0,2.9,-0.20000000000000004,normal,5.892799999999999,hardwood,4.434056031880801,16.272985637002538,7.4078845743540365,-0.4014409933935224
Lower,494,sugar maple,2023,3.0,1.0,2.32,0.29310344827586216,normal,7.62,hardwood,8.00862018634041,29.391636083869304,4.434056031880801,0.8061612502770698
Lower,494,sugar maple,2024,2.71,1.0,3.0,-0.09666666666666668,normal,6.8834,hardwood,6.3388165131557495,23.2634566032816,8.00862018634041,-0.20850079468529376
Lower,494,sugar maple,2025,2.66,1.0,2.71,-0.018450184501844952,normal,6.7564,hardwood,6.073046072588788,22.288079086400852,6.3388165131557495,-0.04192745444127848
Lower,495,black birch ,2015,3.81,,,,initial,9.6774,hardwood,13.877340858749765,50.92984095161164,,
Lower,495,black birch ,2016,3.9,1.0,3.81,0.02362204724409445,normal,9.906,hardwood,14.642910495857947,53.739481519798666,13.877340858749765,0.0551668828272302
Lower,495,black birch ,2017,3.93,1.0,3.9,0.007692307692307756,normal,9.9822,hardwood,14.90327370332485,54.695014491202194,14.642910495857947,0.017780837186743125
Lower,495,black birch ,2018,4.1,1.0,3.93,0.043256997455470604,normal,10.414,hardwood,16.427886061758493,60.29034184665367,14.90327370332485,0.10230050046611633
Lower,495,black birch ,2021,4.1,3.0,4.1,0.0,annualized,10.414,hardwood,16.427886061758493,60.29034184665367,16.427886061758493,0.0
Lower,495,black birch ,2022,2.94,1.0,4.1,-0.28292682926829266,normal,7.4676,hardwood,7.645003200576318,28.05716174611509,16.427886061758493,-0.5346325649060428
Lower,495,black birch ,2023,4.14,1.0,2.94,0.40816326530612235,normal,10.5156,hardwood,16.798851701127568,61.65178574313817,7.645003200576318,1.1973635929754989
Lower,495,black birch ,2024,4.1,1.0,4.14,-0.00966183574879228,normal,10.414,hardwood,16.427886061758493,60.29034184665367,16.798851701127568,-0.022082797441695088
Lower,495,black birch ,2025,4.15,1.0,4.1,0.012195121951219686,normal,10.541,hardwood,16.892325218227136,61.99483355089359,16.427886061758493,0.028271388949414708
Lower,496,black birch ,2015,3.81,,,,initial,9.6774,hardwood,13.877340858749765,50.92984095161164,,
Lower,496,black birch ,2016,3.88,1.0,3.81,0.01837270341207345,normal,9.8552,hardwood,14.470774652530535,53.107742974787065,13.877340858749765,0.042762788622188075
Lower,496,black birch ,2017,4.0,1.0,3.88,0.03092783505154642,normal,10.16,hardwood,15.520896100149127,56.961688687547294,14.470774652530535,0.0725684334691063
Lower,496,black birch ,2018,4.25,1.0,4.0,0.0625,normal,10.795,hardwood,17.84322495219531,65.48463557455679,15.520896100149127,0.14962595181755456
Lower,496,black birch ,2021,4.3,3.0,4.25,0.0039215686274509665,annualized,10.921999999999999,hardwood,18.32973808966056,67.27013878905424,17.84322495219531,0.009088662293740632
Lower,496,black birch ,2022,4.8,1.0,4.3,0.11627906976744186,normal,12.192,hardwood,23.606611760229864,86.63626516004359,18.32973808966056,0.28788592857995526
Lower,496,black birch ,2023,4.44,1.0,4.8,-0.07499999999999989,normal,11.277600000000001,hardwood,19.731479148654344,72.41452847556144,23.606611760229864,-0.16415454496116924
Lower,496,black birch ,2024,4.51,1.0,4.44,0.01576576576576563,normal,11.4554,hardwood,20.454311140922254,75.06732188718468,19.731479148654344,0.03663344176187652
Lower,496,black birch ,2025,4.5,1.0,4.51,-0.0022172949002216822,normal,11.43,hardwood,20.350148995533267,74.68504681360709,20.454311140922254,-0.005092429887829026
Lower,498,black birch ,2015,1.63,,,,initial,4.1402,hardwood,1.9688394451307334,7.225640763629792,,
Lower,498,black birch ,2016,1.4,1.0,1.63,-0.1411042944785276,normal,3.5559999999999996,hardwood,1.3876287639133735,5.092597563562081,1.9688394451307334,-0.2952047119204109
Lower,498,black birch ,2017,1.43,1.0,1.4,0.02142857142857145,normal,3.6322,hardwood,1.456973651174651,5.347093299810969,1.3876287639133735,0.04997365942870182
Lower,498,black birch ,2018,1.5,1.0,1.43,0.048951048951048994,normal,3.81,hardwood,1.6262552344654801,5.968356710488312,1.456973651174651,0.11618712744348526
Lower,498,black birch ,2021,1.5,3.0,1.5,0.0,annualized,3.81,hardwood,1.6262552344654801,5.968356710488312,1.6262552344654801,0.0
Lower,498,black birch ,2022,4.4,1.0,1.5,1.9333333333333336,normal,11.176000000000002,hardwood,19.325020688900146,70.92282592826353,1.6262552344654801,10.883141267952274
Lower,498,black birch ,2023,1.58,1.0,4.4,-0.6409090909090909,normal,4.0132,hardwood,1.8326946481058064,6.7259893585483095,19.325020688900146,-0.9051646734247242
Lower,498,black birch ,2024,1.49,1.0,1.58,-0.05696202531645574,normal,3.7846,hardwood,1.601427304374604,5.877238207054797,1.8326946481058064,-0.1261897850633385
Lower,498,black birch ,2025,1.56,1.0,1.49,0.046979865771812124,normal,3.9624,hardwood,1.7797761711023588,6.531778547945657,1.601427304374604,0.11136869356514713
Lower,499,black birch ,2015,1.69,,,,initial,4.2926,hardwood,2.1395292698437465,7.852072420326549,,
Lower,499,black birch ,2016,1.7,1.0,1.69,0.0059171597633136145,normal,4.318,hardwood,2.1687591817568883,7.95934619704778,2.1395292698437465,0.013661842502054926
Lower,499,black birch ,2017,1.8,1.0,1.7,0.05882352941176476,normal,4.572,hardwood,2.473463883486683,9.077612452396126,2.1687591817568883,0.14049725035997626
Lower,499,black birch ,2018,1.65,1.0,1.8,-0.08333333333333341,normal,4.191,hardwood,2.0248454630899557,7.4311828495401375,2.473463883486683,-0.18137253727122907
Lower,499,black birch ,2021,2.0,3.0,1.65,0.07070707070707073,annualized,5.08,hardwood,3.1517212627355704,11.566817034239543,2.0248454630899557,0.1855081157528567
Lower,499,black birch ,2022,1.32,1.0,2.0,-0.33999999999999997,normal,3.3528000000000002,hardwood,1.2119894889187572,4.448001424331839,3.1517212627355704,-0.6154515618977048
Lower,499,black birch ,2023,1.4,1.0,1.32,0.06060606060606049,normal,3.5559999999999996,hardwood,1.3876287639133735,5.092597563562081,1.2119894889187572,0.14491815036391775
Lower,499,black birch ,2024,1.62,1.0,1.4,0.1571428571428573,normal,4.114800000000001,hardwood,1.9411689908145058,7.124090196289236,1.3876287639133735,0.3989108912242817
Lower,499,black birch ,2025,1.7,1.0,1.62,0.049382716049382616,normal,4.318,hardwood,2.1687591817568883,7.95934619704778,1.9411689908145058,0.11724388346368891
Lower,503,Sugar Maple,2024,2.99,,,,initial,7.594600000000001,hardwood,7.947353752621641,29.166788272121423,,
Lower,503,Sugar Maple,2025,1.74,1.0,2.99,-0.4180602006688964,normal,4.4196,hardwood,2.2879265742874124,8.396690527634803,7.947353752621641,-0.7121146679128658
Lower,505,Mockernut Hickory,2021,2.0,,,,initial,5.08,hardwood,3.1517212627355704,11.566817034239543,,
Lower,505,Mockernut Hickory,2022,1.38,1.0,2.0,-0.31000000000000005,normal,3.5052,hardwood,1.3424580094211813,4.9268208945757355,3.1517212627355704,-0.5740556040618958
Lower,505,Mockernut Hickory,2023,1.0,1.0,1.38,-0.27536231884057966,normal,2.54,hardwood,0.639998287075967,2.348793713568799,1.3424580094211813,-0.5232638320271107
Lower,505,Mockernut Hickory,2024,1.0,1.0,1.0,0.0,normal,2.54,hardwood,0.639998287075967,2.348793713568799,0.639998287075967,0.0
Lower,505,Mockernut Hickory,2025,1.1,1.0,1.0,0.10000000000000009,normal,2.7940000000000005,hardwood,0.7968599273391748,2.9244759333347714,0.639998287075967,0.24509696889952542
Lower,506,Musclewood,2021,1.1,,,,initial,2.7940000000000005,hardwood,0.7968599273391748,2.9244759333347714,,
Lower,506,Musclewood,2022,0.9,1.0,1.1,-0.18181818181818185,normal,2.286,hardwood,0.5022692416656648,1.8433281169129898,0.7968599273391748,-0.369689421649284
Lower,506,Musclewood,2023,1.15,1.0,0.9,0.2777777777777776,normal,2.921,hardwood,0.8826404862616459,3.2392905845802407,0.5022692416656648,0.7573054709353974
Lower,506,Musclewood,2024,1.3,1.0,1.15,0.1304347826086958,normal,3.302,hardwood,1.1701688202344531,4.294519570260443,0.8826404862616459,0.3257592852902213
Lower,506,Musclewood,2025,1.7,1.0,1.3,0.3076923076923076,normal,4.318,hardwood,2.1687591817568883,7.95934619704778,1.1701688202344531,0.8533729016317143
Lower,507,Muscle Wood,2021,1.25,,,,initial,3.175,hardwood,1.0692317382448702,3.9240804793586737,,
Lower,507,Muscle Wood,2022,1.2,1.0,1.25,-0.040000000000000036,normal,3.048,hardwood,0.9734097176302422,3.5724136637029886,1.0692317382448702,-0.08961763590362418
Lower,507,Muscle Wood,2023,1.25,1.0,1.2,0.041666666666666706,normal,3.175,hardwood,1.0692317382448702,3.9240804793586737,0.9734097176302422,0.09843955621062206
Lower,507,Muscle Wood,2024,1.25,1.0,1.25,0.0,normal,3.175,hardwood,1.0692317382448702,3.9240804793586737,1.0692317382448702,0.0
Lower,507,Muscle Wood,2025,1.23,1.0,1.25,-0.016000000000000014,normal,3.1242,hardwood,1.030292570058792,3.781173732115766,1.0692317382448702,-0.03641789407598054
Lower,508,Musclewood ,2021,1.0,,,,initial,2.54,hardwood,0.639998287075967,2.348793713568799,,
Lower,508,Musclewood ,2022,1.25,1.0,1.0,0.25,normal,3.175,hardwood,1.0692317382448702,3.9240804793586737,0.639998287075967,0.670679062486231
Lower,508,Musclewood ,2023,1.56,1.0,1.25,0.24800000000000005,normal,3.9624,hardwood,1.7797761711023588,6.531778547945657,1.0692317382448702,0.66453735653586
Lower,508,Musclewood ,2024,3.5,1.0,1.56,1.2435897435897436,normal,8.89,hardwood,11.416561318986751,41.89878004068138,1.7797761711023588,5.414605108414029
Lower,508,Musclewood ,2025,1.57,1.0,3.5,-0.5514285714285714,normal,3.9878,hardwood,1.8061258653527268,6.628481925844508,11.416561318986751,-0.8417977344588883
Lower,509,shagbark hickory,2021,1.5,,,,initial,3.81,hardwood,1.6262552344654801,5.968356710488312,,
Lower,509,shagbark hickory,2022,1.55,1.0,1.5,0.03333333333333336,normal,3.9370000000000003,hardwood,1.7536451457755964,6.435877684996439,1.6262552344654801,0.07833328287609596
Lower,509,shagbark hickory,2023,1.5,1.0,1.55,-0.03225806451612906,normal,3.81,hardwood,1.6262552344654801,5.968356710488312,1.7536451457755964,-0.0726429241497285
Lower,509,shagbark hickory,2025,1.7,2.0,1.5,0.06666666666666665,annualized,4.318,hardwood,2.1687591817568883,7.95934619704778,1.6262552344654801,0.16679544999888013
Lower,511,Sugar maple,2021,0.9,,,,initial,2.286,hardwood,0.5022692416656648,1.8433281169129898,,
Lower,511,Sugar maple,2022,1.32,1.0,0.9,0.4666666666666667,normal,3.3528000000000002,hardwood,1.2119894889187572,4.448001424331839,0.5022692416656648,1.4130274927834767
Lower,511,Sugar maple,2023,1.0,1.0,1.32,-0.24242424242424246,normal,2.54,hardwood,0.639998287075967,2.348793713568799,1.2119894889187572,-0.47194402845281797
Lower,511,Sugar maple,2024,1.0,1.0,1.0,0.0,normal,2.54,hardwood,0.639998287075967,2.348793713568799,0.639998287075967,0.0
Lower,511,Sugar maple,2025,1.7,1.0,1.0,0.7,normal,4.318,hardwood,2.1687591817568883,7.95934619704778,0.639998287075967,2.388695291147646
Lower,800,Musclewood,2022,1.0,,,,initial,2.54,hardwood,0.639998287075967,2.348793713568799,,
Lower,800,Musclewood,2023,2.7,1.0,1.0,1.7000000000000002,normal,6.8580000000000005,hardwood,6.285147427752522,23.066491059851753,0.639998287075967,8.820569140064718
Lower,800,Musclewood,2024,1.74,1.0,2.7,-0.3555555555555556,normal,4.4196,hardwood,2.2879265742874124,8.396690527634803,6.285147427752522,-0.6359788532270687
Lower,800,Musclewood,2025,2.25,1.0,1.74,0.2931034482758621,normal,5.715,hardwood,4.132364321957084,15.165777061582498,2.2879265742874124,0.806161250277069
Middle,1000,Red Oak,2022,10.0,,,,initial,25.4,hardwood,127.69644638473106,468.645958231963,,
Middle,1000,Red Oak,2023,10.1,1.0,10.0,0.009999999999999964,normal,25.654,hardwood,130.65257432763767,479.49494778243024,127.69644638473106,0.023149649239260862
Middle,1000,Red Oak,2024,10.2,1.0,10.1,0.009900990099009866,normal,25.907999999999998,hardwood,133.64699758738178,490.4844811456911,130.65257432763767,0.022918976339761896
Middle,1000,Red Oak,2025,10.3,1.0,10.2,0.009803921568627591,normal,26.162000000000003,hardwood,136.67982952173418,501.61497434476445,133.64699758738178,0.02269285497692875
Middle,401,Beech,2024,3.19,,,,initial,8.1026,hardwood,9.223534629485762,33.850372090212744,,
Middle,401,Beech,2025,3.2,1.0,3.19,0.0031347962382445864,normal,8.128,hardwood,9.290172151347615,34.094931795445746,9.223534629485762,0.007224727237303013
Middle,416 (was 683),Sugar Maple,2022,2.25,,,,initial,5.715,hardwood,4.132364321957084,15.165777061582498,,
Middle,416 (was 683),Sugar Maple,2023,5.96,1.0,2.25,1.6488888888888888,normal,15.1384,hardwood,38.83695832484282,142.53163705217315,4.132364321957084,8.398241611584158
Middle,416 (was 683),Sugar Maple,2024,2.88,1.0,5.96,-0.5167785234899329,normal,7.3152,hardwood,7.29090657839054,26.75762714269328,38.83695832484282,-0.8122688569633227
Middle,416 (was 683),Sugar Maple,2025,3.2,1.0,2.88,0.11111111111111122,normal,8.128,hardwood,9.290172151347615,34.094931795445746,7.29090657839054,0.2742135770718395
Middle,417 (was 654),Sugar Maple,2022,6.87,,,,initial,17.4498,hardwood,53.849206346271494,197.6265872908164,,
Middle,417 (was 654),Sugar Maple,2023,7.02,1.0,6.87,0.0218340611353711,normal,17.8308,hardwood,56.591886247241774,207.6922225273773,53.849206346271494,0.0509325965425335
Middle,417 (was 654),Sugar Maple,2024,7.07,1.0,7.02,0.007122507122507224,normal,17.957800000000002,hardwood,57.523256374201445,211.1103508933193,56.591886247241774,0.01645766184379593
Middle,417 (was 654),Sugar Maple,2025,7.3,1.0,7.07,0.03253182461103247,normal,18.541999999999998,hardwood,61.91863730426167,227.24139890664034,57.523256374201445,0.07641050258815855
Middle,479,Sugar Maple,2024,5.69,,,,initial,14.4526,hardwood,34.90896914125528,128.11591674840687,,
Middle,479,Sugar Maple,2025,5.9,1.0,5.69,0.036906854130052714,normal,14.986,hardwood,37.9435917037269,139.25298155267774,34.90896914125528,0.0869295953768317
Middle,510,Beech,2024,1.5,,,,initial,3.81,hardwood,1.6262552344654801,5.968356710488312,,
Middle,510,Beech,2025,1.5,1.0,1.5,0.0,normal,3.81,hardwood,1.6262552344654801,5.968356710488312,1.6262552344654801,0.0
Middle,516 (was 679),Sugar Maple,2022,3.0,,,,initial,7.62,hardwood,8.00862018634041,29.391636083869304,,
Middle,516 (was 679),Sugar Maple,2023,3.0,1.0,3.0,0.0,normal,7.62,hardwood,8.00862018634041,29.391636083869304,8.00862018634041,0.0
Middle,516 (was 679),Sugar Maple,2024,3.06,1.0,3.0,0.020000000000000018,normal,7.7724,hardwood,8.381815414795094,30.761262572297994,8.00862018634041,0.046599191842211396
Middle,516 (was 679),Sugar Maple,2025,3.2,1.0,3.06,0.04575163398692814,normal,8.128,hardwood,9.290172151347615,34.094931795445746,8.381815414795094,0.10837231454049238
Middle,596,Red Maple,2024,1.44,,,,initial,3.6576,hardwood,1.4805140849767895,5.433486691864817,,
Middle,596,Red Maple,2025,1.52,1.0,1.44,0.05555555555555561,normal,3.8608000000000002,hardwood,1.676559859116108,6.152974682956116,1.4805140849767895,0.13241736510895263
Middle,601,red oak,2022,21.94,,,,initial,55.7276,hardwood,778.0778372650766,2855.545662762831,,
Middle,601,red oak,2023,21.69,1.0,21.94,-0.011394712853236098,normal,55.092600000000004,hardwood,757.836958404744,2781.2616373454102,778.0778372650766,-0.02601395116390767
Middle,601,red oak,2024,23.75,1.0,21.69,0.09497464269248496,normal,60.325,hardwood,933.6951947624874,3426.661364778329,757.836958404744,0.23205286362376298
Middle,601,red oak,2025,23.8,1.0,23.75,0.0021052631578947667,normal,60.452000000000005,hardwood,938.2224331817863,3443.2763297771558,933.6951947624874,0.004848732696381212
Middle,602,sugar maple,2022,0.28,,,,initial,0.7112,hardwood,0.03424855744875447,0.1256922058369289,,
Middle,602,sugar maple,2023,1.48,1.0,0.28,4.285714285714286,normal,3.7592,hardwood,1.5768150521300262,5.7869112413171955,0.03424855744875447,45.04033482255092
Middle,602,sugar maple,2024,2.44,1.0,1.48,0.6486486486486487,normal,6.1975999999999996,hardwood,4.979381623436866,18.274330558013297,1.5768150521300262,2.1578729646894943
Middle,602,sugar maple,2025,2.5,1.0,2.44,0.024590163934426253,normal,6.35,hardwood,5.265514724444983,19.324439038713088,4.979381623436866,0.057463581353425636
Middle,603,sugar maple,2022,6.53,,,,initial,16.5862,hardwood,47.915842482077075,175.85114190922286,,
Middle,603,sugar maple,2023,6.84,1.0,6.53,0.047473200612557366,normal,17.3736,hardwood,53.30989726366762,195.64732295766018,47.915842482077075,0.11257351435713969
Middle,603,sugar maple,2024,10.63,1.0,6.84,0.5540935672514621,normal,27.000200000000003,hardwood,146.96209014335213,539.3508708261023,53.30989726366762,1.7567505789119469
Middle,603,sugar maple,2025,10.67,1.0,10.63,0.003762935089369628,normal,27.1018,hardwood,148.23712256626746,544.0302398182016,146.96209014335213,0.008675927388291892
Middle,604,sugar maple,2022,5.69,,,,initial,14.4526,hardwood,34.90896914125528,128.11591674840687,,
Middle,604,sugar maple,2023,5.94,1.0,5.69,0.04393673110720562,normal,15.087600000000002,hardwood,38.53786358273381,141.4339593486331,34.90896914125528,0.1039530679578253
Middle,604,sugar maple,2024,6.88,1.0,5.94,0.15824915824915817,normal,17.4752,hardwood,54.02965812854221,198.2888453317499,38.53786358273381,0.4019889299921964
Middle,604,sugar maple,2025,7.0,1.0,6.88,0.017441860465116296,normal,17.78,hardwood,56.22174274992082,206.33379589220942,54.02965812854221,0.04057187658236544
Middle,605,Red Oak,2022,48.5,,,,initial,123.19,hardwood,4823.7502090723,17703.163267295342,,
Middle,605,Red Oak,2023,48.54,1.0,48.5,0.0008247422680412195,normal,123.2916,hardwood,4832.9053213243415,17736.762529260333,4823.7502090723,0.001897924199064625
Middle,605,Red Oak,2024,48.6,1.0,48.54,0.0012360939431397256,normal,123.444,hardwood,4846.656389755285,17787.228950401895,4832.9053213243415,0.002845300604228573
Middle,605,Red Oak,2025,50.3,1.0,48.6,0.03497942386831267,normal,127.762,hardwood,5245.479296554621,19250.909018355458,4846.656389755285,0.08228825704301132
Middle,606,Sugar maple,2022,2.25,,,,initial,5.715,hardwood,4.132364321957084,15.165777061582498,,
Middle,606,Sugar maple,2023,1.05,1.0,2.25,-0.5333333333333333,normal,2.6670000000000003,hardwood,0.716001940745964,2.6277271225376877,4.132364321957084,-0.8267331036274976
Middle,606,Sugar maple,2024,3.18,1.0,1.05,2.0285714285714285,normal,8.077200000000001,hardwood,9.15716811875587,33.60680699583404,0.716001940745964,11.789306282068884
Middle,606,Sugar maple,2025,3.3,1.0,3.18,0.03773584905660367,normal,8.382,hardwood,9.971508719079994,36.595436999023576,9.15716811875587,0.08892930541006207
Middle,607,Sugar maple,2022,0.63,,,,initial,1.6002,hardwood,0.2211373369862338,0.8115740267394781,,
Middle,607,Sugar maple,2023,0.84,1.0,0.63,0.33333333333333326,normal,2.1336,hardwood,0.4285694103812142,1.572849736099056,0.2211373369862338,0.9380237467899571
Middle,607,Sugar maple,2024,1.81,1.0,0.84,1.1547619047619049,normal,4.5974,hardwood,2.5051834491849845,9.194023258508892,0.4285694103812142,4.845455574994523
Middle,607,Sugar maple,2025,1.8,1.0,1.81,-0.005524861878453044,normal,4.572,hardwood,2.473463883486683,9.077612452396126,2.5051834491849845,-0.012661574029087868
Middle,608,Sugar maple,2022,2.25,,,,initial,5.715,hardwood,4.132364321957084,15.165777061582498,,
Middle,608,Sugar maple,2023,2.45,1.0,2.25,0.08888888888888896,normal,6.223000000000001,hardwood,5.026443505177434,18.447047664001182,4.132364321957084,0.21636020291572805
Middle,608,Sugar maple,2024,3.45,1.0,2.45,0.4081632653061224,normal,8.763,hardwood,11.044923960425043,40.53487093475991,5.026443505177434,1.1973635929754982
Middle,608,Sugar maple,2025,3.47,1.0,3.45,0.005797101449275368,normal,8.8138,hardwood,11.192744848648362,41.07737359453949,11.044923960425043,0.013383603975271703
Middle,609,Sugar maple,2022,1.19,,,,initial,3.0225999999999997,hardwood,0.954853672559553,3.5043129782935596,,
Middle,609,Sugar maple,2023,1.23,1.0,1.19,0.033613445378151294,normal,3.1242,hardwood,1.030292570058792,3.781173732115766,0.954853672559553,0.07900571539618172
Middle,609,Sugar maple,2024,2.14,1.0,1.23,0.7398373983739839,normal,5.4356,hardwood,3.682396001582103,13.514393325806319,1.030292570058792,2.5741265234708752
Middle,609,Sugar maple,2025,2.2,1.0,2.14,0.028037383177570117,normal,5.588000000000001,hardwood,3.9241985910482433,14.401808829147052,3.682396001582103,0.06566447208889327
Middle,610,Sugar maple,2022,4.0,,,,initial,10.16,hardwood,15.520896100149127,56.961688687547294,,
Middle,610,Sugar maple,2023,3.23,1.0,4.0,-0.1925,normal,8.2042,hardwood,9.49171332685186,34.83458790954633,15.520896100149127,-0.38845584265198047
Middle,610,Sugar maple,2024,4.0,1.0,3.23,0.23839009287925697,normal,10.16,hardwood,15.520896100149127,56.961688687547294,9.49171332685186,0.6352048956473257
Middle,610,Sugar maple,2025,4.1,1.0,4.0,0.02499999999999991,normal,10.414,hardwood,16.427886061758493,60.29034184665367,15.520896100149127,0.05843670080367662
Middle,611,sugar maple,2022,2.5,,,,initial,6.35,hardwood,5.265514724444983,19.324439038713088,,
Middle,611,sugar maple,2023,1.48,1.0,2.5,-0.40800000000000003,normal,3.7592,hardwood,1.5768150521300262,5.7869112413171955,5.265514724444983,-0.7005392379191889
Middle,611,sugar maple,2024,2.33,1.0,1.48,0.5743243243243243,normal,5.918200000000001,hardwood,4.47813755810549,16.434764838247148,1.5768150521300262,1.8399890983132352
Middle,611,sugar maple,2025,2.5,1.0,2.33,0.0729613733905579,normal,6.35,hardwood,5.265514724444983,19.324439038713088,4.47813755810549,0.1758269271818882
Middle,612,sugar maple,2022,5.63,,,,initial,14.3002,hardwood,34.068116192315905,125.02998642579936,,
Middle,612,sugar maple,2023,4.72,1.0,5.63,-0.1616341030195382,normal,11.9888,hardwood,22.711478557264556,83.35112630516092,34.068116192315905,-0.333350912945778
Middle,612,sugar maple,2024,5.9,1.0,4.72,0.25000000000000017,normal,14.986,hardwood,37.9435917037269,139.25298155267774,22.711478557264556,0.6706790624862317
Middle,612,sugar maple,2025,6.0,1.0,5.9,0.01694915254237282,normal,15.24,hardwood,39.43907200405727,144.7413942548902,37.9435917037269,0.03941325091223458
Middle,613,mockernut hickory,2022,10.0,,,,initial,25.4,hardwood,127.69644638473106,468.645958231963,,
Middle,613,mockernut hickory,2023,8.82,1.0,10.0,-0.11799999999999997,normal,22.402800000000003,hardwood,95.66576691400603,351.09336457440213,127.69644638473106,-0.2508345406435289
Middle,613,mockernut hickory,2024,10.0,1.0,8.82,0.13378684807256233,normal,25.4,hardwood,127.69644638473106,468.645958231963,95.66576691400603,0.3348186138466586
Middle,613,mockernut hickory,2025,10.0,1.0,10.0,0.0,normal,25.4,hardwood,127.69644638473106,468.645958231963,127.69644638473106,0.0
Middle,614,sugar maple,2022,4.38,,,,initial,11.1252,hardwood,19.123583029698775,70.1835497189945,,
Middle,614,sugar maple,2023,4.5,1.0,4.38,0.02739726027397263,normal,11.43,hardwood,20.350148995533267,74.68504681360709,19.123583029698775,0.06413892019762431
Middle,614,sugar maple,2024,4.55,1.0,4.5,0.011111111111111072,normal,11.557,hardwood,20.87396850827397,76.60746442536546,20.350148995533267,0.025740328134977106
Middle,614,sugar maple,2025,5.05,1.0,4.55,0.10989010989010989,normal,12.827,hardwood,26.53071664693372,97.36773009424675,20.87396850827397,0.2709953373943984
Middle,615,mockernut hickory,2022,10.0,,,,initial,25.4,hardwood,127.69644638473106,468.645958231963,,
Middle,615,mockernut hickory,2023,17.4,1.0,10.0,0.7399999999999999,normal,44.196,hardwood,456.5013673091518,1675.3600180245871,127.69644638473106,2.5748948403292187
Middle,615,mockernut hickory,2024,17.65,1.0,17.4,0.014367816091954025,normal,44.830999999999996,hardwood,471.7279879263785,1731.241715689809,456.5013673091518,0.033355038358329606
Middle,615,mockernut hickory,2025,17.75,1.0,17.65,0.00566572237960348,normal,45.085,hardwood,477.8978026014306,1753.8849355472503,471.7279879263785,0.01307917874912063
Middle,616,sugar maple,2022,5.63,,,,initial,14.3002,hardwood,34.068116192315905,125.02998642579936,,
Middle,616,sugar maple,2023,1.8,1.0,5.63,-0.680284191829485,normal,4.572,hardwood,2.473463883486683,9.077612452396126,34.068116192315905,-0.9273965173323973
Middle,616,sugar maple,2024,1.75,1.0,1.8,-0.0277777777777778,normal,4.445,hardwood,2.3182823223737237,8.508096123111565,2.473463883486683,-0.06273855953546811
Middle,616,sugar maple,2025,1.8,1.0,1.75,0.0285714285714286,normal,4.572,hardwood,2.473463883486683,9.077612452396126,2.3182823223737237,0.06693816349083262
Middle,617,sugar maple,2022,3.88,,,,initial,9.8552,hardwood,14.470774652530535,53.107742974787065,,
Middle,617,sugar maple,2023,3.95,1.0,3.88,0.018041237113402137,normal,10.033000000000001,hardwood,15.078291379656756,55.337329363340295,14.470774652530535,0.041982322419759556
Middle,617,sugar maple,2024,3.95,1.0,3.95,0.0,normal,10.033000000000001,hardwood,15.078291379656756,55.337329363340295,15.078291379656756,0.0
Middle,617,sugar maple,2025,4.0,1.0,3.95,0.01265822784810122,normal,10.16,hardwood,15.520896100149127,56.961688687547294,15.078291379656756,0.029353771547983337
Middle,618,norway maple,2022,1.88,,,,initial,4.7752,hardwood,2.7336434258813203,10.032471372984444,,
Middle,618,norway maple,2023,2.0,1.0,1.88,0.06382978723404262,normal,5.08,hardwood,3.1517212627355704,11.566817034239543,2.7336434258813203,0.15293795558558002
Middle,618,norway maple,2024,2.0,1.0,2.0,0.0,normal,5.08,hardwood,3.1517212627355704,11.566817034239543,3.1517212627355704,0.0
Middle,618,norway maple,2025,2.1,1.0,2.0,0.050000000000000044,normal,5.3340000000000005,hardwood,3.5260071571740457,12.940446266828747,3.1517212627355704,0.11875602670320211
Middle,619,sugar maple,2022,6.5,,,,initial,16.51,hardwood,47.411045443928835,173.99853677921882,,
Middle,619,sugar maple,2023,6.7,1.0,6.5,0.030769230769230795,normal,17.018,hardwood,50.833598900463016,186.55930796469926,47.411045443928835,0.07218894720602397
Middle,619,sugar maple,2024,6.48,1.0,6.7,-0.03283582089552235,normal,16.459200000000003,hardwood,47.07619196438106,172.7696245092785,50.833598900463016,-0.07391581586500129
Middle,619,sugar maple,2025,6.7,1.0,6.48,0.033950617283950574,normal,17.018,hardwood,50.833598900463016,186.55930796469926,47.07619196438106,0.07981543916986526
Middle,620,sugar maple,2022,2.38,,,,initial,6.0451999999999995,hardwood,4.702251058134278,17.2572613833528,,
Middle,620,sugar maple,2023,2.4,1.0,2.38,0.008403361344537823,normal,6.096,hardwood,4.7936317430245,17.592628496899916,4.702251058134278,0.019433391318429347
Middle,620,sugar maple,2024,2.38,1.0,2.4,-0.008333333333333342,normal,6.0451999999999995,hardwood,4.702251058134278,17.2572613833528,4.7936317430245,-0.01906293386495435
Middle,620,sugar maple,2025,2.4,1.0,2.38,0.008403361344537823,normal,6.096,hardwood,4.7936317430245,17.592628496899916,4.702251058134278,0.019433391318429347
Middle,621,mockernut hickory,2022,6.75,,,,initial,17.145,hardwood,51.71035140944077,189.77698967264763,,
Middle,621,mockernut hickory,2023,6.6,1.0,6.75,-0.022222222222222275,normal,16.764,hardwood,49.10546900846182,180.21707126105485,51.71035140944077,-0.050374486538557486
Middle,621,mockernut hickory,2024,6.48,1.0,6.6,-0.018181818181818063,normal,16.459200000000003,hardwood,47.07619196438106,172.7696245092785,49.10546900846182,-0.041324868391564976
Middle,621,mockernut hickory,2025,6.5,1.0,6.48,0.0030864197530863537,normal,16.51,hardwood,47.411045443928835,173.99853677921882,47.07619196438106,0.007113011175609373
Middle,622,Red Oak,2022,17.0,,,,initial,43.18,hardwood,432.7243465602261,1588.0983518760297,,
Middle,622,Red Oak,2023,16.7,1.0,17.0,-0.017647058823529453,normal,42.418,hardwood,415.3619362137748,1524.3783059045536,432.7243465602261,-0.040123488508254736
Middle,622,Red Oak,2024,16.52,1.0,16.7,-0.010778443113772438,normal,41.9608,hardwood,405.1370024418308,1486.852798961519,415.3619362137748,-0.024616925337813133
Middle,622,Red Oak,2025,16.9,1.0,16.52,0.023002421307505995,normal,42.925999999999995,hardwood,426.8922123892106,1566.6944194684029,405.1370024418308,0.05369840280265042
Middle,623,Sugar Maple,2022,5.13,,,,initial,13.0302,hardwood,27.507349872243513,100.95197403113369,,
Middle,623,Sugar Maple,2023,5.22,1.0,5.13,0.01754385964912278,normal,13.258799999999999,hardwood,28.629974982304752,105.07200818505844,27.507349872243513,0.040811823577160816
Middle,623,Sugar Maple,2024,5.3,1.0,5.22,0.015325670498084306,normal,13.462,hardwood,29.64922266914349,108.81264719575661,28.629974982304752,0.03560071873861931
Middle,623,Sugar Maple,2025,5.3,1.0,5.3,0.0,normal,13.462,hardwood,29.64922266914349,108.81264719575661,29.64922266914349,0.0
Middle,624,Red Oak,2022,46.53,,,,initial,118.1862,hardwood,4384.951886237319,16092.77342249096,,
Middle,624,Red Oak,2023,43.7,1.0,46.53,-0.0608209757145927,normal,110.998,hardwood,3795.6496302925307,13930.034143173587,4384.951886237319,-0.13439195485687808
Middle,624,Red Oak,2024,51.19,1.0,43.7,0.17139588100686487,normal,130.02259999999998,hardwood,5461.40784189968,20043.366779771823,3795.6496302925307,0.43885984583850246
Middle,624,Red Oak,2025,51.4,1.0,51.19,0.004102363742918556,normal,130.556,hardwood,5513.076074384793,20232.98919299219,5461.40784189968,0.009460606858311725
Middle,625,Sugar Maple,2022,5.52,,,,initial,14.0208,hardwood,32.5565735155881,119.48262480220832,,
Middle,625,Sugar Maple,2023,1.5,1.0,5.52,-0.7282608695652174,normal,3.81,hardwood,1.6262552344654801,5.968356710488312,32.5565735155881,-0.9500483294506767
Middle,625,Sugar Maple,2024,5.63,1.0,1.5,2.7533333333333334,normal,14.3002,hardwood,34.068116192315905,125.02998642579936,1.6262552344654801,19.94881262811951
Middle,625,Sugar Maple,2025,5.7,1.0,5.63,0.012433392539964526,normal,14.478000000000002,hardwood,35.05023867647802,128.63437594267432,34.068116192315905,0.028828200497438432
Middle,626,Sugar Maple,2022,1.43,,,,initial,3.6322,hardwood,1.456973651174651,5.347093299810969,,
Middle,626,Sugar Maple,2023,1.5,1.0,1.43,0.048951048951048994,normal,3.81,hardwood,1.6262552344654801,5.968356710488312,1.456973651174651,0.11618712744348526
Middle,626,Sugar Maple,2024,1.5,1.0,1.5,0.0,normal,3.81,hardwood,1.6262552344654801,5.968356710488312,1.6262552344654801,0.0
Middle,626,Sugar Maple,2025,1.5,1.0,1.5,0.0,normal,3.81,hardwood,1.6262552344654801,5.968356710488312,1.6262552344654801,0.0
Middle,627,Sugar Maple,2022,12.87,,,,initial,32.6898,hardwood,228.14421949355003,837.2892855413286,,
Middle,627,Sugar Maple,2023,13.0,1.0,12.87,0.010101010101010163,normal,33.02,hardwood,233.4793749165397,856.8693059437007,228.14421949355003,0.023385012492681274
Middle,627,Sugar Maple,2024,13.19,1.0,13.0,0.014615384615384577,normal,33.5026,hardwood,241.40254334054612,885.9473340598042,233.4793749165397,0.033935196318041566
Middle,627,Sugar Maple,2025,13.4,1.0,13.19,0.015921152388172922,normal,34.036,hardwood,250.33400518608528,918.725799032933,241.40254334054612,0.03699820938895231
Middle,628,Sugar Maple,2022,4.5,,,,initial,11.43,hardwood,20.350148995533267,74.68504681360709,,
Middle,628,Sugar Maple,2023,4.45,1.0,4.5,-0.011111111111111072,normal,11.303,hardwood,19.833841435142535,72.7901980669731,20.350148995533267,-0.025371193130038442
Middle,628,Sugar Maple,2024,4.63,1.0,4.45,0.040449438202247126,normal,11.7602,hardwood,21.727766776672528,79.74090407038818,19.833841435142535,0.09548958771921241
Middle,628,Sugar Maple,2025,4.6,1.0,4.63,-0.006479481641468736,normal,11.684,hardwood,21.405324916793116,78.55754244463074,21.727766776672528,-0.014840082885351718
Middle,629,Sugar Maple,2022,6.09,,,,initial,15.4686,hardwood,40.81300615354787,149.78373258352067,,
Middle,629,Sugar Maple,2023,6.01,1.0,6.09,-0.013136288998357976,normal,15.2654,hardwood,39.59041892239694,145.2968374451968,40.81300615354787,-0.02995582404665983
Middle,630,Sugar Maple,2022,7.3,,,,initial,18.541999999999998,hardwood,61.91863730426167,227.24139890664034,,
Middle,630,Sugar Maple,2023,7.5,1.0,7.3,0.02739726027397263,normal,19.05,hardwood,65.89003184106538,241.81641685670994,61.91863730426167,0.0641389201976247
Middle,630,Sugar Maple,2024,7.56,1.0,7.5,0.007999999999999948,normal,19.2024,hardwood,67.10871782163238,246.28899440539084,65.89003184106538,0.018495756437128738
Middle,630,Sugar Maple,2025,7.6,1.0,7.56,0.005291005291005296,normal,19.304,hardwood,67.92819488567018,249.29647523040956,67.10871782163238,0.012211186424629338
Middle,631,Sugar Maple,2022,4.82,,,,initial,12.2428,hardwood,23.833454751036694,87.46877893630466,,
Middle,631,Sugar Maple,2023,4.9,1.0,4.82,0.016597510373443997,normal,12.446000000000002,hardwood,24.75311136157214,90.84391869696975,23.833454751036694,0.038586794073378936
Middle,631,Sugar Maple,2024,4.63,1.0,4.9,-0.05510204081632662,normal,11.7602,hardwood,21.727766776672528,79.74090407038818,24.75311136157214,-0.12222078027719362
Middle,631,Sugar Maple,2025,4.75,1.0,4.63,0.025917926565874754,normal,12.065,hardwood,23.044862105096374,84.5746439257037,21.727766776672528,0.060618071887531155
Middle,632,Red Oak,2022,29.28,,,,initial,74.3712,hardwood,1511.0967729264482,5545.725156640065,,
Middle,632,Red Oak,2023,29.5,1.0,29.28,0.007513661202185753,normal,74.93,hardwood,1537.3383049215438,5642.031579062065,1511.0967729264482,0.017365884478910767
Middle,632,Red Oak,2024,29.13,1.0,29.5,-0.012542372881355965,normal,73.9902,hardwood,1493.351100248955,5480.598537913665,1537.3383049215438,-0.028612573128354916
Middle,632,Red Oak,2025,29.9,1.0,29.13,0.02643323034672158,normal,75.946,hardwood,1585.7055446332456,5819.539348804011,1493.351100248955,0.061843758221957555
Middle,633,Sugar Maple,2022,8.81,,,,initial,22.3774,hardwood,95.41648218868723,350.1784896324821,,
Middle,633,Sugar Maple,2023,9.0,1.0,8.81,0.02156640181611799,normal,22.86,hardwood,100.21588898634975,367.7923125799036,95.41648218868723,0.05029955713701165
Middle,633,Sugar Maple,2024,9.88,1.0,9.0,0.09777777777777787,normal,25.095200000000002,hardwood,124.19948189734085,455.8120985632409,100.21588898634975,0.2393192651741867
Middle,633,Sugar Maple,2025,9.9,1.0,9.88,0.002024291497975665,normal,25.146,hardwood,124.77849961247537,457.9370935777846,124.19948189734085,0.004661997830338156
Middle,634,Sugar Maple,2022,5.3,,,,initial,13.462,hardwood,29.64922266914349,108.81264719575661,,
Middle,634,Sugar Maple,2023,5.17,1.0,5.3,-0.024528301886792434,normal,13.1318,hardwood,28.003161220120138,102.7716016778409,29.64922266914349,-0.05551786188096056
Middle,634,Sugar Maple,2024,5.13,1.0,5.17,-0.00773694390715668,normal,13.0302,hardwood,27.507349872243513,100.95197403113369,28.003161220120138,-0.0177055491692269
Middle,634,Sugar Maple,2025,5.1,1.0,5.13,-0.005847953216374317,normal,12.953999999999999,hardwood,27.138773514041727,99.59929879653313,27.507349872243513,-0.013399195484611194
Middle,635,White Ash,2022,14.59,,,,initial,37.0586,hardwood,304.44299307236906,1117.3057845755945,,
Middle,635,White Ash,2023,14.34,1.0,14.59,-0.017135023989033583,normal,36.4236,hardwood,292.5781299132175,1073.761736781508,304.44299307236906,-0.03897236405217968
Middle,636,Beech,2022,1.5,,,,initial,3.81,hardwood,1.6262552344654801,5.968356710488312,,
Middle,636,Beech,2023,1.87,1.0,1.5,0.24666666666666673,normal,4.7498000000000005,hardwood,2.7003154834785166,9.910157824366156,1.6262552344654801,0.6604499873392015
Middle,636,Beech,2024,1.88,1.0,1.87,0.005347593582887587,normal,4.7752,hardwood,2.7336434258813203,10.032471372984444,2.7003154834785166,0.012342240233304514
Middle,636,Beech,2025,1.9,1.0,1.88,0.010638297872340436,normal,4.826,hardwood,2.800993453630146,10.279645974822635,2.7336434258813203,0.024637458971852634
Middle,637,Sugar Maple,2022,2.06,,,,initial,5.2324,hardwood,3.373443326628323,12.380537008725945,,
Middle,637,Sugar Maple,2023,2.0,1.0,2.06,-0.029126213592233035,normal,5.08,hardwood,3.1517212627355704,11.566817034239543,3.373443326628323,-0.06572574145312783
Middle,637,Sugar Maple,2024,1.95,1.0,2.0,-0.025000000000000022,normal,4.953,hardwood,2.9734347849726235,10.912505660849527,3.1517212627355704,-0.05656797124508443
Middle,637,Sugar Maple,2025,2.0,1.0,1.95,0.025641025641025664,normal,5.08,hardwood,3.1517212627355704,11.566817034239543,2.9734347849726235,0.059959774017572215
Middle,638,Sugar Maple,2022,5.13,,,,initial,13.0302,hardwood,27.507349872243513,100.95197403113369,,
Middle,638,Sugar Maple,2023,5.06,1.0,5.13,-0.013645224171540018,normal,12.8524,hardwood,26.651705172208583,97.8117579820055,27.507349872243513,-0.031106039077153116
Middle,638,Sugar Maple,2024,5.05,1.0,5.06,-0.0019762845849801954,normal,12.827,hardwood,26.53071664693372,97.36773009424675,26.651705172208583,-0.004539616677173306
Middle,638,Sugar Maple,2025,5.3,1.0,5.05,0.04950495049504951,normal,13.462,hardwood,29.64922266914349,108.81264719575661,26.53071664693372,0.11754322597878984
Middle,639,Red Oak,2022,206.08,,,,initial,523.4432,hardwood,134419.18462513777,493318.4075742556,,
Middle,639,Red Oak,2023,60.94,1.0,206.08,-0.7042895962732919,normal,154.7876,hardwood,8155.572379180791,29930.950631593503,134419.18462513777,-0.9393273184782016
Middle,639,Red Oak,2024,61.0,1.0,60.94,0.0009845749917952458,normal,154.94,hardwood,8174.052676683807,29998.77332342957,8155.572379180791,0.002265971858724588
Middle,639,Red Oak,2025,52.0,1.0,61.0,-0.14754098360655737,normal,132.08,hardwood,5662.216903991863,20780.336037650137,8174.052676683807,-0.30729380786312593
Middle,640,The American Hophorn Beam,2022,5.13,,,,initial,13.0302,hardwood,27.507349872243513,100.95197403113369,,
Middle,640,The American Hophorn Beam,2023,4.89,1.0,5.13,-0.0467836257309942,normal,12.420599999999999,hardwood,24.63707738340499,90.41807399709631,27.507349872243513,-0.10434565678516317
Middle,640,The American Hophorn Beam,2024,5.0,1.0,4.89,0.02249488752556244,normal,12.7,hardwood,25.930436145543343,95.16470065414407,24.63707738340499,0.052496436245702285
Middle,640,The American Hophorn Beam,2025,5.1,1.0,5.0,0.019999999999999928,normal,12.953999999999999,hardwood,27.138773514041727,99.59929879653313,25.930436145543343,0.046599191842211285
Middle,642,Sugar Maple,2022,7.8,,,,initial,19.812,hardwood,72.1101498083406,264.64424979661,,
Middle,642,Sugar Maple,2023,7.73,1.0,7.8,-0.008974358974358897,normal,19.6342,hardwood,70.63039704637738,259.21355716020497,72.1101498083406,-0.02052072788499542
Middle,642,Sugar Maple,2024,7.75,1.0,7.73,0.0025873221216040844,normal,19.685,hardwood,71.05141434398648,260.7586906424304,70.63039704637738,0.0059608513503421005
Middle,642,Sugar Maple,2025,7.8,1.0,7.75,0.006451612903225784,normal,19.812,hardwood,72.1101498083406,264.64424979661,71.05141434398648,0.014900976625579616
Middle,643,Sugar Maple,2022,29.7,,,,initial,75.438,hardwood,1561.4160709450828,5730.396980368454,,
Middle,643,Sugar Maple,2023,29.5,1.0,29.7,-0.00673400673400671,normal,74.93,hardwood,1537.3383049215438,5642.031579062065,1561.4160709450828,-0.015420467658543666
Middle,643,Sugar Maple,2024,29.88,1.0,29.5,0.012881355932203357,normal,75.8952,hardwood,1583.2670582431513,5810.590103752365,1537.3383049215438,0.029875501816726924
Middle,643,Sugar Maple,2025,30.0,1.0,29.88,0.004016064257028146,normal,76.2,hardwood,1597.9298052704062,5864.4023853423905,1583.2670582431513,0.009261069982423058
Middle,644,Sugar Maple,2022,7.5,,,,initial,19.05,hardwood,65.89003184106538,241.81641685670994,,
Middle,644,Sugar Maple,2023,7.5,1.0,7.5,0.0,normal,19.05,hardwood,65.89003184106538,241.81641685670994,65.89003184106538,0.0
Middle,644,Sugar Maple,2024,7.44,1.0,7.5,-0.007999999999999948,normal,18.8976,hardwood,64.68395456286956,237.39011324573127,65.89003184106538,-0.018304396651454394
Middle,644,Sugar Maple,2025,7.7,1.0,7.44,0.034946236559139754,normal,19.558,hardwood,70.00152148417524,256.90558384692315,64.68395456286956,0.08220843881982007
Middle,645,White Ash,2022,10.1,,,,initial,25.654,hardwood,130.65257432763767,479.49494778243024,,
Middle,645,White Ash,2023,9.13,1.0,10.1,-0.09603960396039593,normal,23.1902,hardwood,103.576587874566,380.12607749965724,130.65257432763767,-0.2072365324021337
Middle,645,White Ash,2024,10.94,1.0,9.13,0.19824753559693303,normal,27.787599999999998,hardwood,157.00686869013526,576.2152080927964,103.576587874566,0.5158528767164521
Middle,645,White Ash,2025,10.0,1.0,10.94,-0.08592321755027418,normal,25.4,hardwood,127.69644638473106,468.645958231963,157.00686869013526,-0.18668242064779025
Middle,646,Sugar Maple,2022,0.38,,,,initial,0.9652000000000001,hardwood,0.06913231240587481,0.25371558652956056,,
Middle,646,Sugar Maple,2023,0.52,1.0,0.38,0.368421052631579,normal,1.3208,hardwood,0.14222845813401352,0.5219784413518296,0.06913231240587481,1.0573369121372984
Middle,646,Sugar Maple,2024,1.44,1.0,0.52,1.769230769230769,normal,3.6576,hardwood,1.4805140849767895,5.433486691864817,0.14222845813401352,9.409408246426942
Middle,646,Sugar Maple,2025,1.6,1.0,1.44,0.11111111111111122,normal,4.064,hardwood,1.8864911481235163,6.923422513613304,1.4805140849767895,0.27421357707183946
Middle,647,Sugar Maple,2022,8.81,,,,initial,22.3774,hardwood,95.41648218868723,350.1784896324821,,
Middle,647,Sugar Maple,2023,9.04,1.0,8.81,0.02610669693530064,normal,22.961599999999997,hardwood,101.24327884986873,371.56283337901823,95.41648218868723,0.06106698263785228
Middle,647,Sugar Maple,2024,10.25,1.0,9.04,0.133849557522124,normal,26.035,hardwood,135.15860541580835,496.03208187601666,101.24327884986873,0.33498842541668233
Middle,647,Sugar Maple,2025,10.3,1.0,10.25,0.004878048780487874,normal,26.162000000000003,hardwood,136.67982952173418,501.61497434476445,135.15860541580835,0.011255103596592009
Middle,648,Sugar Maple,2022,7.7,,,,initial,19.558,hardwood,70.00152148417524,256.90558384692315,,
Middle,648,Sugar Maple,2023,7.6,1.0,7.7,-0.012987012987013056,normal,19.304,hardwood,67.92819488567018,249.29647523040956,70.00152148417524,-0.02961830763883846
Middle,648,Sugar Maple,2024,7.7,1.0,7.6,0.013157894736842176,normal,19.558,hardwood,70.00152148417524,256.90558384692315,67.92819488567018,0.030522327319232823
Middle,648,Sugar Maple,2025,8.0,1.0,7.7,0.03896103896103894,normal,20.32,hardwood,76.43385809522198,280.5122592094647,70.00152148417524,0.09188852577298409
Middle,649,Sugar Maple,2022,7.3,,,,initial,18.541999999999998,hardwood,61.91863730426167,227.24139890664034,,
Middle,649,Sugar Maple,2023,7.22,1.0,7.3,-0.010958904109589052,normal,18.3388,hardwood,60.36905339355144,221.55442595433377,61.91863730426167,-0.025026130712401506
Middle,649,Sugar Maple,2024,7.19,1.0,7.22,-0.004155124653739524,normal,18.262600000000003,hardwood,59.793676780544274,219.44279378459748,60.36905339355144,-0.009530986170285494
Middle,649,Sugar Maple,2025,7.2,1.0,7.19,0.0013908205841446156,normal,18.288,hardwood,59.98512295785456,220.14540125532622,59.793676780544274,0.0032017796465825606
Middle,650,White Ash,2022,13.78,,,,initial,35.0012,hardwood,266.96357657457617,979.7563260286945,,
Middle,650,White Ash,2023,14.45,1.0,13.78,0.04862119013062409,normal,36.702999999999996,hardwood,297.76583064889456,1092.800598481443,266.96357657457617,0.11537998729843132
Middle,650,White Ash,2025,15.4,2.0,14.45,0.03287197231833914,annualized,39.116,hardwood,344.72792840354595,1265.1514972410137,297.76583064889456,0.07885743245339981
Middle,651,Sugar Maple,2022,10.77,,,,initial,27.3558,hardwood,151.4519708525787,555.8287330289638,,
Middle,651,Sugar Maple,2023,11.95,1.0,10.77,0.10956360259981428,normal,30.352999999999998,hardwood,192.3645291277821,705.9778218989603,151.4519708525787,0.27013552907163635
Middle,651,Sugar Maple,2024,12.13,1.0,11.95,0.015062761506276277,normal,30.810200000000002,hardwood,199.0942207390415,730.6757901122824,192.3645291277821,0.03498405678933179
Middle,651,Sugar Maple,2025,12.3,1.0,12.13,0.01401483924154987,normal,31.242,hardwood,205.57039384307413,754.443345404082,199.0942207390415,0.032528182284713984
Middle,652,Sugar Maple,2022,4.06,,,,initial,10.312399999999998,hardwood,16.061595667839168,58.94605610096974,,
Middle,652,Sugar Maple,2023,5.21,1.0,4.06,0.2832512315270937,normal,13.2334,hardwood,28.503984632950342,104.60962360292775,16.061595667839168,0.7746670519184536
Middle,652,Sugar Maple,2024,5.16,1.0,5.21,-0.009596928982725494,normal,13.1064,hardwood,27.878738956648057,102.31497197089837,28.503984632950342,-0.02193537796043809
Middle,652,Sugar Maple,2025,5.2,1.0,5.16,0.007751937984496131,normal,13.208,hardwood,28.37830826309261,104.14839132554988,27.878738956648057,0.017919365263306633
Middle,653,Sugar Maple,2022,4.5,,,,initial,11.43,hardwood,20.350148995533267,74.68504681360709,,
Middle,653,Sugar Maple,2023,3.71,1.0,4.5,-0.17555555555555558,normal,9.4234,hardwood,13.053855583556981,47.90764999165412,20.350148995533267,-0.35853759171875244
Middle,653,Sugar Maple,2024,3.5,1.0,3.71,-0.056603773584905655,normal,8.89,hardwood,11.416561318986751,41.89878004068138,13.053855583556981,-0.1254261052675206
Middle,653,Sugar Maple,2025,3.8,1.0,3.5,0.08571428571428566,normal,9.652,hardwood,13.793709769009748,50.62291485226577,11.416561318986751,0.2082193038344732
Middle,655,Sugar Maple,2022,2.35,,,,initial,5.969,hardwood,4.567040835923054,16.761039867837606,,
Middle,655,Sugar Maple,2023,2.3,1.0,2.35,-0.021276595744680965,normal,5.842,hardwood,4.346631614612262,15.952138025627,4.567040835923054,-0.04826083874203955
Middle,655,Sugar Maple,2024,2.28,1.0,2.3,-0.008695652173913052,normal,5.7912,hardwood,4.260189912756195,15.634896979815235,4.346631614612262,-0.01988705497044479
Middle,655,Sugar Maple,2025,2.4,1.0,2.28,0.052631578947368474,normal,6.096,hardwood,4.7936317430245,17.592628496899916,4.260189912756195,0.12521550475274168
Middle,656,Red Oak,2022,22.99,,,,initial,58.3946,hardwood,866.4000038295947,3179.6880140546123,,
Middle,656,Red Oak,2023,23.4,1.0,22.99,0.017833840800347986,normal,59.436,hardwood,902.3505422703712,3311.626490132262,866.4000038295947,0.041494157758391895
Middle,656,Red Oak,2024,23.3,1.0,23.4,-0.004273504273504183,normal,59.182,hardwood,893.5059110934641,3279.166693713013,902.3505422703712,-0.009801768561753686
Middle,656,Red Oak,2025,23.7,1.0,23.3,0.017167381974248865,normal,60.198,hardwood,929.1803297433696,3410.0918101581665,893.5059110934641,0.03992633759551464
Middle,657,Mockernut Hickory,2022,20.5,,,,initial,52.07,hardwood,665.5990478926494,2442.7485057660233,,
Middle,657,Mockernut Hickory,2023,20.8,1.0,20.5,0.014634146341463448,normal,52.832,hardwood,688.2155514225341,2525.7510737207,665.5990478926494,0.033979170495346524
Middle,657,Mockernut Hickory,2024,21.32,1.0,20.8,0.024999999999999977,normal,54.1528,hardwood,728.4325976894498,2673.347633520281,688.2155514225341,0.05843670080367635
Middle,657,Mockernut Hickory,2025,21.5,1.0,21.32,0.008442776735459649,normal,54.61,hardwood,742.6552737664744,2725.5448547229607,728.4325976894498,0.01952504064499324
Middle,658,Sugar Maple,2022,5.0,,,,initial,12.7,hardwood,25.930436145543343,95.16470065414407,,
Middle,658,Sugar Maple,2023,5.06,1.0,5.0,0.011999999999999922,normal,12.8524,hardwood,26.651705172208583,97.8117579820055,25.930436145543343,0.02781553779569591
Middle,658,Sugar Maple,2024,5.2,1.0,5.06,0.027667984189723435,normal,13.208,hardwood,28.37830826309261,104.14839132554988,26.651705172208583,0.06478396334222039
Middle,658,Sugar Maple,2025,5.2,1.0,5.2,0.0,normal,13.208,hardwood,28.37830826309261,104.14839132554988,28.37830826309261,0.0
Middle,659,mockernut hickory,2022,16.13,,,,initial,40.9702,hardwood,383.47570682383997,1407.3558440434927,,
Middle,659,mockernut hickory,2023,16.06,1.0,16.13,-0.004339739615623081,normal,40.7924,hardwood,379.6588743684705,1393.3480689322867,383.47570682383997,-0.009953257500931722
Middle,659,mockernut hickory,2024,16.42,1.0,16.06,0.02241594022415959,normal,41.70680000000001,hardwood,399.5186550775456,1466.2334641345922,379.6588743684705,0.05230953903582555
Middle,659,mockernut hickory,2025,16.5,1.0,16.42,0.0048721071863579955,normal,41.910000000000004,hardwood,404.0097846139097,1482.7159095330485,399.5186550775456,0.011241351259285706
Middle,660,sugar maple,2022,3.25,,,,initial,8.255,hardwood,9.627433818896398,35.332682115349776,,
Middle,660,sugar maple,2023,3.26,1.0,3.25,0.0030769230769230114,normal,8.2804,hardwood,9.695702734583227,35.58322903592044,9.627433818896398,0.007091081275763574
Middle,660,sugar maple,2024,3.32,1.0,3.26,0.01840490797546014,normal,8.4328,hardwood,10.111053401895585,37.1075659849568,9.695702734583227,0.04283863466965217
Middle,660,sugar maple,2025,3.35,1.0,3.32,0.009036144578313329,normal,8.509,hardwood,10.322428130578198,37.88331123922198,10.111053401895585,0.020905312263802742
Middle,661,sugar maple,2022,5.75,,,,initial,14.605,hardwood,35.76142816420109,131.244441362618,,
Middle,661,sugar maple,2023,5.76,1.0,5.75,0.0017391304347825717,normal,14.6304,hardwood,35.90463560882084,131.7700126843725,35.76142816420109,0.004004522525280606
Middle,661,sugar maple,2024,5.88,1.0,5.76,0.020833333333333353,normal,14.9352,hardwood,37.64841192157415,138.16967175217712,35.90463560882084,0.048566885116219115
Middle,661,sugar maple,2025,5.9,1.0,5.88,0.003401360544217766,normal,14.986,hardwood,37.9435917037269,139.25298155267774,37.64841192157415,0.007840431165267824
Middle,662,sugar maple,2022,5.0,,,,initial,12.7,hardwood,25.930436145543343,95.16470065414407,,
Middle,662,sugar maple,2023,2.7,1.0,5.0,-0.45999999999999996,normal,6.8580000000000005,hardwood,6.285147427752522,23.066491059851753,25.930436145543343,-0.7576150515758776
Middle,662,sugar maple,2024,2.41,1.0,2.7,-0.10740740740740741,normal,6.1214,hardwood,4.839695183744366,17.761681324341822,6.285147427752522,-0.22997905150572234
Middle,662,sugar maple,2025,2.75,1.0,2.41,0.1410788381742738,normal,6.985,hardwood,6.556076423102267,24.06080047278532,4.839695183744366,0.3546465581392203
Middle,663,Sugar Maple,2022,4.13,,,,initial,10.4902,hardwood,16.705671239650414,61.309813449517016,,
Middle,663,Sugar Maple,2023,4.1,1.0,4.13,-0.0072639225181598665,normal,10.414,hardwood,16.427886061758493,60.29034184665367,16.705671239650414,-0.01662819613213784
Middle,663,Sugar Maple,2024,4.1,1.0,4.1,0.0,normal,10.414,hardwood,16.427886061758493,60.29034184665367,16.427886061758493,0.0
Middle,663,Sugar Maple,2025,4.25,1.0,4.1,0.036585365853658625,normal,10.795,hardwood,17.84322495219531,65.48463557455679,16.427886061758493,0.08615465709440862
Middle,664,Sugar Maple,2022,2.0,,,,initial,5.08,hardwood,3.1517212627355704,11.566817034239543,,
Middle,664,Sugar Maple,2023,1.9,1.0,2.0,-0.050000000000000044,normal,4.826,hardwood,2.800993453630146,10.279645974822635,3.1517212627355704,-0.11128135385963873
Middle,664,Sugar Maple,2024,1.56,1.0,1.9,-0.17894736842105258,normal,3.9624,hardwood,1.7797761711023588,6.531778547945657,2.800993453630146,-0.36459109934879297
Middle,664,Sugar Maple,2025,1.8,1.0,1.56,0.15384615384615383,normal,4.572,hardwood,2.473463883486683,9.077612452396126,1.7797761711023588,0.3897612091045514
Middle,665,Sugar Maple,2022,2.25,,,,initial,5.715,hardwood,4.132364321957084,15.165777061582498,,
Middle,665,Sugar Maple,2023,2.2,1.0,2.25,-0.022222222222222143,normal,5.588000000000001,hardwood,3.9241985910482433,14.401808829147052,4.132364321957084,-0.05037448653855709
Middle,665,Sugar Maple,2024,2.11,1.0,2.2,-0.04090909090909104,normal,5.3594,hardwood,3.5647449201152663,13.082613856823027,3.9241985910482433,-0.09159925589722988
Middle,666,Red Oak,2022,19.46,,,,initial,49.4284,hardwood,590.4829122577748,2167.0722879860336,,
Middle,666,Red Oak,2023,20.0,1.0,19.46,0.027749229188078064,normal,50.8,hardwood,628.851066282241,2307.8834132558245,590.4829122577748,0.06497758568111894
Middle,666,Red Oak,2024,19.49,1.0,20.0,-0.025500000000000078,normal,49.504599999999996,hardwood,592.5787064153732,2174.7638525444195,628.851066282241,-0.05768036632474772
Middle,666,Red Oak,2025,20.2,1.0,19.49,0.0364289379168805,normal,51.308,hardwood,643.4087478904099,2361.3101047578043,592.5787064153732,0.0857777050115719
Middle,667,Pignut Hickory,2022,7.53,,,,initial,19.1262,hardwood,66.49779685355993,244.04691445256495,,
Middle,667,Pignut Hickory,2023,7.65,1.0,7.53,0.015936254980079695,normal,19.431,hardwood,68.96045407531659,253.08486645641187,66.49779685355993,0.037033666351080324
Middle,667,Pignut Hickory,2024,7.36,1.0,7.65,-0.03790849673202615,normal,18.6944,hardwood,63.095412587322755,231.5601641954745,68.96045407531659,-0.08504934555083132
Middle,667,Pignut Hickory,2025,7.5,1.0,7.36,0.01902173913043474,normal,19.05,hardwood,65.89003184106538,241.81641685670994,63.095412587322755,0.04429195624761037
Middle,668,Hop Hornbeam,2022,3.72,,,,initial,9.4488,hardwood,13.134924274872168,48.205172088780856,,
Middle,668,Hop Hornbeam,2023,3.9,1.0,3.72,0.04838709677419347,normal,9.906,hardwood,14.642910495857947,53.739481519798666,13.134924274872168,0.11480737836232831
Middle,668,Hop Hornbeam,2024,3.6,1.0,3.9,-0.07692307692307689,normal,9.144,hardwood,12.180764967060203,44.70340742911094,14.642910495857947,-0.16814591125816236
Middle,668,Hop Hornbeam,2025,3.9,1.0,3.6,0.08333333333333329,normal,9.906,hardwood,14.642910495857947,53.739481519798666,12.180764967060203,0.20213390008394336
Middle,670,sugar maple,2022,3.25,,,,initial,8.255,hardwood,9.627433818896398,35.332682115349776,,
Middle,670,sugar maple,2023,3.2,1.0,3.25,-0.01538461538461533,normal,8.128,hardwood,9.290172151347615,34.094931795445746,9.627433818896398,-0.03503131508282265
Middle,670,sugar maple,2024,3.22,1.0,3.2,0.0062500000000000056,normal,8.1788,hardwood,9.42426124627311,34.587038773822314,9.290172151347615,0.014433434896687438
Middle,670,sugar maple,2025,3.25,1.0,3.22,0.009316770186335343,normal,8.255,hardwood,9.627433818896398,35.332682115349776,9.42426124627311,0.021558461434166398
Middle,671,sugar maple,2022,1.75,,,,initial,4.445,hardwood,2.3182823223737237,8.508096123111565,,
Middle,671,sugar maple,2023,1.7,1.0,1.75,-0.0285714285714286,normal,4.318,hardwood,2.1687591817568883,7.95934619704778,2.3182823223737237,-0.06449738203746315
Middle,671,sugar maple,2024,2.69,1.0,1.7,0.5823529411764706,normal,6.8326,hardwood,6.231736128169562,22.87047159038229,2.1687591817568883,1.8734108335261548
Middle,671,sugar maple,2025,2.7,1.0,2.69,0.003717472118959194,normal,6.8580000000000005,hardwood,6.285147427752522,23.066491059851753,6.231736128169562,0.00857085384946302
Middle,672,sugar maple,2022,2.38,,,,initial,6.0451999999999995,hardwood,4.702251058134278,17.2572613833528,,
Middle,672,sugar maple,2023,2.36,1.0,2.38,-0.008403361344537823,normal,5.9944,hardwood,4.6118632207328485,16.925538020089554,4.702251058134278,-0.019222248298518776
Middle,672,sugar maple,2024,2.38,1.0,2.36,0.00847457627118645,normal,6.0451999999999995,hardwood,4.702251058134278,17.2572613833528,4.6118632207328485,0.019598984851737788
Middle,672,sugar maple,2025,2.4,1.0,2.38,0.008403361344537823,normal,6.096,hardwood,4.7936317430245,17.592628496899916,4.702251058134278,0.019433391318429347
Middle,673,sugar maple,2022,1.5,,,,initial,3.81,hardwood,1.6262552344654801,5.968356710488312,,
Middle,673,sugar maple,2023,2.5,1.0,1.5,0.6666666666666666,normal,6.35,hardwood,5.265514724444983,19.324439038713088,1.6262552344654801,2.237815696363098
Middle,673,sugar maple,2024,2.44,1.0,2.5,-0.02400000000000002,normal,6.1975999999999996,hardwood,4.979381623436866,18.274330558013297,5.265514724444983,-0.05434095543969391
Middle,673,sugar maple,2025,2.5,1.0,2.44,0.024590163934426253,normal,6.35,hardwood,5.265514724444983,19.324439038713088,4.979381623436866,0.057463581353425636
Middle,674,sugar maple,2022,3.75,,,,initial,9.525,hardwood,13.379834064723505,49.103991017535265,,
Middle,674,sugar maple,2023,4.0,1.0,3.75,0.06666666666666667,normal,10.16,hardwood,15.520896100149127,56.961688687547294,13.379834064723505,0.16002156865836037
Middle,674,sugar maple,2024,3.88,1.0,4.0,-0.030000000000000027,normal,9.8552,hardwood,14.470774652530535,53.107742974787065,15.520896100149127,-0.06765855791074474
Middle,674,sugar maple,2025,3.9,1.0,3.88,0.005154639175257737,normal,9.906,hardwood,14.642910495857947,53.739481519798666,14.470774652530535,0.011895413166240586
Middle,675,Sugar Maple,2022,2.85,,,,initial,7.239000000000001,hardwood,7.117410089456821,26.12089502830653,,
Middle,675,Sugar Maple,2023,2.9,1.0,2.85,0.017543859649122744,normal,7.366,hardwood,7.4078845743540365,27.186936387879314,7.117410089456821,0.040811823577160705
Middle,675,Sugar Maple,2024,2.88,1.0,2.9,-0.006896551724137937,normal,7.3152,hardwood,7.29090657839054,26.75762714269328,7.4078845743540365,-0.01579101223694449
Middle,675,Sugar Maple,2025,2.9,1.0,2.88,0.006944444444444451,normal,7.366,hardwood,7.4078845743540365,27.186936387879314,7.29090657839054,0.016044369065186907
Middle,676,Red Oak,2022,30.46,,,,initial,77.36840000000001,hardwood,1654.845980102517,6073.284746976237,,
Middle,676,Red Oak,2023,30.6,1.0,30.46,0.00459619172685491,normal,77.724,hardwood,1672.3920428165893,6137.678797136883,1654.845980102517,0.010602837318422471
Middle,676,Red Oak,2024,30.88,1.0,30.6,0.009150326797385542,normal,78.4352,hardwood,1707.798321764233,6267.619840874735,1672.3920428165893,0.021171040067862013
Middle,676,Red Oak,2025,31.0,1.0,30.88,0.003886010362694333,normal,78.74,hardwood,1723.1008927227972,6323.780276292666,1707.798321764233,0.008960408710763942
Middle,677,Black Birch,2022,17.07,,,,initial,43.357800000000005,hardwood,436.8334737680425,1603.1788487287158,,
Middle,677,Black Birch,2023,16.86,1.0,17.07,-0.012302284710017625,normal,42.8244,hardwood,424.5718765205872,1558.1787868305548,436.8334737680425,-0.028069271206918066
Middle,678,Sugar Maple,2022,6.03,,,,initial,15.3162,hardwood,39.89409610379394,146.41133270092377,,
Middle,678,Sugar Maple,2023,6.2,1.0,6.03,0.02819237147595355,normal,15.748000000000001,hardwood,42.52846398772181,156.07946283493902,39.89409610379394,0.06603402862102535
Middle,678,Sugar Maple,2024,6.25,1.0,6.2,0.008064516129032228,normal,15.875,hardwood,43.32143674949544,158.98967287064826,42.52846398772181,0.01864569484575245
Middle,678,Sugar Maple,2025,6.3,1.0,6.25,0.007999999999999972,normal,16.002,hardwood,44.12269949212058,161.93030713608252,43.32143674949544,0.018495756437128634
Middle,680,Mockernut,2022,10.61,,,,initial,26.9494,hardwood,146.32690762021383,537.0197509661848,,
Middle,680,Mockernut,2023,10.7,1.0,10.61,0.008482563619227132,normal,27.177999999999997,hardwood,149.19748428997713,547.5547673442161,146.32690762021383,0.019617558495897233
Middle,680,Mockernut,2024,10.69,1.0,10.7,-0.0009345794392523165,normal,27.1526,hardwood,148.8769742197109,546.378495386339,149.19748428997713,-0.0021482270414379177
Middle,680,Mockernut,2025,10.7,1.0,10.69,0.0009354536950420755,normal,27.177999999999997,hardwood,149.19748428997713,547.5547673442161,148.8769742197109,0.002152851856011211
Middle,681,Pignut Hickory,2022,7.23,,,,initial,18.3642,hardwood,60.56153793997406,222.2608442397048,,
Middle,681,Pignut Hickory,2023,7.2,1.0,7.23,-0.00414937759336103,normal,18.288,hardwood,59.98512295785456,220.14540125532622,60.56153793997406,-0.009517839238013064
Middle,681,Pignut Hickory,2024,7.3,1.0,7.2,0.01388888888888884,normal,18.541999999999998,hardwood,61.91863730426167,227.24139890664034,59.98512295785456,0.03223323135914215
Middle,681,Pignut Hickory,2025,7.35,1.0,7.3,0.006849315068493127,normal,18.669,hardwood,62.89841353323096,230.83717766695761,61.91863730426167,0.01582360774761189
Middle,682,Pignut Hickory,2022,9.42,,,,initial,23.9268,hardwood,111.30018546999845,408.47168067489434,,
Middle,682,Pignut Hickory,2023,9.26,1.0,9.42,-0.016985138004246298,normal,23.5204,hardwood,107.00007472624664,392.69027424532516,111.30018546999845,-0.0386352522737793
Middle,682,Pignut Hickory,2024,9.41,1.0,9.26,0.016198704103671746,normal,23.901400000000002,hardwood,111.02862091956688,407.4750387748104,107.00007472624664,0.037649938129735286
Middle,682,Pignut Hickory,2025,9.45,1.0,9.41,0.0042507970244419924,normal,24.003,hardwood,112.1171297748978,411.4698662738749,111.02862091956688,0.009803858197243427
Middle,684,Sugar Maple,2022,6.0,,,,initial,15.24,hardwood,39.43907200405727,144.7413942548902,,
Middle,684,Sugar Maple,2023,5.96,1.0,6.0,-0.006666666666666672,normal,15.1384,hardwood,38.83695832484282,142.53163705217315,39.43907200405727,-0.015266933236981653
Middle,684,Sugar Maple,2024,6.13,1.0,5.96,0.028523489932885893,normal,15.5702,hardwood,41.4321912788633,152.0561419934283,38.83695832484282,0.06682379532179764
Middle,684,Sugar Maple,2025,6.2,1.0,6.13,0.011419249592169703,normal,15.748000000000001,hardwood,42.52846398772181,156.07946283493902,41.4321912788633,0.026459443129134525
Middle,685,Black Oak (says Osully),2022,19.25,,,,initial,48.895,hardwood,575.9297322380569,2113.6621173136687,,
Middle,685,Black Oak (says Osully),2023,20.55,1.0,19.25,0.06753246753246757,normal,52.197,hardwood,669.3388171688899,2456.473459009826,575.9297322380569,0.1621883360107948
Middle,685,Black Oak (says Osully),2024,21.1,1.0,20.55,0.026763990267639936,normal,53.594,hardwood,711.2601201582737,2610.3246409808644,669.3388171688899,0.06263091563507223
Middle,685,Black Oak (says Osully),2025,21.7,1.0,21.1,0.02843601895734587,normal,55.118,hardwood,758.6408068940879,2784.2117613013024,711.2601201582737,0.0666151319228621
Middle,686,Sugar Maple,2024,3.34,,,,initial,8.4836,hardwood,10.25169519715391,37.62372137355485,,
Middle,686,Sugar Maple,2025,3.5,1.0,3.34,0.04790419161676651,normal,8.89,hardwood,11.416561318986751,41.89878004068138,10.25169519715391,0.11362668314175321
Middle,687,Sugar Maple,2022,6.1,,,,initial,15.494,hardwood,40.967308485507594,150.35002214181287,,
Middle,687,Sugar Maple,2023,6.13,1.0,6.1,0.004918032786885287,normal,15.5702,hardwood,41.4321912788633,152.0561419934283,40.967308485507594,0.01134765281248976
Middle,687,Sugar Maple,2024,6.08,1.0,6.13,-0.008156606851549727,normal,15.443200000000001,hardwood,40.659032851337976,149.21865056441038,41.4321912788633,-0.01866081430068489
Middle,687,Sugar Maple,2025,6.2,1.0,6.08,0.019736842105263174,normal,15.748000000000001,hardwood,42.52846398772181,156.07946283493902,40.659032851337976,0.04597824899620831
Middle,688,Sugar Maple,2022,5.5,,,,initial,13.97,hardwood,32.285907447058705,118.48928033070544,,
Middle,688,Sugar Maple,2023,5.53,1.0,5.5,0.0054545454545455,normal,14.0462,hardwood,32.69238566976858,119.9810554080507,32.285907447058705,0.012589958122639345
Middle,688,Sugar Maple,2024,6.75,1.0,5.53,0.22061482820976486,normal,17.145,hardwood,51.71035140944077,189.77698967264763,32.69238566976858,0.5817246233351072
Middle,688,Sugar Maple,2025,6.8,1.0,6.75,0.007407407407407381,normal,17.272,hardwood,52.59558752896721,193.02580623130964,51.71035140944077,0.017119127899889338
Middle,689,Sugar Maple,2022,7.5,,,,initial,19.05,hardwood,65.89003184106538,241.81641685670994,,
Middle,689,Sugar Maple,2023,7.47,1.0,7.5,-0.004000000000000033,normal,18.9738,hardwood,65.28541900681148,239.59748775499813,65.89003184106538,-0.009176089574706801
Middle,689,Sugar Maple,2024,7.44,1.0,7.47,-0.004016064257028027,normal,18.8976,hardwood,64.68395456286956,237.39011324573127,65.28541900681148,-0.009212844967406403
Middle,689,Sugar Maple,2025,7.6,1.0,7.44,0.02150537634408592,normal,19.304,hardwood,67.92819488567018,249.29647523040956,64.68395456286956,0.05015525634950755
Middle,690,Red Oak ,2022,30.2,,,,initial,76.708,hardwood,1622.537639876037,5954.713138345056,,
Middle,690,Red Oak ,2023,26.0,1.0,30.2,-0.1390728476821192,normal,66.04,hardwood,1149.787312239044,4219.719435917292,1622.537639876037,-0.2913647831757613
Middle,690,Red Oak ,2024,29.14,1.0,26.0,0.1207692307692308,normal,74.0156,hardwood,1494.5304596617523,5484.926786958631,1149.787312239044,0.2998321026445934
Middle,690,Red Oak ,2025,29.4,1.0,29.14,0.008922443376801578,normal,74.676,hardwood,1525.3786783926396,5598.1397497009875,1494.5304596617523,0.02064074273726679
Middle,691,Sugar Maple,2022,6.0,,,,initial,15.24,hardwood,39.43907200405727,144.7413942548902,,
Middle,691,Sugar Maple,2023,6.1,1.0,6.0,0.016666666666666607,normal,15.494,hardwood,40.967308485507594,150.35002214181287,39.43907200405727,0.0387493012333836
Middle,691,Sugar Maple,2024,6.0,1.0,6.1,-0.01639344262295076,normal,15.24,hardwood,39.43907200405727,144.7413942548902,40.967308485507594,-0.037303804861648235
Middle,691,Sugar Maple,2025,6.3,1.0,6.0,0.04999999999999997,normal,16.002,hardwood,44.12269949212058,161.93030713608252,39.43907200405727,0.1187560267032014
Middle,692,Sugar Maple,2022,16.1,,,,initial,40.894000000000005,hardwood,381.8372789432117,1401.342813721587,,
Middle,692,Sugar Maple,2023,16.22,1.0,16.1,0.007453416149068163,normal,41.1988,hardwood,388.4147969576927,1425.4823048347323,381.8372789432117,0.017225971316067498
Middle,692,Sugar Maple,2024,16.19,1.0,16.22,-0.0018495684340319105,normal,41.122600000000006,hardwood,386.76446362090644,1419.4255814887267,388.4147969576927,-0.0042488940939241155
Middle,692,Sugar Maple,2025,16.3,1.0,16.19,0.006794317479925844,normal,41.402,hardwood,392.835114909359,1441.7048717173475,386.76446362090644,0.0156959903493171
Middle,693,Sugar Maple,2022,7.9,,,,initial,20.066000000000003,hardwood,74.25421677940489,272.5129755804159,,
Middle,693,Sugar Maple,2023,7.83,1.0,7.9,-0.008860759493670921,normal,19.8882,hardwood,72.74964264406272,266.9911885037102,74.25421677940489,-0.020262473979248484
Middle,693,Sugar Maple,2024,7.66,1.0,7.83,-0.021711366538952736,normal,19.456400000000002,hardwood,69.16796234700332,253.8464218135022,72.74964264406272,-0.04923296069759736
Middle,693,Sugar Maple,2025,7.85,1.0,7.66,0.02480417754569184,normal,19.939,hardwood,73.177744953533,268.5623239794661,69.16796234700332,0.05797167460873438
Middle,694,Sugar Maple,2022,8.6,,,,initial,21.843999999999998,hardwood,90.26621858864445,331.27702222032514,,
Middle,694,Sugar Maple,2023,8.64,1.0,8.6,0.004651162790697782,normal,21.945600000000002,hardwood,91.23477793541305,334.8316350229659,90.26621858864445,0.010730031255462891
Middle,694,Sugar Maple,2024,8.55,1.0,8.64,-0.010416666666666649,normal,21.717000000000002,hardwood,89.06372918170156,326.86388609684474,91.23477793541305,-0.023796284737476078
Middle,694,Sugar Maple,2025,8.56,1.0,8.55,0.0011695906432748287,normal,21.7424,hardwood,89.30349798479428,327.743837604195,89.06372918170156,0.0026921037923704743
Middle,695,Red Oak,2022,25.2,,,,initial,64.008,hardwood,1070.0401052698733,3927.047186340435,,
Middle,695,Red Oak,2023,24.44,1.0,25.2,-0.03015873015873008,normal,62.077600000000004,hardwood,997.2672915040465,3659.9709598198506,1070.0401052698733,-0.06800942638264276
Middle,695,Red Oak,2024,24.7,1.0,24.44,0.010638297872340344,normal,62.738,hardwood,1021.837423482448,3750.143344180584,997.2672915040465,0.02463745897185258
Middle,695,Red Oak,2025,25.06,1.0,24.7,0.014574898785425078,normal,63.6524,hardwood,1056.4167168989543,3877.0493510191623,1021.837423482448,0.033840308273951424
Middle,696,Sugar Maple,2022,4.8,,,,initial,12.192,hardwood,23.606611760229864,86.63626516004359,,
Middle,696,Sugar Maple,2023,4.51,1.0,4.8,-0.060416666666666674,normal,11.4554,hardwood,20.454311140922254,75.06732188718468,23.606611760229864,-0.13353464916207505
Middle,696,Sugar Maple,2024,4.63,1.0,4.51,0.026607538802660778,normal,11.7602,hardwood,21.727766776672528,79.74090407038818,20.454311140922254,0.06225854427346194
Middle,696,Sugar Maple,2025,4.7,1.0,4.63,0.01511879049676032,normal,11.938,hardwood,22.490747242659054,82.54104238055872,21.727766776672528,0.03511545727772084
Middle,697,Sugar Maple,2022,5.4,,,,initial,13.716000000000001,hardwood,30.951696570906748,113.59272641522776,,
Middle,697,Sugar Maple,2023,5.27,1.0,5.4,-0.024074074074074216,normal,13.3858,hardwood,29.264642736627458,107.40123884342277,30.951696570906748,-0.05450602135538661
Middle,697,Sugar Maple,2024,5.36,1.0,5.27,0.01707779886148022,normal,13.614400000000002,hardwood,30.426908460093284,111.66675404854234,29.264642736627458,0.039715698357429136
Middle,697,Sugar Maple,2025,5.4,1.0,5.36,0.007462686567164185,normal,13.716000000000001,hardwood,30.951696570906748,113.59272641522776,30.426908460093284,0.017247500234923812
Middle,698,Sugar Maple,2022,6.3,,,,initial,16.002,hardwood,44.12269949212058,161.93030713608252,,
Middle,698,Sugar Maple,2023,5.91,1.0,6.3,-0.06190476190476186,normal,15.0114,hardwood,38.09167038578155,139.79643031581827,44.12269949212058,-0.13668767268911217
Middle,698,Sugar Maple,2024,5.96,1.0,5.91,0.008460236886632796,normal,15.1384,hardwood,38.83695832484282,142.53163705217315,38.09167038578155,0.019565640769050232
Middle,698,Sugar Maple,2025,6.03,1.0,5.96,0.011744966442953067,normal,15.3162,hardwood,39.89409610379394,146.41133270092377,38.83695832484282,0.027219891169358242
Middle,699,Basswood,2022,17.6,,,,initial,44.70400000000001,hardwood,468.66006410115403,1719.9824352512353,,
Middle,699,Basswood,2023,17.19,1.0,17.6,-0.023295454545454553,normal,43.662600000000005,hardwood,443.92880724463976,1629.2187225878279,468.66006410115403,-0.05277013927770122
Middle,699,Basswood,2024,17.33,1.0,17.19,0.008144269924374462,normal,44.01819999999999,hardwood,452.28845881433745,1659.8986438486183,443.92880724463976,0.018831063524766625
Middle,699,Basswood,2025,17.4,1.0,17.33,0.004039238315060606,normal,44.196,hardwood,456.5013673091518,1675.3600180245871,452.28845881433745,0.009314649562048085
Middle,700,Basswood,2022,14.6,,,,initial,37.083999999999996,hardwood,304.9231375962875,1119.0679149783753,,
Middle,700,Basswood,2023,14.55,1.0,14.6,-0.0034246575342465023,normal,36.957,hardwood,302.5266903814126,1110.2729536997842,304.9231375962875,-0.007859184559643887
Middle,700,Basswood,2024,13.69,1.0,14.55,-0.059106529209622075,normal,34.7726,hardwood,262.9703245274323,965.1010910156765,302.5266903814126,-0.13075330908525576
Middle,700,Basswood,2025,13.8,1.0,13.69,0.008035062089116233,normal,35.052,hardwood,267.8555875626219,983.0300063548224,262.9703245274323,0.018577240774101084
Middle,701,Sugar Maple,2022,13.0,,,,initial,33.02,hardwood,233.4793749165397,856.8693059437007,,
Middle,701,Sugar Maple,2023,13.3,1.0,13.0,0.02307692307692313,normal,33.782000000000004,hardwood,246.0580544890023,903.0330599746384,233.4793749165397,0.05387490683902595
Middle,701,Sugar Maple,2024,13.16,1.0,13.3,-0.010526315789473726,normal,33.4264,hardwood,240.14157625654553,881.3195848615221,246.0580544890023,-0.02404505003806412
Middle,701,Sugar Maple,2025,13.2,1.0,13.16,0.0030395136778114855,normal,33.528,hardwood,241.82369533779874,887.4929618897213,240.14157625654553,0.0070046974267220655
Middle,702,Sugar Maple,2022,12.31,,,,initial,31.267400000000002,hardwood,205.9549969212044,755.8548387008202,,
Middle,702,Sugar Maple,2023,12.1,1.0,12.31,-0.017059301380991133,normal,30.733999999999998,hardwood,197.96351814207748,726.5261115814243,205.9549969212044,-0.03880206306518685
Middle,702,Sugar Maple,2024,12.19,1.0,12.1,0.007438016528925609,normal,30.9626,hardwood,201.3665523874761,739.0152472620373,197.96351814207748,0.017190208970504797
Middle,702,Sugar Maple,2025,12.2,1.0,12.19,0.0008203445447087603,normal,30.988,hardwood,201.74669188684177,740.4103592247093,201.3665523874761,0.0018877986182838933
Middle,703,Sugar Maple,2022,16.17,,,,initial,41.0718,hardwood,385.666447474377,1415.3958622309635,,
Middle,703,Sugar Maple,2023,10.3,1.0,16.17,-0.3630179344465059,normal,26.162000000000003,hardwood,136.67982952173418,501.61497434476445,385.666447474377,-0.6456009320571893
Middle,703,Sugar Maple,2024,4.19,1.0,10.3,-0.5932038834951456,normal,10.642600000000002,hardwood,17.269154081094413,63.377795477616495,136.67982952173418,-0.873652504970762
Middle,703,Sugar Maple,2025,4.2,1.0,4.19,0.002386634844868684,normal,10.668000000000001,hardwood,17.36409605187606,63.726232510385145,17.269154081094413,0.00549777773339727
Middle,704,Mockernut Hickory,2022,18.17,,,,initial,46.1518,hardwood,504.3071718929818,1850.807320847243,,
Middle,704,Mockernut Hickory,2023,18.03,1.0,18.17,-0.007705008255366018,normal,45.796200000000006,hardwood,495.4148074617369,1818.1723433845746,504.3071718929818,-0.01763283357217829
Middle,704,Mockernut Hickory,2024,18.94,1.0,18.03,0.05047143649473101,normal,48.107600000000005,hardwood,554.820824435302,2036.1924256775585,495.4148074617369,0.1199116701374601
Middle,704,Mockernut Hickory,2025,19.0,1.0,18.94,0.0031678986272438603,normal,48.26,hardwood,558.8716682502761,2051.0590224785133,554.820824435302,0.007301174787548837
Middle,705,Mockernut Hickory,2022,13.14,,,,initial,33.3756,hardwood,239.30300467917252,878.2420271725631,,
Middle,705,Mockernut Hickory,2023,13.4,1.0,13.14,0.019786910197869084,normal,34.036,hardwood,250.33400518608528,918.725799032933,239.30300467917252,0.04609637276264769
Middle,705,Mockernut Hickory,2024,13.06,1.0,13.4,-0.025373134328358197,normal,33.1724,hardwood,235.96528713009675,865.9926037674551,250.33400518608528,-0.05739818705536056
Middle,705,Mockernut Hickory,2025,13.2,1.0,13.06,0.010719754977029004,normal,33.528,hardwood,241.82369533779874,887.4929618897213,235.96528713009675,0.024827415417556814
Middle,706,Sugar Maple,2022,6.78,,,,initial,17.2212,hardwood,52.24047384226478,191.72253900111173,,
Middle,706,Sugar Maple,2023,6.8,1.0,6.78,0.0029498525073745683,normal,17.272,hardwood,52.59558752896721,193.02580623130964,52.24047384226478,0.0067976735390008845
Middle,706,Sugar Maple,2024,7.69,1.0,6.8,0.13088235294117656,normal,19.532600000000002,hardwood,69.79260251661219,256.13885123596674,52.59558752896721,0.3269668767969113
Middle,706,Sugar Maple,2025,7.7,1.0,7.69,0.0013003901170350828,normal,19.558,hardwood,70.00152148417524,256.90558384692315,69.79260251661219,0.002993425664465276
Middle,707,Sugar Maple,2022,3.5,,,,initial,8.89,hardwood,11.416561318986751,41.89878004068138,,
Middle,707,Sugar Maple,2023,3.74,1.0,3.5,0.06857142857142863,normal,9.499600000000001,hardwood,13.297913287013408,48.803341763339205,11.416561318986751,0.16479147402272537
Middle,707,Sugar Maple,2024,3.44,1.0,3.74,-0.08021390374331558,normal,8.7376,hardwood,10.971429822304144,40.26514744785621,13.297913287013408,-0.1749510178398653
Middle,707,Sugar Maple,2025,3.55,1.0,3.44,0.03197674418604648,normal,9.017,hardwood,11.795165084982617,43.288255861886206,10.971429822304144,0.07508002840285029
Middle,708,Sassafras,2022,16.51,,,,initial,41.9354,hardwood,404.57317163460374,1484.7835398989957,,
Middle,708,Sassafras,2023,16.56,1.0,16.51,0.0030284675953965567,normal,42.0624,hardwood,407.39676514800686,1495.146128093185,404.57317163460374,0.006979191185601638
Middle,708,Sassafras,2024,17.1,1.0,16.56,0.03260869565217408,normal,43.434000000000005,hardwood,438.60125045486575,1609.6665891693572,407.39676514800686,0.0765948283745511
Middle,708,Sassafras,2025,17.1,1.0,17.1,0.0,normal,43.434000000000005,hardwood,438.60125045486575,1609.6665891693572,438.60125045486575,0.0
Middle,709,sugar maple,2022,12.6,,,,initial,32.004,hardwood,217.28565992568332,797.4383719272578,,
Middle,709,sugar maple,2023,12.76,1.0,12.6,0.01269841269841271,normal,32.4104,hardwood,223.6842278351026,820.9211161548266,217.28565992568332,0.029447722926619922
Middle,709,sugar maple,2024,12.44,1.0,12.76,-0.025078369905956136,normal,31.5976,hardwood,210.99185308088434,774.3401008068455,223.6842278351026,-0.05674237686340109
Middle,709,sugar maple,2025,12.9,1.0,12.44,0.03697749196141486,normal,32.766,hardwood,229.36922401131957,841.7850521215428,210.99185308088434,0.0870999077077645
Middle,710,Sugar Maple,2022,3.0,,,,initial,7.62,hardwood,8.00862018634041,29.391636083869304,,
Middle,710,Sugar Maple,2023,2.62,1.0,3.0,-0.12666666666666662,normal,6.654800000000001,hardwood,5.865050847991394,21.524736612128414,8.00862018634041,-0.26765775982298573
Middle,710,Sugar Maple,2024,2.55,1.0,2.62,-0.026717557251908504,normal,6.476999999999999,hardwood,5.510883455237382,20.22494228072119,5.865050847991394,-0.060386073698799
Middle,710,Sugar Maple,2025,2.7,1.0,2.55,0.05882352941176485,normal,6.8580000000000005,hardwood,6.285147427752522,23.066491059851753,5.510883455237382,0.1404972503599767
Middle,711,Sugar Maple,2022,18.23,,,,initial,46.3042,hardwood,508.1455767405488,1864.894266637814,,
Middle,711,Sugar Maple,2023,15.6,1.0,18.23,-0.14426769061985742,normal,39.624,hardwood,355.112032328014,1303.2611586438113,508.1455767405488,-0.3011608314966625
Middle,711,Sugar Maple,2024,15.8,1.0,15.6,0.01282051282051289,normal,40.132000000000005,hardwood,365.6706566210666,1342.0113097993144,355.112032328014,0.029733220313131224
Middle,711,Sugar Maple,2025,15.9,1.0,15.8,0.00632911392405061,normal,40.386,hardwood,371.0156229671586,1361.6273362894722,365.6706566210666,0.014616886122286904
Middle,712,Beech ,2022,1.6,,,,initial,4.064,hardwood,1.8864911481235163,6.923422513613304,,
Middle,712,Beech ,2023,1.56,1.0,1.6,-0.025000000000000022,normal,3.9624,hardwood,1.7797761711023588,6.531778547945657,1.8864911481235163,-0.056567971245084496
Middle,712,Beech ,2024,1.6,1.0,1.56,0.025641025641025664,normal,4.064,hardwood,1.8864911481235163,6.923422513613304,1.7797761711023588,0.05995977401757229
Middle,712,Beech ,2025,1.85,1.0,1.6,0.15625,normal,4.699000000000001,hardwood,2.6343518930067713,9.668071447334851,1.8864911481235163,0.39642950120765136
Middle,713,Red Oak,2022,24.43,,,,initial,62.0522,hardwood,996.3290325986054,3656.5275496368818,,
Middle,713,Red Oak,2023,25.97,1.0,24.43,0.06303724928366759,normal,65.96379999999999,hardwood,1146.7382418575808,4208.529347617321,996.3290325986054,0.15096339094594188
Middle,713,Red Oak,2024,26.19,1.0,25.97,0.00847131305352339,normal,66.52260000000001,hardwood,1169.204445636839,4290.980315487199,1146.7382418575808,0.019591396675553083
Middle,713,Red Oak,2025,26.35,1.0,26.19,0.006109201985490651,normal,66.929,hardwood,1185.6984075243054,4351.5131556142005,1169.204445636839,0.014106995529325522
Middle,714,Mocker Nut Hickory ,2022,15.45,,,,initial,39.243,hardwood,347.30762987055584,1274.61900162494,,
Middle,714,Mocker Nut Hickory ,2023,15.66,1.0,15.45,0.013592233009708793,normal,39.7764,hardwood,358.2612644563075,1314.8188405546487,347.30762987055584,0.03153870990347714
Middle,714,Mocker Nut Hickory ,2024,15.88,1.0,15.66,0.01404853128991064,normal,40.3352,hardwood,369.94312192997796,1357.6912574830192,358.2612644563075,0.032607090502509886
Middle,714,Mocker Nut Hickory ,2025,16.0,1.0,15.88,0.0075566750629722425,normal,40.64,hardwood,376.40446953732254,1381.4044032019738,369.94312192997796,0.017465786561015096
Middle,715,Sugar Maple,2024,1.94,,,,initial,4.9276,hardwood,2.9384803471622503,10.784222874085458,,
Middle,715,Sugar Maple,2025,2.0,1.0,1.94,0.03092783505154642,normal,5.08,hardwood,3.1517212627355704,11.566817034239543,2.9384803471622503,0.0725684334691063
Middle,716,Sugar Maple,2022,12.79,,,,initial,32.486599999999996,hardwood,224.89565448317308,825.3670519532452,,
Middle,716,Sugar Maple,2023,12.9,1.0,12.79,0.008600469116497358,normal,32.766,hardwood,229.36922401131957,841.7850521215428,224.89565448317308,0.019891756194343076
Middle,716,Sugar Maple,2024,12.75,1.0,12.9,-0.011627906976744214,normal,32.385,hardwood,223.28124063338666,819.442153124529,229.36922401131957,-0.026542285279007035
Middle,716,Sugar Maple,2025,13.05,1.0,12.75,0.023529411764705938,normal,33.147000000000006,hardwood,235.5499348577526,864.468260927952,223.28124063338666,0.054947268250405024
Middle,718,Sugar Maple,2022,6.78,,,,initial,17.2212,hardwood,52.24047384226478,191.72253900111173,,
Middle,718,Sugar Maple,2023,7.0,1.0,6.78,0.03244837758112091,normal,17.78,hardwood,56.22174274992082,206.33379589220942,52.24047384226478,0.07621042871236416
Middle,718,Sugar Maple,2024,7.0,1.0,7.0,0.0,normal,17.78,hardwood,56.22174274992082,206.33379589220942,56.22174274992082,0.0
Middle,718,Sugar Maple,2025,7.1,1.0,7.0,0.014285714285714235,normal,18.034,hardwood,58.08620639542944,213.17637747122606,56.22174274992082,0.033162679673625864
Middle,719,Sugar Maple,2022,5.67,,,,initial,14.4018,hardwood,34.62739707539074,127.08254726668402,,
Middle,719,Sugar Maple,2023,5.9,1.0,5.67,0.040564373897707305,normal,14.986,hardwood,37.9435917037269,139.25298155267774,34.62739707539074,0.09576794412574953
Middle,719,Sugar Maple,2024,6.0,1.0,5.9,0.01694915254237282,normal,15.24,hardwood,39.43907200405727,144.7413942548902,37.9435917037269,0.03941325091223458
Middle,720,Sugar Maple,2022,5.47,,,,initial,13.893799999999999,hardwood,31.8823013344878,117.00804589757023,,
Middle,720,Sugar Maple,2023,5.5,1.0,5.47,0.0054844606946984,normal,13.97,hardwood,32.285907447058705,118.48928033070544,31.8823013344878,0.01265925280413543
Middle,720,Sugar Maple,2024,5.75,1.0,5.5,0.045454545454545456,normal,14.605,hardwood,35.76142816420109,131.244441362618,32.285907447058705,0.10764822772416802
Middle,720,Sugar Maple,2025,5.8,1.0,5.75,0.008695652173913012,normal,14.732,hardwood,36.480702833679814,133.8841793996049,35.76142816420109,0.020113141627792992
Middle,721,Beech,2022,1.9,,,,initial,4.826,hardwood,2.800993453630146,10.279645974822635,,
Middle,721,Beech,2023,1.97,1.0,1.9,0.036842105263157926,normal,5.0038,hardwood,3.044045444974771,11.171646783057408,2.800993453630146,0.08677349496466139
Middle,721,Beech,2024,1.95,1.0,1.97,-0.0101522842639594,normal,4.953,hardwood,2.9734347849726235,10.912505660849527,3.044045444974771,-0.0231963225512005
Middle,721,Beech,2025,2.04,1.0,1.95,0.0461538461538462,normal,5.1816,hardwood,3.2985889264909622,12.105821360221832,2.9734347849726235,0.10935304287204418
Middle,722,Sugar Maple,2022,15.9,,,,initial,40.386,hardwood,371.0156229671586,1361.6273362894722,,
Middle,722,Sugar Maple,2023,16.8,1.0,15.9,0.05660377358490568,normal,42.672000000000004,hardwood,421.1047687729014,1545.4545013965483,371.0156229671586,0.13500548954019811
Middle,722,Sugar Maple,2024,17.25,1.0,16.8,0.026785714285714243,normal,43.815,hardwood,447.5007219108198,1642.3276494127085,421.1047687729014,0.06268262697389089
Middle,722,Sugar Maple,2025,17.3,1.0,17.25,0.0028985507246377224,normal,43.942,hardwood,450.4896824672929,1653.2971346549648,447.5007219108198,0.006679230691987036
Middle,724,Sugar Maple,2022,9.0,,,,initial,22.86,hardwood,100.21588898634975,367.7923125799036,,
Middle,724,Sugar Maple,2023,8.86,1.0,9.0,-0.01555555555555562,normal,22.5044,hardwood,96.66658403901872,354.7663634231987,100.21588898634975,-0.035416588958408414
Middle,724,Sugar Maple,2024,8.81,1.0,8.86,-0.005643340857787691,normal,22.3774,hardwood,95.41648218868723,350.1784896324821,96.66658403901872,-0.012932099160831996
Middle,724,Sugar Maple,2025,8.9,1.0,8.81,0.010215664018161165,normal,22.606,hardwood,97.67329231217857,358.46098278569536,95.41648218868723,0.023652204228494608
Middle,725,Sugar Maple,2022,13.49,,,,initial,34.2646,hardwood,254.2179989311367,932.9800560772717,,
Middle,725,Sugar Maple,2023,13.44,1.0,13.49,-0.0037064492216457162,normal,34.1376,hardwood,252.05605207395826,925.0457111114267,254.2179989311367,-0.008504302867099783
Middle,725,Sugar Maple,2024,13.94,1.0,13.44,0.03720238095238095,normal,35.4076,hardwood,274.1468065380793,1006.1187799947511,252.05605207395826,0.0876422299022568
Middle,725,Sugar Maple,2025,14.0,1.0,13.94,0.004304160688665746,normal,35.56,hardwood,276.8683379803203,1016.1068003877755,274.1468065380793,0.00992727756565331
Middle,726,Sugar Maple,2022,10.13,,,,initial,25.730200000000004,hardwood,131.54687512438633,482.77703170649784,,
Middle,726,Sugar Maple,2023,9.83,1.0,10.13,-0.029615004935834223,normal,24.9682,hardwood,122.75859314636394,450.5240368471556,131.54687512438633,-0.0668072272314526
Middle,726,Sugar Maple,2024,9.9,1.0,9.83,0.007121057985757913,normal,25.146,hardwood,124.77849961247537,457.9370935777846,122.75859314636394,0.016454297938256108
Middle,726,Sugar Maple,2025,9.9,1.0,9.9,0.0,normal,25.146,hardwood,124.77849961247537,457.9370935777846,124.77849961247537,0.0
Middle,727,Sugar Maple,2022,18.75,,,,initial,47.625,hardwood,542.1029084912169,1989.517674162766,,
Middle,727,Sugar Maple,2023,17.34,1.0,18.75,-0.0752,normal,44.0436,hardwood,452.88895140038153,1662.1024516394002,542.1029084912169,-0.16457015023058266
Middle,727,Sugar Maple,2024,18.6,1.0,17.34,0.07266435986159178,normal,47.24400000000001,hardwood,532.1800418282869,1953.1007535098129,452.88895140038153,0.17507843850623594
Middle,727,Sugar Maple,2025,18.6,1.0,18.6,0.0,normal,47.24400000000001,hardwood,532.1800418282869,1953.1007535098129,532.1800418282869,0.0
Middle,728,Sugar Maple,2022,15.14,,,,initial,38.455600000000004,hardwood,331.4883916433261,1216.5623973310069,,
Middle,728,Sugar Maple,2023,14.25,1.0,15.14,-0.0587846763540291,normal,36.195,hardwood,288.37194032114536,1058.3250209786036,331.4883916433261,-0.13006926459305115
Middle,728,Sugar Maple,2024,14.5,1.0,14.25,0.017543859649122806,normal,36.83,hardwood,300.14092507413557,1101.5171950220774,288.37194032114536,0.04081182357716107
Middle,728,Sugar Maple,2025,14.5,1.0,14.5,0.0,normal,36.83,hardwood,300.14092507413557,1101.5171950220774,300.14092507413557,0.0
Middle,729,Sugar Maple,2022,5.91,,,,initial,15.0114,hardwood,38.09167038578155,139.79643031581827,,
Middle,729,Sugar Maple,2023,5.83,1.0,5.91,-0.013536379018612533,normal,14.808200000000001,hardwood,36.91615727557765,135.48229720137,38.09167038578155,-0.0308601092653232
Middle,729,Sugar Maple,2024,5.75,1.0,5.83,-0.013722126929674111,normal,14.605,hardwood,35.76142816420109,131.244441362618,36.91615727557765,-0.031279775485746085
Middle,729,Sugar Maple,2025,5.8,1.0,5.75,0.008695652173913012,normal,14.732,hardwood,36.480702833679814,133.8841793996049,35.76142816420109,0.020113141627792992
Middle,730,Sugar Maple,2022,7.73,,,,initial,19.6342,hardwood,70.63039704637738,259.21355716020497,,
Middle,730,Sugar Maple,2023,7.55,1.0,7.73,-0.023285899094437335,normal,19.177,hardwood,66.9047266044754,245.54034663842472,70.63039704637738,-0.052748824836077735
Middle,730,Sugar Maple,2024,7.63,1.0,7.55,0.010596026490066236,normal,19.3802,hardwood,68.54649438077563,251.56563437744654,66.9047266044754,0.024538890742442792
Middle,730,Sugar Maple,2025,7.7,1.0,7.63,0.009174311926605542,normal,19.558,hardwood,70.00152148417524,256.90558384692315,68.54649438077563,0.021226863846850328
Middle,799,Beech,2025,2.1,,,,initial,5.3340000000000005,hardwood,3.5260071571740457,12.940446266828747,,
Upper,1,Sugar Maple,2015,10.3,,,,initial,26.162000000000003,hardwood,136.67982952173418,501.61497434476445,,
Upper,1,Sugar Maple,2016,10.2,1.0,10.3,-0.009708737864077808,normal,25.907999999999998,hardwood,133.64699758738178,490.4844811456911,136.67982952173418,-0.02218931604586275
Upper,1,Sugar Maple,2017,10.3,1.0,10.2,0.009803921568627591,normal,26.162000000000003,hardwood,136.67982952173418,501.61497434476445,133.64699758738178,0.02269285497692875
Upper,1,Sugar Maple,2018,10.5,1.0,10.3,0.01941747572815527,normal,26.67,hardwood,142.8611689815002,524.3004901621058,136.67982952173418,0.04522495734297875
Upper,1,Sugar Maple,2021,10.67,3.0,10.5,0.005396825396825395,annualized,27.1018,hardwood,148.23712256626746,544.0302398182016,142.8611689815002,0.012543538184877944
Upper,1,Sugar Maple,2022,10.7,1.0,10.67,0.0028116213683223395,normal,27.177999999999997,hardwood,149.19748428997713,547.5547673442161,148.23712256626746,0.0064785507643697685
Upper,1,Sugar Maple,2023,10.69,1.0,10.7,-0.0009345794392523165,normal,27.1526,hardwood,148.8769742197109,546.378495386339,149.19748428997713,-0.0021482270414379177
Upper,1,Sugar Maple,2024,10.85,1.0,10.69,0.01496725912067354,normal,27.559,hardwood,154.05195334333777,565.3706687700496,148.8769742197109,0.03476010411112809
Upper,1,Sugar Maple,2025,10.8,1.0,10.85,-0.004608294930875478,normal,27.432000000000002,hardwood,152.42403326727535,559.3962020909005,154.05195334333777,-0.010567344592082225
Upper,10,sugar maple,2015,13.5,,,,initial,34.29,hardwood,254.65164099934168,934.5715224675839,,
Upper,10,sugar maple,2016,13.7,1.0,13.5,0.014814814814814762,normal,34.798,hardwood,263.41233982397756,966.7232871539976,254.65164099934168,0.034402679638174914
Upper,10,sugar maple,2017,13.85,1.0,13.7,0.010948905109489078,normal,35.179,hardwood,270.09297619007316,991.2412226175685,263.41233982397756,0.025361895993786247
Upper,10,sugar maple,2018,14.0,1.0,13.85,0.010830324909747318,normal,35.56,hardwood,276.8683379803203,1016.1068003877755,270.09297619007316,0.025085294278363948
Upper,10,sugar maple,2021,14.24,3.0,14.0,0.0057142857142857195,annualized,36.1696,hardwood,287.90671018332614,1056.6176263728069,276.8683379803203,0.013289556429032649
Upper,10,sugar maple,2022,14.5,1.0,14.24,0.01825842696629212,normal,36.83,hardwood,300.14092507413557,1101.5171950220774,287.90671018332614,0.042493677493724354
Upper,10,sugar maple,2023,14.25,1.0,14.5,-0.017241379310344827,normal,36.195,hardwood,288.37194032114536,1058.3250209786036,300.14092507413557,-0.039211529550937575
Upper,10,sugar maple,2024,14.31,1.0,14.25,0.004210526315789508,normal,36.3474,hardwood,291.17224117149783,1068.602125099397,288.37194032114536,0.009710725832873742
Upper,10,sugar maple,2025,14.4,1.0,14.31,0.006289308176100619,normal,36.576,hardwood,295.401396053482,1084.123123516279,291.17224117149783,0.014524581275222772
Upper,100,Sugar Maple,2015,8.5,,,,initial,21.59,hardwood,87.87034686380746,322.48417299017336,,
Upper,100,Sugar Maple,2016,8.6,1.0,8.5,0.0117647058823529,normal,21.843999999999998,hardwood,90.26621858864445,331.27702222032514,87.87034686380746,0.027265986881221917
Upper,100,Sugar Maple,2017,8.63,1.0,8.6,0.003488372093023388,normal,21.9202,hardwood,90.99209027129962,333.9409712956696,90.26621858864445,0.008041454422313452
Upper,100,Sugar Maple,2018,8.75,1.0,8.63,0.013904982618771634,normal,22.225,hardwood,93.9284884687798,344.7175526804219,90.99209027129962,0.032270917051417325
Upper,100,Sugar Maple,2021,8.9,3.0,8.75,0.005714285714285728,annualized,22.606,hardwood,97.67329231217857,358.46098278569536,93.9284884687798,0.013289556429032632
Upper,100,Sugar Maple,2022,8.64,1.0,8.9,-0.02921348314606739,normal,21.945600000000002,hardwood,91.23477793541305,334.8316350229659,97.67329231217857,-0.06591888349772282
Upper,100,Sugar Maple,2023,9.06,1.0,8.64,0.0486111111111111,normal,23.012400000000003,hardwood,101.75919584056739,373.4562487348823,91.23477793541305,0.11535532987875288
Upper,100,Sugar Maple,2024,9.37,1.0,9.06,0.03421633554083871,normal,23.799799999999998,hardwood,109.94611062043886,403.5022259770106,101.75919584056739,0.08045380775903961
Upper,100,Sugar Maple,2025,9.0,1.0,9.37,-0.039487726787619984,normal,22.86,hardwood,100.21588898634975,367.7923125799036,109.94611062043886,-0.08849991672447818
Upper,11,Sugar maple,2015,15.06,,,,initial,38.2524,hardwood,327.4735643840218,1201.82798128936,,
Upper,11,Sugar maple,2016,15.5,1.0,15.06,0.029216467463479383,normal,39.37,hardwood,349.89820731941523,1284.1264208622538,327.4735643840218,0.068477719652193
Upper,11,Sugar maple,2017,15.4,1.0,15.5,-0.006451612903225784,normal,39.116,hardwood,344.72792840354595,1265.1514972410137,349.89820731941523,-0.014776523022164109
Upper,11,Sugar maple,2018,13.5,1.0,15.4,-0.12337662337662339,normal,34.29,hardwood,254.65164099934168,934.5715224675839,344.72792840354595,-0.26129675022662807
Upper,11,Sugar maple,2021,15.78,3.0,13.5,0.05629629629629628,annualized,40.081199999999995,hardwood,364.6069216832939,1338.1074025776884,254.65164099934168,0.14392901645616654
Upper,11,Sugar maple,2022,16.1,1.0,15.78,0.020278833967047025,normal,40.894000000000005,hardwood,381.8372789432117,1401.342813721587,364.6069216832939,0.04725735095858795
Upper,11,Sugar maple,2023,15.9,1.0,16.1,-0.01242236024844727,normal,40.386,hardwood,371.0156229671586,1361.6273362894722,381.8372789432117,-0.028341014806106762
Upper,11,Sugar maple,2024,16.14,1.0,15.9,0.015094339622641522,normal,40.9956,hardwood,384.02273073582677,1409.3634218004843,371.0156229671586,0.035058113360955476
Upper,11,Sugar maple,2025,16.15,1.0,16.14,0.0006195786864930614,normal,41.020999999999994,hardwood,384.57019542697657,1411.372617217004,384.02273073582677,0.0014256049117217623
Upper,12,Sugar Maple ,2015,9.8,,,,initial,24.892000000000003,hardwood,121.89861906281644,447.36793196053634,,
Upper,12,Sugar Maple ,2016,10.5,1.0,9.8,0.07142857142857136,normal,26.67,hardwood,142.8611689815002,524.3004901621058,121.89861906281644,0.17196708280904657
Upper,12,Sugar Maple ,2017,10.03,1.0,10.5,-0.04476190476190482,normal,25.4762,hardwood,128.5792705356482,471.88592286582883,142.8611689815002,-0.09997047166610722
Upper,12,Sugar Maple ,2018,10.0,1.0,10.03,-0.0029910269192422096,normal,25.4,hardwood,127.69644638473106,468.645958231963,128.5792705356482,-0.0068659912849044396
Upper,12,Sugar Maple ,2021,10.27,3.0,10.0,0.008999999999999985,annualized,26.0858,hardwood,135.76594031708055,498.2610009636856,127.69644638473106,0.021064261276927683
Upper,12,Sugar Maple ,2022,10.3,1.0,10.27,0.0029211295034080953,normal,26.162000000000003,hardwood,136.67982952173418,501.61497434476445,135.76594031708055,0.006731358413746818
Upper,12,Sugar Maple ,2023,10.3,1.0,10.3,0.0,normal,26.162000000000003,hardwood,136.67982952173418,501.61497434476445,136.67982952173418,0.0
Upper,12,Sugar Maple ,2024,10.04,1.0,10.3,-0.025242718446602093,normal,25.5016,hardwood,128.87430941141363,472.968715539888,136.67982952173418,-0.05710806150134499
Upper,12,Sugar Maple ,2025,10.36,1.0,10.04,0.0318725099601594,normal,26.3144,hardwood,138.51801171232592,508.3611029842361,128.87430941141363,0.07483029274768858
Upper,13,Sugar Maple ,2015,14.5,,,,initial,36.83,hardwood,300.14092507413557,1101.5171950220774,,
Upper,13,Sugar Maple ,2016,14.375,1.0,14.5,-0.008620689655172414,normal,36.5125,hardwood,294.223172730822,1079.7990439221167,300.14092507413557,-0.019716579276391137
Upper,13,Sugar Maple ,2017,14.46,1.0,14.375,0.005913043478260929,normal,36.7284,hardwood,298.239996393501,1094.5407867641486,294.223172730822,0.013652302180677907
Upper,13,Sugar Maple ,2018,14.5,1.0,14.46,0.0027662517289072713,normal,36.83,hardwood,300.14092507413557,1101.5171950220774,298.239996393501,0.006373822101736104
Upper,13,Sugar Maple ,2021,14.83,3.0,14.5,0.007586206896551726,annualized,37.6682,hardwood,316.0846887546532,1160.0308077295772,300.14092507413557,0.01770697512241345
Upper,13,Sugar Maple ,2022,14.6,1.0,14.83,-0.015509103169251547,normal,37.083999999999996,hardwood,304.9231375962875,1119.0679149783753,316.0846887546532,-0.03531190075147659
Upper,13,Sugar Maple ,2023,14.9,1.0,14.6,0.020547945205479503,normal,37.846000000000004,hardwood,319.52675505808435,1172.6631910631695,304.9231375962875,0.047892782348093715
Upper,13,Sugar Maple ,2024,15.8,1.0,14.9,0.06040268456375841,normal,40.132000000000005,hardwood,365.6706566210666,1342.0113097993144,319.52675505808435,0.14441326378003652
Upper,13,Sugar Maple ,2025,14.74,1.0,15.8,-0.06708860759493673,normal,37.4396,hardwood,311.69011106967264,1143.9027076256987,365.6706566210666,-0.14762066513674998
Upper,14,Sugar Maple ,2015,15.06,,,,initial,38.2524,hardwood,327.4735643840218,1201.82798128936,,
Upper,14,Sugar Maple ,2016,15.5,1.0,15.06,0.029216467463479383,normal,39.37,hardwood,349.89820731941523,1284.1264208622538,327.4735643840218,0.068477719652193
Upper,14,Sugar Maple ,2017,15.3,1.0,15.5,-0.012903225806451568,normal,38.862,hardwood,339.6011111062187,1246.3360777598225,349.89820731941523,-0.02942883386594925
Upper,14,Sugar Maple ,2018,15.5,1.0,15.3,0.013071895424836555,normal,39.37,hardwood,349.89820731941523,1284.1264208622538,339.6011111062187,0.03032114995046605
Upper,14,Sugar Maple ,2021,15.94,3.0,15.5,0.009462365591397839,annualized,40.4876,hardwood,373.1658913339598,1369.5188211956324,349.89820731941523,0.022166145779748587
Upper,14,Sugar Maple ,2022,16.0,1.0,15.94,0.003764115432873306,normal,40.64,hardwood,376.40446953732254,1381.4044032019738,373.1658913339598,0.008678655468177362
Upper,14,Sugar Maple ,2023,16.25,1.0,16.0,0.015625,normal,41.275,hardwood,390.06910319543573,1431.5536087272492,376.40446953732254,0.03630305898043611
Upper,14,Sugar Maple ,2024,16.3,1.0,16.25,0.0030769230769231207,normal,41.402,hardwood,392.835114909359,1441.7048717173475,390.06910319543573,0.007091081275764135
Upper,14,Sugar Maple ,2025,16.5,1.0,16.3,0.012269938650306704,normal,41.910000000000004,hardwood,404.0097846139097,1482.7159095330485,392.835114909359,0.028446208804752824
Upper,15,Sugar Maple,2015,6.5,,,,initial,16.51,hardwood,47.411045443928835,173.99853677921882,,
Upper,15,Sugar Maple,2016,6.5,1.0,6.5,0.0,normal,16.51,hardwood,47.411045443928835,173.99853677921882,47.411045443928835,0.0
Upper,15,Sugar Maple,2017,6.6,1.0,6.5,0.01538461538461533,normal,16.764,hardwood,49.10546900846182,180.21707126105485,47.411045443928835,0.03573900445913833
Upper,15,Sugar Maple,2018,6.21,1.0,6.6,-0.05909090909090905,normal,15.7734,hardwood,42.68639629769086,156.65907441252546,49.10546900846182,-0.1307201181535365
Upper,15,Sugar Maple,2021,7.0,3.0,6.21,0.042404723564143855,annualized,17.78,hardwood,56.22174274992082,206.33379589220942,42.68639629769086,0.10569601892084261
Upper,15,Sugar Maple,2022,6.88,1.0,7.0,-0.017142857142857158,normal,17.4752,hardwood,54.02965812854221,198.2888453317499,56.22174274992082,-0.03898997992874739
Upper,15,Sugar Maple,2023,6.69,1.0,6.88,-0.02761627906976737,normal,16.9926,hardwood,50.65926477032057,185.91950170707648,54.02965812854221,-0.062380430951517817
Upper,15,Sugar Maple,2024,7.03,1.0,6.69,0.05082212257100147,normal,17.8562,hardwood,56.77747296417937,208.37332577853826,50.65926477032057,0.12077175264184323
Upper,15,Sugar Maple,2025,7.05,1.0,7.03,0.0028449502133712054,normal,17.907,hardwood,57.14967706792137,209.7393148392714,56.77747296417937,0.006555489075338411
Upper,167,Sugar Maple,2016,2.9,,,,initial,7.366,hardwood,7.4078845743540365,27.186936387879314,,
Upper,167,Sugar Maple,2017,2.75,1.0,2.9,-0.051724137931034454,normal,6.985,hardwood,6.556076423102267,24.06080047278532,7.4078845743540365,-0.11498669325932993
Upper,167,Sugar Maple,2018,2.72,1.0,2.75,-0.010909090909090839,normal,6.9088,hardwood,6.392743670437877,23.46136927050701,6.556076423102267,-0.024913186199117338
Upper,167,Sugar Maple,2021,2.8,3.0,2.72,0.009803921568627406,annualized,7.111999999999999,hardwood,6.833485601954647,25.078892159173552,6.392743670437877,0.022981365239409562
Upper,167,Sugar Maple,2022,2.8,1.0,2.8,0.0,normal,7.111999999999999,hardwood,6.833485601954647,25.078892159173552,6.833485601954647,0.0
Upper,167,Sugar Maple,2023,2.75,1.0,2.8,-0.017857142857142794,normal,6.985,hardwood,6.556076423102267,24.06080047278532,6.833485601954647,-0.04059556059839061
Upper,167,Sugar Maple,2024,2.7,1.0,2.75,-0.01818181818181812,normal,6.8580000000000005,hardwood,6.285147427752522,23.066491059851753,6.556076423102267,-0.041324868391565295
Upper,167,Sugar Maple,2025,2.85,1.0,2.7,0.05555555555555552,normal,7.239000000000001,hardwood,7.117410089456821,26.12089502830653,6.285147427752522,0.13241736510895252
Upper,168,Sugar Maple,2015,2.4,,,,initial,6.096,hardwood,4.7936317430245,17.592628496899916,,
Upper,168,Sugar Maple,2016,2.375,1.0,2.4,-0.01041666666666663,normal,6.0325,hardwood,4.679561117140884,17.173989299907046,4.7936317430245,-0.023796284737476324
Upper,168,Sugar Maple,2017,2.5,1.0,2.375,0.05263157894736842,normal,6.35,hardwood,5.265514724444983,19.324439038713088,4.679561117140884,0.12521550475274146
Upper,168,Sugar Maple,2018,2.44,1.0,2.5,-0.02400000000000002,normal,6.1975999999999996,hardwood,4.979381623436866,18.274330558013297,5.265514724444983,-0.05434095543969391
Upper,168,Sugar Maple,2021,2.56,3.0,2.44,0.016393442622950834,annualized,6.502400000000001,hardwood,5.560716214113794,20.40782850579762,4.979381623436866,0.03891611680860882
Upper,168,Sugar Maple,2022,2.56,1.0,2.56,0.0,normal,6.502400000000001,hardwood,5.560716214113794,20.40782850579762,5.560716214113794,0.0
Upper,168,Sugar Maple,2023,2.75,1.0,2.56,0.07421874999999997,normal,6.985,hardwood,6.556076423102267,24.06080047278532,5.560716214113794,0.17899856253446716
Upper,168,Sugar Maple,2024,2.63,1.0,2.75,-0.043636363636363674,normal,6.6802,hardwood,5.916665719450596,21.714163190383687,6.556076423102267,-0.09752947683747537
Upper,168,Sugar Maple,2025,2.61,1.0,2.63,-0.0076045627376425924,normal,6.6293999999999995,hardwood,5.8136914467490275,21.33624760956893,5.916665719450596,-0.01740410521470705
Upper,17,Sugar Maple,2015,20.6,,,,initial,52.324000000000005,hardwood,673.0904341304744,2470.2418932588407,,
Upper,17,Sugar Maple,2016,21.25,1.0,20.6,0.03155339805825236,normal,53.975,hardwood,722.9435056262056,2653.2026656481744,673.0904341304744,0.07406593374058786
Upper,17,Sugar Maple,2017,21.2,1.0,21.25,-0.002352941176470622,normal,53.848,hardwood,719.0370877404226,2638.866112007351,722.9435056262056,-0.0054034898375624274
Upper,17,Sugar Maple,2018,21.12,1.0,21.2,-0.003773584905660297,normal,53.644800000000004,hardwood,712.8116900836726,2616.0189026070784,719.0370877404226,-0.008657964606962588
Upper,17,Sugar Maple,2021,22.06,3.0,21.12,0.01483585858585855,annualized,56.032399999999996,hardwood,787.9006889959028,2891.5955286149633,712.8116900836726,0.035113995256080395
Upper,17,Sugar Maple,2022,22.4,1.0,22.06,0.015412511332728916,normal,56.895999999999994,hardwood,816.1110417683766,2995.127523289942,787.9006889959028,0.03580445247284269
Upper,17,Sugar Maple,2023,21.7,1.0,22.4,-0.03124999999999997,normal,55.118,hardwood,758.6408068940879,2784.2117613013024,816.1110417683766,-0.07041962665982354
Upper,17,Sugar Maple,2024,22.67,1.0,21.7,0.0447004608294932,normal,57.58180000000001,hardwood,838.9137408471101,3078.8134289088944,758.6408068940879,0.10581151610030518
Upper,17,Sugar Maple,2025,22.87,1.0,22.67,0.008822232024702217,normal,58.089800000000004,hardwood,856.033952425806,3141.644605402708,838.9137408471101,0.02040759466093421
Upper,171,Sugar Maple,2015,6.2,,,,initial,15.748000000000001,hardwood,42.52846398772181,156.07946283493902,,
Upper,171,Sugar Maple,2016,6.1,1.0,6.2,-0.016129032258064602,normal,15.494,hardwood,40.967308485507594,150.35002214181287,42.52846398772181,-0.03670848546669653
Upper,171,Sugar Maple,2017,6.5,1.0,6.1,0.06557377049180334,normal,16.51,hardwood,47.411045443928835,173.99853677921882,40.967308485507594,0.15728973165763982
Upper,171,Sugar Maple,2018,6.13,1.0,6.5,-0.05692307692307694,normal,15.5702,hardwood,41.4321912788633,152.0561419934283,47.411045443928835,-0.12610677763131142
Upper,171,Sugar Maple,2021,6.19,3.0,6.13,0.003262642740619929,annualized,15.722600000000002,hardwood,42.37086247926558,155.50106529890468,41.4321912788633,0.007551867050143586
Upper,171,Sugar Maple,2022,6.31,1.0,6.19,0.0193861066235863,normal,16.0274,hardwood,44.2839485862685,162.5220913116054,42.37086247926558,0.04515098336596518
Upper,171,Sugar Maple,2023,6.13,1.0,6.31,-0.02852614896988902,normal,15.5702,hardwood,41.4321912788633,152.0561419934283,44.2839485862685,-0.06439708739724871
Upper,171,Sugar Maple,2024,6.25,1.0,6.13,0.019575856443719432,normal,15.875,hardwood,43.32143674949544,158.98967287064826,41.4321912788633,0.04559849267726136
Upper,171,Sugar Maple,2025,6.18,1.0,6.25,-0.011200000000000045,normal,15.697199999999999,hardwood,42.21359161216644,154.92388121665084,43.32143674949544,-0.025572677649983614
Upper,172,Sugar Maple,2015,19.4,,,,initial,49.275999999999996,hardwood,586.3039099969504,2151.735349688808,,
Upper,172,Sugar Maple,2016,19.9375,1.0,19.4,0.027706185567010384,normal,50.64125,hardwood,624.3403773526334,2291.3291848841645,586.3039099969504,0.06487500203756234
Upper,172,Sugar Maple,2017,20.3,1.0,19.9375,0.01818181818181822,normal,51.562000000000005,hardwood,650.7582743123862,2388.2828667264575,624.3403773526334,0.04231329242515381
Upper,172,Sugar Maple,2018,20.06,1.0,20.3,-0.011822660098522265,normal,50.9524,hardwood,633.1986023677115,2323.838870689501,650.7582743123862,-0.026983401729665124
Upper,172,Sugar Maple,2021,20.5,3.0,20.06,0.007311399135925579,annualized,52.07,hardwood,665.5990478926494,2442.7485057660233,633.1986023677115,0.01705649454677851
Upper,172,Sugar Maple,2022,20.8,1.0,20.5,0.014634146341463448,normal,52.832,hardwood,688.2155514225341,2525.7510737207,665.5990478926494,0.033979170495346524
Upper,172,Sugar Maple,2023,20.94,1.0,20.8,0.006730769230769258,normal,53.1876,hardwood,698.9163006058626,2565.022823223516,688.2155514225341,0.015548543128980729
Upper,172,Sugar Maple,2024,21.22,1.0,20.94,0.01337153772683847,normal,53.8988,hardwood,720.5982193546556,2644.595465031586,698.9163006058626,0.031022196406061527
Upper,172,Sugar Maple,2025,21.2,1.0,21.22,-0.0009425070688029959,normal,53.848,hardwood,719.0370877404226,2638.866112007351,720.5982193546556,-0.002166438345672122
Upper,173,Sugar Maple,2015,11.2,,,,initial,28.447999999999997,hardwood,165.72203734228694,608.199877046193,,
Upper,173,Sugar Maple,2016,11.3125,1.0,11.2,0.010044642857142922,normal,28.73375,hardwood,169.57568251564393,622.3427548324132,165.72203734228694,0.02325366761813076
Upper,173,Sugar Maple,2017,11.4,1.0,11.3125,0.007734806629834286,normal,28.956000000000003,hardwood,172.6076221318073,633.4699732237327,169.57568251564393,0.017879566050890874
Upper,173,Sugar Maple,2018,11.63,1.0,11.4,0.020175438596491267,normal,29.540200000000002,hardwood,180.72247078183307,663.2514677693273,172.6076221318073,0.04701326945938161
Upper,173,Sugar Maple,2021,12.1,3.0,11.63,0.013470908569790737,annualized,30.733999999999998,hardwood,197.96351814207748,726.5261115814243,180.72247078183307,0.031800228061766016
Upper,173,Sugar Maple,2022,12.5,1.0,12.1,0.03305785123966945,normal,31.75,hardwood,213.33977932886583,782.9569901369376,197.96351814207748,0.07767219602428406
Upper,173,Sugar Maple,2023,12.25,1.0,12.5,-0.02,normal,31.115000000000002,hardwood,203.6534706142324,747.4082371542329,213.33977932886583,-0.04540320021472357
Upper,173,Sugar Maple,2024,12.55,1.0,12.25,0.024489795918367405,normal,31.877000000000002,hardwood,215.30761042602106,790.1789302634973,203.6534706142324,0.057225343504527605
Upper,173,Sugar Maple,2025,12.5,1.0,12.55,-0.003984063745019977,normal,31.75,hardwood,213.33977932886583,782.9569901369376,215.30761042602106,-0.009139626292175893
Upper,174,Sugar Maple,2015,8.8,,,,initial,22.352000000000004,hardwood,95.16756503565735,349.2649636808625,,
Upper,174,Sugar Maple,2016,8.75,1.0,8.8,-0.005681818181818262,normal,22.225,hardwood,93.9284884687798,344.7175526804219,95.16756503565735,-0.013019946096270154
Upper,174,Sugar Maple,2017,7.8,1.0,8.75,-0.1085714285714286,normal,19.812,hardwood,72.1101498083406,264.64424979661,93.9284884687798,-0.23228670040497082
Upper,174,Sugar Maple,2018,8.94,1.0,7.8,0.1461538461538461,normal,22.7076,hardwood,98.68589969991038,362.1772518986711,72.1101498083406,0.36854381750980514
Upper,174,Sugar Maple,2021,9.0,3.0,8.94,0.0022371364653244034,annualized,22.86,hardwood,100.21588898634975,367.7923125799036,98.68589969991038,0.005167875353661976
Upper,174,Sugar Maple,2022,9.13,1.0,9.0,0.01444444444444453,normal,23.1902,hardwood,103.576587874566,380.12607749965724,100.21588898634975,0.03353459139272819
Upper,174,Sugar Maple,2023,9.0,1.0,9.13,-0.014238773274917937,normal,22.86,hardwood,100.21588898634975,367.7923125799036,103.576587874566,-0.03244651090733114
Upper,174,Sugar Maple,2024,9.19,1.0,9.0,0.021111111111111056,normal,23.342599999999997,hardwood,105.14884045645721,385.89624447519793,100.21588898634975,0.04922324713179328
Upper,174,Sugar Maple,2025,9.2,1.0,9.19,0.0010881392818280508,normal,23.368,hardwood,105.4121847485703,386.862718027253,105.14884045645721,0.0025044906911944674
Upper,175,Sugar Maple ,2015,4.94,,,,initial,12.547600000000001,hardwood,25.220331699329503,92.55861733653927,,
Upper,175,Sugar Maple ,2016,5.0,1.0,4.94,0.012145748987854171,normal,12.7,hardwood,25.930436145543343,95.16470065414407,25.220331699329503,0.028156031200522194
Upper,175,Sugar Maple ,2017,5.0,1.0,5.0,0.0,normal,12.7,hardwood,25.930436145543343,95.16470065414407,25.930436145543343,0.0
Upper,175,Sugar Maple ,2018,5.06,1.0,5.0,0.011999999999999922,normal,12.8524,hardwood,26.651705172208583,97.8117579820055,25.930436145543343,0.02781553779569591
Upper,175,Sugar Maple ,2021,5.0,3.0,5.06,-0.003952569169960449,annualized,12.7,hardwood,25.930436145543343,95.16470065414407,26.651705172208583,-0.009020924077275087
Upper,175,Sugar Maple ,2022,4.0,1.0,5.0,-0.2,normal,10.16,hardwood,15.520896100149127,56.961688687547294,25.930436145543343,-0.4014409933935223
Upper,175,Sugar Maple ,2023,4.39,1.0,4.0,0.09749999999999992,normal,11.150599999999999,hardwood,19.224152731255682,70.55264052370835,15.520896100149127,0.23859812005770553
Upper,175,Sugar Maple ,2024,5.0,1.0,4.39,0.1389521640091117,normal,12.7,hardwood,25.930436145543343,95.16470065414407,19.224152731255682,0.3488467610530485
Upper,175,Sugar Maple ,2025,5.02,1.0,5.0,0.003999999999999915,normal,12.7508,hardwood,26.169616662043925,96.0424931497012,25.930436145543343,0.009223929561311676
Upper,178,Sugar Maple,2015,14.75,,,,initial,37.465,hardwood,312.17668054568935,1145.68841760268,,
Upper,178,Sugar Maple,2016,14.5625,1.0,14.75,-0.012711864406779662,normal,36.98875,hardwood,303.12480032619135,1112.4680171971222,312.17668054568935,-0.028996016626466732
Upper,178,Sugar Maple,2017,14.6,1.0,14.5625,0.002575107296137315,normal,37.083999999999996,hardwood,304.9231375962875,1119.0679149783753,303.12480032619135,0.00593266294331901
Upper,178,Sugar Maple,2018,15.25,1.0,14.6,0.044520547945205505,normal,38.735,hardwood,337.0539740612074,1236.9880848046312,304.9231375962875,0.10537355977052974
Upper,178,Sugar Maple,2021,14.9,3.0,15.25,-0.007650273224043708,annualized,37.846000000000004,hardwood,319.52675505808435,1172.6631910631695,337.0539740612074,-0.017333741133440522
Upper,178,Sugar Maple,2022,15.4,1.0,14.9,0.03355704697986577,normal,39.116,hardwood,344.72792840354595,1265.1514972410137,319.52675505808435,0.07887030724823174
Upper,178,Sugar Maple,2023,15.3,1.0,15.4,-0.0064935064935064705,normal,38.862,hardwood,339.6011111062187,1246.3360777598225,344.72792840354595,-0.014872068303458393
Upper,178,Sugar Maple,2024,15.25,1.0,15.3,-0.003267973856209197,normal,38.735,hardwood,337.0539740612074,1236.9880848046312,339.6011111062187,-0.007500379008520472
Upper,178,Sugar Maple,2025,15.2,1.0,15.25,-0.0032786885245902103,normal,38.608,hardwood,334.51767056839014,1227.6798509859918,337.0539740612074,-0.007524917930078045
Upper,18,Norway Maple,2015,3.4,,,,initial,8.636,hardwood,10.680223002041938,39.19641841749391,,
Upper,18,Norway Maple,2016,3.5625,1.0,3.4,0.04779411764705885,normal,9.04875,hardwood,11.890908015583763,43.63963241719241,10.680223002041938,0.1133576530481017
Upper,18,Norway Maple,2017,3.8,1.0,3.5625,0.06666666666666661,normal,9.652,hardwood,13.793709769009748,50.62291485226577,11.890908015583763,0.16002156865836037
Upper,18,Norway Maple,2018,3.15,1.0,3.8,-0.17105263157894735,normal,8.001,hardwood,8.95969209904525,32.88207000349607,13.793709769009748,-0.3504508758640883
Upper,18,Norway Maple,2021,3.94,3.0,3.15,0.0835978835978836,annualized,10.0076,hardwood,14.990638174194913,55.01564209929533,8.95969209904525,0.2243732637416682
Upper,18,Norway Maple,2022,4.4,1.0,3.94,0.1167512690355331,normal,11.176000000000002,hardwood,19.325020688900146,70.92282592826353,14.990638174194913,0.28913929242628894
Upper,18,Norway Maple,2023,3.7,1.0,4.4,-0.15909090909090912,normal,9.398000000000001,hardwood,12.973070463439562,47.61116860082319,19.325020688900146,-0.32869047478479546
Upper,18,Norway Maple,2024,4.45,1.0,3.7,0.2027027027027027,normal,11.303,hardwood,19.833841435142535,72.7901980669731,12.973070463439562,0.5288471215074223
Upper,18,Norway Maple,2025,4.2,1.0,4.45,-0.056179775280898875,normal,10.668000000000001,hardwood,17.36409605187606,63.726232510385145,19.833841435142535,-0.1245217872363577
Upper,180,Red Maple,2015,5.1,,,,initial,12.953999999999999,hardwood,27.138773514041727,99.59929879653313,,
Upper,180,Red Maple,2016,5.1,1.0,5.1,0.0,normal,12.953999999999999,hardwood,27.138773514041727,99.59929879653313,27.138773514041727,0.0
Upper,180,Red Maple,2017,5.13,1.0,5.1,0.00588235294117652,normal,13.0302,hardwood,27.507349872243513,100.95197403113369,27.138773514041727,0.013581172266723198
Upper,180,Red Maple,2018,5.19,1.0,5.13,0.011695906432748635,normal,13.1826,hardwood,28.25294569181555,103.68831068896307,27.507349872243513,0.027105330867383457
Upper,180,Red Maple,2021,5.13,3.0,5.19,-0.0038535645472061977,annualized,13.0302,hardwood,27.507349872243513,100.95197403113369,28.25294569181555,-0.00879667354223323
Upper,180,Red Maple,2022,5.2,1.0,5.13,0.013645224171540018,normal,13.208,hardwood,28.37830826309261,104.14839132554988,27.507349872243513,0.03166275176977131
Upper,180,Red Maple,2023,4.64,1.0,5.2,-0.10769230769230778,normal,11.785599999999999,hardwood,21.8358532484335,80.13758142175095,28.37830826309261,-0.23054422250983486
Upper,180,Red Maple,2024,5.1,1.0,4.64,0.09913793103448276,normal,12.953999999999999,hardwood,27.138773514041727,99.59929879653313,21.8358532484335,0.24285381502042544
Upper,180,Red Maple,2025,5.08,1.0,5.1,-0.003921568627450897,normal,12.9032,hardwood,26.894616126555583,98.70324118445899,27.138773514041727,-0.008996625708225755
Upper,181,sugar maple,2015,16.4,,,,initial,41.656,hardwood,398.4003049048416,1462.1291190007687,,
Upper,181,sugar maple,2016,17.0,1.0,16.4,0.036585365853658625,normal,43.18,hardwood,432.7243465602261,1588.0983518760297,398.4003049048416,0.0861546570944086
Upper,181,sugar maple,2017,17.25,1.0,17.0,0.014705882352941176,normal,43.815,hardwood,447.5007219108198,1642.3276494127085,432.7243465602261,0.034147316803532654
Upper,181,sugar maple,2018,17.0,1.0,17.25,-0.014492753623188406,normal,43.18,hardwood,432.7243465602261,1588.0983518760297,447.5007219108198,-0.03301977991789342
Upper,181,sugar maple,2021,17.55,3.0,17.0,0.01078431372549021,annualized,44.577000000000005,hardwood,465.6034497848534,1708.764660710412,432.7243465602261,0.025327211565505055
Upper,181,sugar maple,2022,17.16,1.0,17.55,-0.022222222222222254,normal,43.5864,hardwood,442.1489150713602,1622.6865183118919,465.6034497848534,-0.0503744865385579
Upper,181,sugar maple,2023,17.25,1.0,17.16,0.005244755244755236,normal,43.815,hardwood,447.5007219108198,1642.3276494127085,442.1489150713602,0.012104082260601804
Upper,181,sugar maple,2024,18.2,1.0,17.25,0.0550724637681159,normal,46.228,hardwood,506.224318028915,1857.8432471661179,447.5007219108198,0.13122570141864026
Upper,181,sugar maple,2025,18.03,1.0,18.2,-0.00934065934065924,normal,45.796200000000006,hardwood,495.4148074617369,1818.1723433845746,506.224318028915,-0.02135320288299667
Upper,182,Sugar Maple ,2015,5.9,,,,initial,14.986,hardwood,37.9435917037269,139.25298155267774,,
Upper,182,Sugar Maple ,2016,5.9,1.0,5.9,0.0,normal,14.986,hardwood,37.9435917037269,139.25298155267774,37.9435917037269,0.0
Upper,182,Sugar Maple ,2017,6.0,1.0,5.9,0.01694915254237282,normal,15.24,hardwood,39.43907200405727,144.7413942548902,37.9435917037269,0.03941325091223458
Upper,182,Sugar Maple ,2018,6.0,1.0,6.0,0.0,normal,15.24,hardwood,39.43907200405727,144.7413942548902,39.43907200405727,0.0
Upper,182,Sugar Maple ,2021,6.11,3.0,6.0,0.006111111111111129,annualized,15.519400000000001,hardwood,41.12194000920774,150.9175198337924,39.43907200405727,0.014223357021664062
Upper,182,Sugar Maple ,2022,6.2,1.0,6.11,0.014729950900163642,normal,15.748000000000001,hardwood,42.52846398772181,156.07946283493902,41.12194000920774,0.03420373596671575
Upper,182,Sugar Maple ,2023,6.2,1.0,6.2,0.0,normal,15.748000000000001,hardwood,42.52846398772181,156.07946283493902,42.52846398772181,0.0
Upper,182,Sugar Maple ,2024,6.1,1.0,6.2,-0.016129032258064602,normal,15.494,hardwood,40.967308485507594,150.35002214181287,42.52846398772181,-0.03670848546669653
Upper,182,Sugar Maple ,2025,6.15,1.0,6.1,0.008196721311475526,normal,15.621,hardwood,41.74376125473302,153.19960380487018,40.967308485507594,0.018952984658489425
Upper,183,Sugar Maple,2015,11.2,,,,initial,28.447999999999997,hardwood,165.72203734228694,608.199877046193,,
Upper,183,Sugar Maple,2016,11.3,1.0,11.2,0.008928571428571556,normal,28.702,hardwood,169.14502619193084,620.7622461243861,165.72203734228694,0.02065500101579106
Upper,183,Sugar Maple,2017,11.2,1.0,11.3,-0.008849557522124019,normal,28.447999999999997,hardwood,165.72203734228694,608.199877046193,169.14502619193084,-0.020237005643664596
Upper,183,Sugar Maple,2018,11.13,1.0,11.2,-0.006249999999999867,normal,28.270200000000003,hardwood,163.34945490820937,599.4924995131283,165.72203734228694,-0.014316638101528847
Upper,183,Sugar Maple,2021,11.3,3.0,11.13,0.005091344713986221,annualized,28.702,hardwood,169.14502619193084,620.7622461243861,163.34945490820937,0.011826529177335723
Upper,183,Sugar Maple,2022,11.3,1.0,11.3,0.0,normal,28.702,hardwood,169.14502619193084,620.7622461243861,169.14502619193084,0.0
Upper,183,Sugar Maple,2023,10.78,1.0,11.3,-0.046017699115044365,normal,27.3812,hardwood,151.77560110815057,557.0164560669126,169.14502619193084,-0.1026895408917965
Upper,183,Sugar Maple,2024,11.5,1.0,10.78,0.06679035250463829,normal,29.21,hardwood,176.10992999036688,646.3234430646464,151.77560110815057,0.16033096693108417
Upper,183,Sugar Maple,2025,11.2,1.0,11.5,-0.02608695652173919,normal,28.447999999999997,hardwood,165.72203734228694,608.199877046193,176.10992999036688,-0.0589852749850514
Upper,184,Sugar Maple,2015,4.2,,,,initial,10.668000000000001,hardwood,17.36409605187606,63.726232510385145,,
Upper,184,Sugar Maple,2016,4.3125,1.0,4.2,0.026785714285714243,normal,10.95375,hardwood,18.452523207434623,67.72076017128506,17.36409605187606,0.06268262697389113
Upper,184,Sugar Maple,2017,4.45,1.0,4.3125,0.03188405797101453,normal,11.303,hardwood,19.833841435142535,72.7901980669731,18.452523207434623,0.0748579591083441
Upper,184,Sugar Maple,2018,4.19,1.0,4.45,-0.05842696629213478,normal,10.642600000000002,hardwood,17.269154081094413,63.377795477616495,19.833841435142535,-0.129308654727061
Upper,184,Sugar Maple,2021,4.5,3.0,4.19,0.024661893396976897,annualized,11.43,hardwood,20.350148995533267,74.68504681360709,17.269154081094413,0.05947009911372952
Upper,184,Sugar Maple,2022,4.4,1.0,4.5,-0.022222222222222143,normal,11.176000000000002,hardwood,19.325020688900146,70.92282592826353,20.350148995533267,-0.05037448653855706
Upper,184,Sugar Maple,2023,4.4,1.0,4.4,0.0,normal,11.176000000000002,hardwood,19.325020688900146,70.92282592826353,19.325020688900146,0.0
Upper,184,Sugar Maple,2024,4.5,1.0,4.4,0.022727272727272645,normal,11.43,hardwood,20.350148995533267,74.68504681360709,19.325020688900146,0.053046686114128286
Upper,184,Sugar Maple,2025,4.2,1.0,4.5,-0.06666666666666662,normal,10.668000000000001,hardwood,17.36409605187606,63.726232510385145,20.350148995533267,-0.14673371405352495
Upper,186,Sugar Maple,2015,13.7,,,,initial,34.798,hardwood,263.41233982397756,966.7232871539976,,
Upper,186,Sugar Maple,2016,13.625,1.0,13.7,-0.005474452554744474,normal,34.6075,hardwood,260.1074472203659,954.5943312987428,263.41233982397756,-0.012546460829512145
Upper,186,Sugar Maple,2017,13.7,1.0,13.625,0.005504587155963251,normal,34.798,hardwood,263.41233982397756,966.7232871539976,260.1074472203659,0.012705874587326735
Upper,186,Sugar Maple,2018,13.38,1.0,13.7,-0.023357664233576533,normal,33.9852,hardwood,249.47548322456439,915.5750234341513,263.41233982397756,-0.052908897923029455
Upper,186,Sugar Maple,2021,13.9,3.0,13.38,0.012954658694568997,annualized,35.306000000000004,hardwood,272.3408898838568,999.4910658737545,249.47548322456439,0.030551307572389386
Upper,186,Sugar Maple,2022,12.48,1.0,13.9,-0.10215827338129496,normal,31.6992,hardwood,212.55550530426345,780.0787044666469,272.3408898838568,-0.21952408470534693
Upper,186,Sugar Maple,2023,14.23,1.0,12.48,0.14022435897435898,normal,36.144200000000005,hardwood,287.4419045702355,1054.9117897727645,212.55550530426345,0.352314559713594
Upper,186,Sugar Maple,2024,14.06,1.0,14.23,-0.011946591707659868,normal,35.7124,hardwood,279.6050745747658,1026.1506236893904,287.4419045702355,-0.027264048389836662
Upper,186,Sugar Maple,2025,13.95,1.0,14.06,-0.007823613086771068,normal,35.433,hardwood,274.59934002860507,1007.7795779049806,279.6050745747658,-0.01790287445166599
Upper,187,Sugar maple,2015,6.6,,,,initial,16.764,hardwood,49.10546900846182,180.21707126105485,,
Upper,187,Sugar maple,2016,6.7,1.0,6.6,0.015151515151515233,normal,17.018,hardwood,50.833598900463016,186.55930796469926,49.10546900846182,0.035192208258990644
Upper,187,Sugar maple,2017,6.95,1.0,6.7,0.03731343283582089,normal,17.653000000000002,hardwood,55.30238510848809,202.95975334815128,50.833598900463016,0.08791008908842708
Upper,187,Sugar maple,2018,7.0,1.0,6.95,0.007194244604316521,normal,17.78,hardwood,56.22174274992082,206.33379589220942,55.30238510848809,0.016624195134246116
Upper,187,Sugar maple,2021,5.98,3.0,7.0,-0.04857142857142855,annualized,15.189200000000001,hardwood,39.13736069366355,143.63411374574522,56.22174274992082,-0.10129166653697236
Upper,187,Sugar maple,2022,6.0,1.0,5.98,0.003344481605351099,normal,15.24,hardwood,39.43907200405727,144.7413942548902,39.13736069366355,0.007709035689843246
Upper,187,Sugar maple,2023,6.9,1.0,6.0,0.15000000000000005,normal,17.526,hardwood,54.39158571878679,199.6171195879475,39.43907200405727,0.37912945094629225
Upper,187,Sugar maple,2024,7.06,1.0,6.9,0.02318840579710134,normal,17.932399999999998,hardwood,57.33629474761316,210.42420172374028,54.39158571878679,0.05413905459662426
Upper,187,Sugar maple,2025,6.97,1.0,7.06,-0.01274787535410763,normal,17.7038,hardwood,55.669100140991056,204.30559751743718,57.33629474761316,-0.02907747377051265
Upper,188,Sugar maple,2015,17.0,,,,initial,43.18,hardwood,432.7243465602261,1588.0983518760297,,
Upper,188,Sugar maple,2016,10.0,1.0,17.0,-0.4117647058823529,normal,25.4,hardwood,127.69644638473106,468.645958231963,432.7243465602261,-0.7049011746165791
Upper,188,Sugar maple,2017,10.0,1.0,10.0,0.0,normal,25.4,hardwood,127.69644638473106,468.645958231963,127.69644638473106,0.0
Upper,188,Sugar maple,2018,10.2,1.0,10.0,0.019999999999999928,normal,25.907999999999998,hardwood,133.64699758738178,490.4844811456911,127.69644638473106,0.04659919184221116
Upper,188,Sugar maple,2021,19.67,3.0,10.2,0.30947712418300666,annualized,49.961800000000004,hardwood,605.2416958019696,2221.2370235932285,133.64699758738178,1.1762197099520757
Upper,188,Sugar maple,2022,9.16,1.0,19.67,-0.534316217590239,normal,23.2664,hardwood,104.36104064486665,383.0050191666606,605.2416958019696,-0.8275712969401685
Upper,188,Sugar maple,2023,10.3,1.0,9.16,0.12445414847161577,normal,26.162000000000003,hardwood,136.67982952173418,501.61497434476445,104.36104064486665,0.3096825086944669
Upper,188,Sugar maple,2024,19.89,1.0,10.3,0.9310679611650484,normal,50.5206,hardwood,620.9245236406447,2278.793001761166,136.67982952173418,3.5429126288301975
Upper,188,Sugar maple,2025,19.95,1.0,19.89,0.003016591251885305,normal,50.673,hardwood,625.2410470086689,2294.634642521815,620.9245236406447,0.006951768216071328
Upper,189,Sugar maple,2015,11.0,,,,initial,27.94,hardwood,158.9944583328694,583.5096620816307,,
Upper,189,Sugar maple,2016,11.1,1.0,11.0,0.00909090909090906,normal,28.194,hardwood,162.33855010300397,595.7824788780246,158.9944583328694,0.021032756771518366
Upper,189,Sugar maple,2017,11.14,1.0,11.1,0.003603603603603687,normal,28.2956,hardwood,163.68721158358022,600.7320665117394,162.33855010300397,0.008307709288524059
Upper,189,Sugar maple,2018,11.0,1.0,11.14,-0.012567324955116747,normal,27.94,hardwood,158.9944583328694,583.5096620816307,163.68721158358022,-0.028669027991320168
Upper,189,Sugar maple,2021,10.33,3.0,11.0,-0.020303030303030302,annualized,26.2382,hardwood,137.59718564472726,504.98167131614906,158.9944583328694,-0.04485957752344007
Upper,189,Sugar maple,2022,10.16,1.0,10.33,-0.0164569215876089,normal,25.8064,hardwood,132.44462557305997,486.0717758531301,137.59718564472726,-0.037446696656798534
Upper,189,Sugar maple,2023,11.3,1.0,10.16,0.11220472440944887,normal,28.702,hardwood,169.14502619193084,620.7622461243861,132.44462557305997,0.2770999612862808
Upper,189,Sugar maple,2024,11.21,1.0,11.3,-0.007964601769911492,normal,28.4734,hardwood,166.06255690921702,609.4495838568265,169.14502619193084,-0.0182238245611556
Upper,189,Sugar maple,2025,11.16,1.0,11.21,-0.004460303300624506,normal,28.3464,hardwood,164.36390818231624,603.2155430291006,166.06255690921702,-0.010228968880862178
Upper,19,sugar maple,2015,16.2,,,,initial,41.147999999999996,hardwood,387.31413343583506,1421.4428697095148,,
Upper,19,sugar maple,2016,15.8,1.0,16.2,-0.02469135802469127,normal,40.132000000000005,hardwood,365.6706566210666,1342.0113097993144,387.31413343583506,-0.055880937322815405
Upper,19,sugar maple,2017,15.8,1.0,15.8,0.0,normal,40.132000000000005,hardwood,365.6706566210666,1342.0113097993144,365.6706566210666,0.0
Upper,19,sugar maple,2018,15.8,1.0,15.8,0.0,normal,40.132000000000005,hardwood,365.6706566210666,1342.0113097993144,365.6706566210666,0.0
Upper,19,sugar maple,2021,15.95,3.0,15.8,0.003164556962025286,annualized,40.513,hardwood,373.7045560525056,1371.4957207126956,365.6706566210666,0.007323438259694522
Upper,19,sugar maple,2022,18.0,1.0,15.95,0.12852664576802514,normal,45.72,hardwood,493.52092741575524,1811.2218036158217,373.7045560525056,0.32061790369613635
Upper,19,sugar maple,2023,15.2,1.0,18.0,-0.15555555555555559,normal,38.608,hardwood,334.51767056839014,1227.6798509859918,493.52092741575524,-0.32218138687646064
Upper,19,sugar maple,2024,15.91,1.0,15.2,0.04671052631578953,normal,40.4114,hardwood,371.5525316481554,1363.5977911487303,334.51767056839014,0.11071122496111524
Upper,19,sugar maple,2025,15.8,1.0,15.91,-0.006913890634820832,normal,40.132000000000005,hardwood,365.6706566210666,1342.0113097993144,371.5525316481554,-0.015830534113164683
Upper,191,Sugar Maple,2015,3.6,,,,initial,9.144,hardwood,12.180764967060203,44.70340742911094,,
Upper,191,Sugar Maple,2016,3.6,1.0,3.6,0.0,normal,9.144,hardwood,12.180764967060203,44.70340742911094,12.180764967060203,0.0
Upper,191,Sugar Maple,2017,3.8,1.0,3.6,0.05555555555555548,normal,9.652,hardwood,13.793709769009748,50.62291485226577,12.180764967060203,0.13241736510895225
Upper,191,Sugar Maple,2018,3.5,1.0,3.8,-0.07894736842105259,normal,8.89,hardwood,11.416561318986751,41.89878004068138,13.793709769009748,-0.17233568705089933
Upper,191,Sugar Maple,2021,3.66,3.0,3.5,0.015238095238095252,annualized,9.2964,hardwood,12.652761098021864,46.43563322974024,11.416561318986751,0.03609375726177733
Upper,191,Sugar Maple,2022,3.5,1.0,3.66,-0.043715846994535554,normal,8.89,hardwood,11.416561318986751,41.89878004068138,12.652761098021864,-0.09770197741490438
Upper,191,Sugar Maple,2023,3.7,1.0,3.5,0.0571428571428572,normal,9.398000000000001,hardwood,12.973070463439562,47.61116860082319,11.416561318986751,0.13633782545924739
Upper,192,Sugar Maple,2015,10.8,,,,initial,27.432000000000002,hardwood,152.42403326727535,559.3962020909005,,
Upper,192,Sugar Maple,2016,10.9,1.0,10.8,0.009259259259259226,normal,27.686,hardwood,155.68965521916903,571.3810346543503,152.42403326727535,0.021424586936152082
Upper,192,Sugar Maple,2017,11.1,1.0,10.9,0.018348623853210944,normal,28.194,hardwood,162.33855010300397,595.7824788780246,155.68965521916903,0.04270608008268174
Upper,192,Sugar Maple,2018,11.0,1.0,11.1,-0.009009009009008978,normal,27.94,hardwood,158.9944583328694,583.5096620816307,162.33855010300397,-0.020599492652932556
Upper,192,Sugar Maple,2021,11.16,3.0,11.0,0.004848484848484853,annualized,28.3464,hardwood,164.36390818231624,603.2155430291006,158.9944583328694,0.011257100626332082
Upper,192,Sugar Maple,2022,11.2,1.0,11.16,0.0035842293906809273,normal,28.447999999999997,hardwood,165.72203734228694,608.199877046193,164.36390818231624,0.008262940295044782
Upper,192,Sugar Maple,2023,11.4,1.0,11.2,0.017857142857142953,normal,28.956000000000003,hardwood,172.6076221318073,633.4699732237327,165.72203734228694,0.041548999155125464
Upper,192,Sugar Maple,2024,11.19,1.0,11.4,-0.018421052631579022,normal,28.4226,hardwood,165.38191279200612,606.9516199466624,172.6076221318073,-0.041862052501270466
Upper,192,Sugar Maple,2025,11.4,1.0,11.19,0.01876675603217166,normal,28.956000000000003,hardwood,172.6076221318073,633.4699732237327,165.38191279200612,0.04369104950968031
Upper,193,Sugar maple,2015,10.8,,,,initial,27.432000000000002,hardwood,152.42403326727535,559.3962020909005,,
Upper,193,Sugar maple,2016,10.9,1.0,10.8,0.009259259259259226,normal,27.686,hardwood,155.68965521916903,571.3810346543503,152.42403326727535,0.021424586936152082
Upper,193,Sugar maple,2017,10.75,1.0,10.9,-0.013761467889908289,normal,27.305,hardwood,150.80588144585377,553.4575849062833,155.68965521916903,-0.03136864659659127
Upper,193,Sugar maple,2018,10.8,1.0,10.75,0.00465116279069774,normal,27.432000000000002,hardwood,152.42403326727535,559.3962020909005,150.80588144585377,0.01073003125546246
Upper,193,Sugar maple,2021,10.98,3.0,10.8,0.005555555555555546,annualized,27.889200000000002,hardwood,158.3303580475563,581.0724140345316,152.42403326727535,0.012916433744461242
Upper,193,Sugar maple,2022,11.0,1.0,10.98,0.0018214936247722745,normal,27.94,hardwood,158.9944583328694,583.5096620816307,158.3303580475563,0.004194396409522684
Upper,193,Sugar maple,2023,10.8,1.0,11.0,-0.01818181818181812,normal,27.432000000000002,hardwood,152.42403326727535,559.3962020909005,158.9944583328694,-0.041324868391565454
Upper,193,Sugar maple,2024,11.0,1.0,10.8,0.01851851851851845,normal,27.94,hardwood,158.9944583328694,583.5096620816307,152.42403326727535,0.04310622757287123
Upper,193,Sugar maple,2025,10.9,1.0,11.0,-0.00909090909090906,normal,27.686,hardwood,155.68965521916903,571.3810346543503,158.9944583328694,-0.020785649690893505
Upper,194,Sugar maple,2015,10.3,,,,initial,26.162000000000003,hardwood,136.67982952173418,501.61497434476445,,
Upper,194,Sugar maple,2016,10.4,1.0,10.3,0.009708737864077634,normal,26.416,hardwood,139.75118271314534,512.8868405572434,136.67982952173418,0.02247115175778567
Upper,194,Sugar maple,2017,10.15,1.0,10.4,-0.024038461538461536,normal,25.781000000000002,hardwood,132.14499193972108,484.97212041877634,139.75118271314534,-0.054426664774900706
Upper,194,Sugar maple,2018,10.4,1.0,10.15,0.02463054187192118,normal,26.416,hardwood,139.75118271314534,512.8868405572434,132.14499193972108,0.05755943272442651
Upper,194,Sugar maple,2021,10.38,3.0,10.4,-0.0006410256410256273,annualized,26.3652,hardwood,139.13382499606413,510.62113773555535,139.75118271314534,-0.0014725163801735637
Upper,194,Sugar maple,2022,10.8,1.0,10.38,0.04046242774566473,normal,27.432000000000002,hardwood,152.42403326727535,559.3962020909005,139.13382499606413,0.09552104437283436
Upper,194,Sugar maple,2023,10.8,1.0,10.8,0.0,normal,27.432000000000002,hardwood,152.42403326727535,559.3962020909005,152.42403326727535,0.0
Upper,194,Sugar maple,2024,10.4,1.0,10.8,-0.03703703703703707,normal,26.416,hardwood,139.75118271314534,512.8868405572434,152.42403326727535,-0.08314207597372902
Upper,194,Sugar maple,2025,10.22,1.0,10.4,-0.01730769230769228,normal,25.958800000000004,hardwood,134.25048766656246,492.69928973628424,139.75118271314534,-0.03936063323251909
Upper,196,Sugar maple,2015,7.1,,,,initial,18.034,hardwood,58.08620639542944,213.17637747122606,,
Upper,196,Sugar maple,2016,7.1,1.0,7.1,0.0,normal,18.034,hardwood,58.08620639542944,213.17637747122606,58.08620639542944,0.0
Upper,196,Sugar maple,2017,7.0,1.0,7.1,-0.014084507042253471,normal,17.78,hardwood,56.22174274992082,206.33379589220942,58.08620639542944,-0.0320982167920563
Upper,196,Sugar maple,2018,7.0,1.0,7.0,0.0,normal,17.78,hardwood,56.22174274992082,206.33379589220942,56.22174274992082,0.0
Upper,196,Sugar maple,2021,7.14,3.0,7.0,0.0066666666666666515,annualized,18.1356,hardwood,58.84163052602783,215.94878403052212,56.22174274992082,0.01553306394740373
Upper,196,Sugar maple,2022,7.1,1.0,7.14,-0.005602240896358549,normal,18.034,hardwood,58.08620639542944,213.17637747122606,58.84163052602783,-0.012838259644491548
Upper,196,Sugar maple,2023,7.28,1.0,7.1,0.025352112676056426,normal,18.4912,hardwood,61.52915970600667,225.81201612104448,58.08620639542944,0.059273165252674204
Upper,196,Sugar maple,2024,7.2,1.0,7.28,-0.010989010989010999,normal,18.288,hardwood,59.98512295785456,220.14540125532622,61.52915970600667,-0.025094390294450628
Upper,196,Sugar maple,2025,7.0,1.0,7.2,-0.0277777777777778,normal,17.78,hardwood,56.22174274992082,206.33379589220942,59.98512295785456,-0.06273855953546816
Upper,197,sugar maple,2015,4.1,,,,initial,10.414,hardwood,16.427886061758493,60.29034184665367,,
Upper,197,sugar maple,2016,4.0,1.0,4.1,-0.02439024390243894,normal,10.16,hardwood,15.520896100149127,56.961688687547294,16.427886061758493,-0.05521038788555359
Upper,197,sugar maple,2017,4.3,1.0,4.0,0.07499999999999996,normal,10.921999999999999,hardwood,18.32973808966056,67.27013878905424,15.520896100149127,0.18097163793812424
Upper,197,sugar maple,2018,3.0,1.0,4.3,-0.3023255813953488,normal,7.62,hardwood,8.00862018634041,29.391636083869304,18.32973808966056,-0.563080489903022
Upper,197,sugar maple,2021,4.03,3.0,3.0,0.11444444444444447,annualized,10.2362,hardwood,15.789937745859339,57.94907152730377,8.00862018634041,0.3238725847260942
Upper,197,sugar maple,2022,4.0,1.0,4.03,-0.007444168734491377,normal,10.16,hardwood,15.520896100149127,56.961688687547294,15.789937745859339,-0.017038803448149373
Upper,197,sugar maple,2023,3.96,1.0,4.0,-0.010000000000000009,normal,10.0584,hardwood,15.166233539364182,55.66007708946655,15.520896100149127,-0.022850649762518372
Upper,197,sugar maple,2024,4.1,1.0,3.96,0.035353535353535276,normal,10.414,hardwood,16.427886061758493,60.29034184665367,15.166233539364182,0.08318825627468238
Upper,198,Norway maple,2015,18.19,,,,initial,46.202600000000004,hardwood,505.58481246452055,1855.4962617447904,,
Upper,198,Norway maple,2016,18.6,1.0,18.19,0.022539857064321062,normal,47.24400000000001,hardwood,532.1800418282869,1953.1007535098129,505.58481246452055,0.05260290401945702
Upper,198,Norway maple,2017,18.6,1.0,18.6,0.0,normal,47.24400000000001,hardwood,532.1800418282869,1953.1007535098129,532.1800418282869,0.0
Upper,198,Norway maple,2018,17.5,1.0,18.6,-0.05913978494623663,normal,44.45,hardwood,462.55813532908246,1697.5883566577327,532.1800418282869,-0.1308239712635985
Upper,198,Norway maple,2021,19.44,3.0,17.5,0.03695238095238098,annualized,49.3776,hardwood,589.088047382894,2161.953133895221,462.55813532908246,0.09118126810430947
Upper,198,Norway maple,2022,18.3,1.0,19.44,-0.058641975308642,normal,46.482,hardwood,512.6445184971672,1881.4053828846033,589.088047382894,-0.12976588003327846
Upper,198,Norway maple,2023,19.64,1.0,18.3,0.07322404371584698,normal,49.885600000000004,hardwood,603.1206849947046,2213.4529139305655,512.6445184971672,0.17648909377353925
Upper,198,Norway maple,2024,18.36,1.0,19.64,-0.06517311608961308,normal,46.6344,hardwood,516.518603790548,1895.623275911311,603.1206849947046,-0.14358997023111042
Upper,198,Norway maple,2025,19.75,1.0,18.36,0.07570806100217868,normal,50.165,hardwood,610.918309782408,2242.070196901437,516.518603790548,0.18276148293419398
Upper,199,sugar maple,2015,2.2,,,,initial,5.588000000000001,hardwood,3.9241985910482433,14.401808829147052,,
Upper,199,sugar maple,2016,2.2,1.0,2.2,0.0,normal,5.588000000000001,hardwood,3.9241985910482433,14.401808829147052,3.9241985910482433,0.0
Upper,199,sugar maple,2017,2.3,1.0,2.2,0.04545454545454529,normal,5.842,hardwood,4.346631614612262,15.952138025627,3.9241985910482433,0.1076482277241675
Upper,199,sugar maple,2018,2.25,1.0,2.3,-0.021739130434782532,normal,5.715,hardwood,4.132364321957084,15.165777061582498,4.346631614612262,-0.049295020064471555
Upper,199,sugar maple,2021,2.38,3.0,2.25,0.019259259259259243,annualized,6.0451999999999995,hardwood,4.702251058134278,17.2572613833528,4.132364321957084,0.04596938473770196
Upper,199,sugar maple,2022,2.3,1.0,2.38,-0.033613445378151294,normal,5.842,hardwood,4.346631614612262,15.952138025627,4.702251058134278,-0.07562748971194154
Upper,199,sugar maple,2023,2.34,1.0,2.3,0.017391304347826105,normal,5.9436,hardwood,4.522465720425565,16.597449193961822,4.346631614612262,0.04045295792314072
Upper,199,sugar maple,2024,2.3,1.0,2.34,-0.01709401709401711,normal,5.842,hardwood,4.346631614612262,15.952138025627,4.522465720425565,-0.03888014120685408
Upper,199,sugar maple,2025,2.3,1.0,2.3,0.0,normal,5.842,hardwood,4.346631614612262,15.952138025627,4.346631614612262,0.0
Upper,2,Sugar Maple,2015,7.5,,,,initial,19.05,hardwood,65.89003184106538,241.81641685670994,,
Upper,2,Sugar Maple,2016,7.6,1.0,7.5,0.013333333333333286,normal,19.304,hardwood,67.92819488567018,249.29647523040956,65.89003184106538,0.030932797991676392
Upper,2,Sugar Maple,2017,7.73,1.0,7.6,0.017105263157894842,normal,19.6342,hardwood,70.63039704637738,259.21355716020497,67.92819488567018,0.03978027334975224
Upper,2,Sugar Maple,2018,8.25,1.0,7.73,0.06727037516170757,normal,20.955000000000002,hardwood,82.0394789260037,301.08488765843356,70.63039704637738,0.16153217816593718
Upper,2,Sugar Maple,2021,7.88,3.0,8.25,-0.014949494949494954,annualized,20.0152,hardwood,73.82256176254042,270.9288016685233,82.0394789260037,-0.03338602857645568
Upper,2,Sugar Maple,2022,6.52,1.0,7.88,-0.1725888324873097,normal,16.5608,hardwood,47.74724102054066,175.23237454538423,73.82256176254042,-0.35321614584270744
Upper,2,Sugar Maple,2023,7.9,1.0,6.52,0.21165644171779155,normal,20.066000000000003,hardwood,74.25421677940489,272.5129755804159,47.74724102054066,0.5551519876815716
Upper,2,Sugar Maple,2024,8.0,1.0,7.9,0.01265822784810122,normal,20.32,hardwood,76.43385809522198,280.5122592094647,74.25421677940489,0.029353771547983493
Upper,2,Sugar Maple,2025,8.0,1.0,8.0,0.0,normal,20.32,hardwood,76.43385809522198,280.5122592094647,76.43385809522198,0.0
Upper,20,Sugar Maple,2015,28.0,,,,initial,71.12,hardwood,1363.4596301462536,5003.896842636751,,
Upper,20,Sugar Maple,2016,27.5,1.0,28.0,-0.017857142857142856,normal,69.85,hardwood,1308.109222107191,4800.760845133391,1363.4596301462536,-0.040595560598391416
Upper,20,Sugar Maple,2017,27.2,1.0,27.5,-0.010909090909090934,normal,69.088,hardwood,1275.520053488052,4681.158596301151,1308.109222107191,-0.024913186199117306
Upper,20,Sugar Maple,2018,27.8,1.0,27.2,0.022058823529411818,normal,70.61200000000001,hardwood,1341.163860423573,4922.071367754513,1275.520053488052,0.051464347233123084
Upper,20,Sugar Maple,2021,27.5,3.0,27.8,-0.003597122302158282,annualized,69.85,hardwood,1308.109222107191,4800.760845133391,1341.163860423573,-0.008215411328372264
Upper,20,Sugar Maple,2022,28.0,1.0,27.5,0.01818181818181818,normal,71.12,hardwood,1363.4596301462536,5003.896842636751,1308.109222107191,0.04231329242515422
Upper,20,Sugar Maple,2023,28.2,1.0,28.0,0.0071428571428571175,normal,71.628,hardwood,1385.963396841085,5086.485666406781,1363.4596301462536,0.016504901353344325
Upper,20,Sugar Maple,2024,28.0,1.0,28.2,-0.007092198581560258,normal,71.12,hardwood,1363.4596301462536,5003.896842636751,1385.963396841085,-0.016236912710770202
Upper,20,Sugar Maple,2025,28.23,1.0,28.0,0.00821428571428573,normal,71.7042,hardwood,1389.3569290950852,5098.939929778962,1363.4596301462536,0.018993814247403616
Upper,21,Sugar Maple,2015,9.2,,,,initial,23.368,hardwood,105.4121847485703,386.862718027253,,
Upper,21,Sugar Maple,2016,9.3,1.0,9.2,0.01086956521739146,normal,23.622000000000003,hardwood,108.06612856699694,396.6026918408788,105.4121847485703,0.025176822060531626
Upper,21,Sugar Maple,2017,9.24,1.0,9.3,-0.006451612903225859,normal,23.4696,hardwood,106.4692869303105,390.74228303423956,108.06612856699694,-0.014776523022164645
Upper,21,Sugar Maple,2018,9.41,1.0,9.24,0.01839826839826839,normal,23.901400000000002,hardwood,111.02862091956688,407.4750387748104,106.4692869303105,0.04282299732354446
Upper,21,Sugar Maple,2021,9.25,3.0,9.41,-0.005667729365922782,annualized,23.495,hardwood,106.7344943352872,391.715594210504,111.02862091956688,-0.012891950888322453
Upper,21,Sugar Maple,2022,9.4,1.0,9.25,0.016216216216216255,normal,23.876,hardwood,110.75743127900908,406.4797727939633,106.7344943352872,0.03769106668631938
Upper,21,Sugar Maple,2023,9.3,1.0,9.4,-0.010638297872340387,normal,23.622000000000003,hardwood,108.06612856699694,396.6026918408788,110.75743127900908,-0.024299071231008273
Upper,21,Sugar Maple,2024,9.44,1.0,9.3,0.015053763440860084,normal,23.9776,hardwood,111.84443977831646,410.4690939864214,108.06612856699694,0.034962955196244566
Upper,21,Sugar Maple,2025,9.25,1.0,9.44,-0.020127118644067746,normal,23.495,hardwood,106.7344943352872,391.715594210504,111.84443977831646,-0.04568797030194377
Upper,22,Sugar Maple,2015,3.8,,,,initial,9.652,hardwood,13.793709769009748,50.62291485226577,,
Upper,22,Sugar Maple,2016,3.9,1.0,3.8,0.026315789473684237,normal,9.906,hardwood,14.642910495857947,53.739481519798666,13.793709769009748,0.061564346435365326
Upper,22,Sugar Maple,2017,4.0,1.0,3.9,0.025641025641025664,normal,10.16,hardwood,15.520896100149127,56.961688687547294,14.642910495857947,0.059959774017572263
Upper,22,Sugar Maple,2018,9.1,1.0,4.0,1.275,normal,23.114,hardwood,102.79547885319684,377.2594073912324,15.520896100149127,5.623037625527895
Upper,22,Sugar Maple,2021,3.87,3.0,9.1,-0.1915750915750916,annualized,9.8298,hardwood,14.385137954488414,52.79345629297248,102.79547885319684,-0.2866868656255724
Upper,22,Sugar Maple,2022,3.8,1.0,3.87,-0.018087855297157694,normal,9.652,hardwood,13.793709769009748,50.62291485226577,14.385137954488414,-0.041113834802962726
Upper,22,Sugar Maple,2023,6.13,1.0,3.8,0.6131578947368421,normal,15.5702,hardwood,41.4321912788633,152.0561419934283,13.793709769009748,2.0037018302319782
Upper,22,Sugar Maple,2024,3.73,1.0,6.13,-0.3915171288743882,normal,9.4742,hardwood,13.21627676647218,48.503735732952904,41.4321912788633,-0.6810142944765153
Upper,23,Sugar Maple,2015,16.0,,,,initial,40.64,hardwood,376.40446953732254,1381.4044032019738,,
Upper,23,Sugar Maple,2016,15.8,1.0,16.0,-0.012499999999999956,normal,40.132000000000005,hardwood,365.6706566210666,1342.0113097993144,376.40446953732254,-0.02851669888365028
Upper,23,Sugar Maple,2017,13.8,1.0,15.8,-0.12658227848101264,normal,35.052,hardwood,267.8555875626219,983.0300063548224,365.6706566210666,-0.26749499115486175
Upper,23,Sugar Maple,2018,16.0,1.0,13.8,0.1594202898550724,normal,40.64,hardwood,376.40446953732254,1381.4044032019738,267.8555875626219,0.40525151243792146
Upper,23,Sugar Maple,2021,15.94,3.0,16.0,-0.0012500000000000104,annualized,40.4876,hardwood,373.1658913339598,1369.5188211956324,376.40446953732254,-0.002867994817156501
Upper,23,Sugar Maple,2022,16.2,1.0,15.94,0.016311166875784176,normal,41.147999999999996,hardwood,387.31413343583506,1421.4428697095148,373.1658913339598,0.0379140817272967
Upper,23,Sugar Maple,2023,16.1,1.0,16.2,-0.006172839506172708,normal,40.894000000000005,hardwood,381.8372789432117,1401.342813721587,387.31413343583506,-0.01414060066447512
Upper,23,Sugar Maple,2024,16.1,1.0,16.1,0.0,normal,40.894000000000005,hardwood,381.8372789432117,1401.342813721587,381.8372789432117,0.0
Upper,23,Sugar Maple,2025,16.1,1.0,16.1,0.0,normal,40.894000000000005,hardwood,381.8372789432117,1401.342813721587,381.8372789432117,0.0
Upper,24,Sugar Maple,2015,8.0,,,,initial,20.32,hardwood,76.43385809522198,280.5122592094647,,
Upper,24,Sugar Maple,2016,7.9,1.0,8.0,-0.012499999999999956,normal,20.066000000000003,hardwood,74.25421677940489,272.5129755804159,76.43385809522198,-0.028516698883650188
Upper,24,Sugar Maple,2017,7.94,1.0,7.9,0.005063291139240511,normal,20.1676,hardwood,75.12179682578291,275.69699435062324,74.25421677940489,0.011683916200415098
Upper,24,Sugar Maple,2018,7.75,1.0,7.94,-0.02392947103274564,normal,19.685,hardwood,71.05141434398648,260.7586906424304,75.12179682578291,-0.05418377426775572
Upper,24,Sugar Maple,2021,7.88,3.0,7.75,0.005591397849462361,annualized,20.0152,hardwood,73.82256176254042,270.9288016685233,71.05141434398648,0.013000667399984355
Upper,24,Sugar Maple,2022,7.9,1.0,7.88,0.0025380710659899065,normal,20.066000000000003,hardwood,74.25421677940489,272.5129755804159,73.82256176254042,0.005847196393061257
Upper,24,Sugar Maple,2023,7.95,1.0,7.9,0.00632911392405061,normal,20.193,hardwood,75.33958221016906,276.4962667113204,74.25421677940489,0.014616886122286956
Upper,24,Sugar Maple,2024,7.8,1.0,7.95,-0.01886792452830193,normal,19.812,hardwood,72.1101498083406,264.64424979661,75.33958221016906,-0.042865016065785466
Upper,24,Sugar Maple,2025,7.8,1.0,7.8,0.0,normal,19.812,hardwood,72.1101498083406,264.64424979661,72.1101498083406,0.0
Upper,26,sugar maple,2015,13.4,,,,initial,34.036,hardwood,250.33400518608528,918.725799032933,,
Upper,26,sugar maple,2016,13.3125,1.0,13.4,-0.006529850746268683,normal,33.81375,hardwood,246.59027186482922,904.9862977439233,250.33400518608528,-0.014954953157375332
Upper,26,sugar maple,2017,13.3,1.0,13.3125,-0.0009389671361501814,normal,33.782000000000004,hardwood,246.0580544890023,903.0330599746384,246.59027186482922,-0.0021583064563011523
Upper,26,sugar maple,2018,13.42,1.0,13.3,0.009022556390977385,normal,34.086800000000004,hardwood,251.19419455381316,921.8826940124943,246.0580544890023,0.020873692086517015
Upper,26,sugar maple,2021,13.7,3.0,13.42,0.006954793840039726,annualized,34.798,hardwood,263.41233982397756,966.7232871539976,251.19419455381316,0.016213412484667535
Upper,26,sugar maple,2022,13.8,1.0,13.7,0.007299270072992805,normal,35.052,hardwood,267.8555875626219,983.0300063548224,263.41233982397756,0.016868031853076806
Upper,26,sugar maple,2023,13.19,1.0,13.8,-0.04420289855072472,normal,33.5026,hardwood,241.40254334054612,885.9473340598042,267.8555875626219,-0.09875860519762851
Upper,26,sugar maple,2024,13.76,1.0,13.19,0.043214556482183496,normal,34.9504,hardwood,266.0732470395619,976.4888166351923,241.40254334054612,0.10219736444206758
Upper,26,sugar maple,2025,13.75,1.0,13.76,-0.0007267441860464961,normal,34.925,hardwood,265.62871258806433,974.8573751981961,266.0732470395619,-0.001670722090415545
Upper,27,sugar maple,2015,6.4,,,,initial,16.256,hardwood,45.75017417257656,167.90313921335596,,
Upper,27,sugar maple,2016,6.7,1.0,6.4,0.04687499999999997,normal,17.018,hardwood,50.833598900463016,186.55930796469926,45.75017417257656,0.1111126857946161
Upper,27,sugar maple,2017,6.5,1.0,6.7,-0.029850746268656744,normal,16.51,hardwood,47.411045443928835,173.99853677921882,50.833598900463016,-0.06732856871369396
Upper,27,sugar maple,2018,6.49,1.0,6.5,-0.0015384615384615057,normal,16.4846,hardwood,47.24345101947152,173.38346524146047,47.411045443928835,-0.0035349236214485165
Upper,27,sugar maple,2021,6.55,3.0,6.49,0.0030816640986132313,annualized,16.637,hardwood,48.2540535238206,177.09237643242162,47.24345101947152,0.007130459231499675
Upper,27,sugar maple,2022,6.6,1.0,6.55,0.007633587786259515,normal,16.764,hardwood,49.10546900846182,180.21707126105485,48.2540535238206,0.017644434456079723
Upper,27,sugar maple,2023,5.98,1.0,6.6,-0.09393939393939382,normal,15.189200000000001,hardwood,39.13736069366355,143.63411374574522,49.10546900846182,-0.2029938521324492
Upper,27,sugar maple,2024,6.6,1.0,5.98,0.10367892976588615,normal,16.764,hardwood,49.10546900846182,180.21707126105485,39.13736069366355,0.25469546587008685
Upper,27,sugar maple,2025,6.6,1.0,6.6,0.0,normal,16.764,hardwood,49.10546900846182,180.21707126105485,49.10546900846182,0.0
Upper,28,Sugar Maple,2015,15.7,,,,initial,39.878,hardwood,360.3694875228851,1322.5560192089883,,
Upper,28,Sugar Maple,2016,16.0,1.0,15.7,0.019108280254777118,normal,40.64,hardwood,376.40446953732254,1381.4044032019738,360.3694875228851,0.044495948102207604
Upper,28,Sugar Maple,2017,16.15,1.0,16.0,0.009374999999999911,normal,41.020999999999994,hardwood,384.57019542697657,1411.372617217004,376.40446953732254,0.021694019467120997
Upper,28,Sugar Maple,2018,16.02,1.0,16.15,-0.00804953560371511,normal,40.6908,hardwood,377.4875117544411,1385.3791681387986,384.57019542697657,-0.018417141413342778
Upper,28,Sugar Maple,2021,16.25,3.0,16.02,0.004785684560965469,annualized,41.275,hardwood,390.06910319543573,1431.5536087272492,377.4875117544411,0.011109940549220158
Upper,28,Sugar Maple,2022,16.7,1.0,16.25,0.027692307692307648,normal,42.418,hardwood,415.3619362137748,1524.3783059045536,390.06910319543573,0.0648419288047704
Upper,28,Sugar Maple,2023,16.06,1.0,16.7,-0.03832335329341321,normal,40.7924,hardwood,379.6588743684705,1393.3480689322867,415.3619362137748,-0.08595650860730046
Upper,28,Sugar Maple,2024,16.51,1.0,16.06,0.02801992528019943,normal,41.9354,hardwood,404.57317163460374,1484.7835398989957,379.6588743684705,0.065622849742617
Upper,28,Sugar Maple,2025,16.7,1.0,16.51,0.011508176862507432,normal,42.418,hardwood,415.3619362137748,1524.3783059045536,404.57317163460374,0.02666702919420249
Upper,29,sugar maple,2015,8.0,,,,initial,20.32,hardwood,76.43385809522198,280.5122592094647,,
Upper,29,sugar maple,2016,8.5,1.0,8.0,0.0625,normal,21.59,hardwood,87.87034686380746,322.48417299017336,76.43385809522198,0.14962595181755445
Upper,29,sugar maple,2017,8.35,1.0,8.5,-0.017647058823529453,normal,21.209,hardwood,84.34468201120112,309.5449829811081,87.87034686380746,-0.040123488508254784
Upper,29,sugar maple,2018,8.28,1.0,8.35,-0.008383233532934166,normal,21.0312,hardwood,82.72724968981179,303.60900636160926,84.34468201120112,-0.019176458821369823
Upper,29,sugar maple,2021,8.4,3.0,8.28,0.004830917874396176,annualized,21.336000000000002,hardwood,85.51083938820692,313.8247805547194,82.72724968981179,0.011215932311027233
Upper,29,sugar maple,2022,8.3,1.0,8.4,-0.011904761904761862,normal,21.082,hardwood,83.18756728330311,305.2983719297224,85.51083938820692,-0.027169328725174666
Upper,29,sugar maple,2023,7.68,1.0,8.3,-0.074698795180723,normal,19.5072,hardwood,69.5840364297351,255.37341369712777,83.18756728330311,-0.1635284129326671
Upper,29,sugar maple,2024,8.45,1.0,7.68,0.10026041666666662,normal,21.462999999999997,hardwood,86.68605562473786,318.13782414278796,69.5840364297351,0.2457750379610721
Upper,29,sugar maple,2025,8.33,1.0,8.45,-0.014201183431952572,normal,21.1582,hardwood,83.8807519122128,307.84235951782097,86.68605562473786,-0.03236164908309084
Upper,31,Sugar Maple,2015,11.2,,,,initial,28.447999999999997,hardwood,165.72203734228694,608.199877046193,,
Upper,31,Sugar Maple,2016,11.4,1.0,11.2,0.017857142857142953,normal,28.956000000000003,hardwood,172.6076221318073,633.4699732237327,165.72203734228694,0.041548999155125464
Upper,31,Sugar Maple,2017,11.38,1.0,11.4,-0.0017543859649122432,normal,28.9052,hardwood,171.91192933554603,630.9167806614539,172.6076221318073,-0.004030487110992165
Upper,31,Sugar Maple,2018,11.51,1.0,11.38,0.011423550087873375,normal,29.2354,hardwood,176.46234894844673,647.6168206407995,171.91192933554603,0.02646948138205678
Upper,31,Sugar Maple,2021,11.55,3.0,11.51,0.001158412974225338,annualized,29.337000000000003,hardwood,177.87600847230877,652.8049510933731,176.46234894844673,0.0026703704450007754
Upper,31,Sugar Maple,2022,11.6,1.0,11.55,0.004329004329004236,normal,29.464,hardwood,179.65205395432386,659.3230380123686,177.87600847230877,0.009984738792312075
Upper,31,Sugar Maple,2023,11.73,1.0,11.6,0.011206896551724205,normal,29.7942,hardwood,184.31651040330638,676.4415931801344,179.65205395432386,0.02596383590564708
Upper,31,Sugar Maple,2024,11.64,1.0,11.73,-0.007672634271099731,normal,29.565600000000003,hardwood,181.08007526664383,664.5638762285829,184.31651040330638,-0.01755911681260049
Upper,31,Sugar Maple,2025,11.68,1.0,11.64,0.0034364261168384146,normal,29.6672,hardwood,182.5144903309642,669.8281795146386,181.08007526664383,0.00792144062348203
Upper,32,Sugar Maple,2015,15.9,,,,initial,40.386,hardwood,371.0156229671586,1361.6273362894722,,
Upper,32,Sugar Maple,2016,16.2,1.0,15.9,0.01886792452830182,normal,41.147999999999996,hardwood,387.31413343583506,1421.4428697095148,371.0156229671586,0.043929445176272695
Upper,32,Sugar Maple,2017,16.15,1.0,16.2,-0.003086419753086464,normal,41.020999999999994,hardwood,384.57019542697657,1411.372617217004,387.31413343583506,-0.0070845284795502325
Upper,32,Sugar Maple,2018,16.31,1.0,16.15,0.009907120743034065,normal,41.4274,hardwood,393.3896431830305,1443.7399904817219,384.57019542697657,0.022933258637638232
Upper,32,Sugar Maple,2021,16.84,3.0,16.31,0.010831800531371371,annualized,42.7736,hardwood,423.4143884333026,1553.9308055502204,393.3896431830305,0.02544105720673706
Upper,32,Sugar Maple,2022,17.0,1.0,16.84,0.009501187648456066,normal,43.18,hardwood,432.7243465602261,1588.0983518760297,423.4143884333026,0.021987817091837055
Upper,32,Sugar Maple,2023,16.94,1.0,17.0,-0.003529411764705807,normal,43.02760000000001,hardwood,429.21969875026764,1575.2362944134823,432.7243465602261,-0.008099030798283658
Upper,32,Sugar Maple,2024,16.98,1.0,16.94,0.0023612750885477654,normal,43.129200000000004,hardwood,431.55434067683325,1583.804430283978,429.21969875026764,0.005439270223065814
Upper,32,Sugar Maple,2025,17.25,1.0,16.98,0.015901060070671352,normal,43.815,hardwood,447.5007219108198,1642.3276494127085,431.55434067683325,0.03695103890966972
Upper,33,Sugar Maple,2015,14.2,,,,initial,36.068,hardwood,286.0500339845308,1049.803624723228,,
Upper,33,Sugar Maple,2016,14.6,1.0,14.2,0.028169014084507067,normal,37.083999999999996,hardwood,304.9231375962875,1119.0679149783753,286.0500339845308,0.06597833025524956
Upper,33,Sugar Maple,2017,14.8,1.0,14.6,0.013698630136986375,normal,37.592000000000006,hardwood,314.6159651190731,1154.6405919869983,304.9231375962875,0.03178777313914011
Upper,33,Sugar Maple,2018,14.96,1.0,14.8,0.01081081081081082,normal,37.998400000000004,hardwood,322.4938795063194,1183.5525377881922,314.6159651190731,0.0250397794792922
Upper,33,Sugar Maple,2021,15.16,3.0,14.96,0.004456327985739734,annualized,38.5064,hardwood,332.49642076349943,1220.261864202043,322.4938795063194,0.010338740146523244
Upper,33,Sugar Maple,2022,15.8,1.0,15.16,0.04221635883905017,normal,40.132000000000005,hardwood,365.6706566210666,1342.0113097993144,332.49642076349943,0.09977321193831314
Upper,33,Sugar Maple,2023,15.61,1.0,15.8,-0.012025316455696282,normal,39.6494,hardwood,355.63581310485034,1305.1834340948008,365.6706566210666,-0.027442299059328296
Upper,33,Sugar Maple,2024,15.62,1.0,15.61,0.0006406149903907616,normal,39.6748,hardwood,356.1600302677454,1307.1073110826255,355.63581310485034,0.0014740280466087865
Upper,33,Sugar Maple,2025,15.65,1.0,15.62,0.0019206145966710075,normal,39.751000000000005,hardwood,357.7353009110744,1312.888554343643,356.1600302677454,0.004422929327989848
Upper,34,Sugar Maple,2015,2.0,,,,initial,5.08,hardwood,3.1517212627355704,11.566817034239543,,
Upper,34,Sugar Maple,2016,2.2,1.0,2.0,0.10000000000000009,normal,5.588000000000001,hardwood,3.9241985910482433,14.401808829147052,3.1517212627355704,0.24509696889952537
Upper,34,Sugar Maple,2017,2.2,1.0,2.2,0.0,normal,5.588000000000001,hardwood,3.9241985910482433,14.401808829147052,3.9241985910482433,0.0
Upper,34,Sugar Maple,2018,2.06,1.0,2.2,-0.06363636363636369,normal,5.2324,hardwood,3.373443326628323,12.380537008725945,3.9241985910482433,-0.14034846902913772
Upper,34,Sugar Maple,2021,2.09,3.0,2.06,0.004854368932038803,annualized,5.308599999999999,hardwood,3.487508459022307,12.799156044611866,3.373443326628323,0.011270890635058163
Upper,34,Sugar Maple,2022,2.1,1.0,2.09,0.004784688995215422,normal,5.3340000000000005,hardwood,3.5260071571740457,12.940446266828747,3.487508459022307,0.01103902645802659
Upper,34,Sugar Maple,2023,2.24,1.0,2.1,0.06666666666666672,normal,5.6896,hardwood,4.090244353565643,15.011196777585909,3.5260071571740457,0.1600215686583605
Upper,34,Sugar Maple,2024,2.15,1.0,2.24,-0.040178571428571556,normal,5.460999999999999,hardwood,3.722093421977239,13.660082858656468,4.090244353565643,-0.09000707531506538
Upper,34,Sugar Maple,2025,2.0,1.0,2.15,-0.06976744186046507,normal,5.08,hardwood,3.1517212627355704,11.566817034239543,3.722093421977239,-0.15323961399622185
Upper,35,Sugar Maple,2015,7.5,,,,initial,19.05,hardwood,65.89003184106538,241.81641685670994,,
Upper,35,Sugar Maple,2016,7.5,1.0,7.5,0.0,normal,19.05,hardwood,65.89003184106538,241.81641685670994,65.89003184106538,0.0
Upper,35,Sugar Maple,2017,7.7,1.0,7.5,0.02666666666666669,normal,19.558,hardwood,70.00152148417524,256.90558384692315,65.89003184106538,0.06239926629611087
Upper,35,Sugar Maple,2018,7.72,1.0,7.7,0.002597402597402542,normal,19.6088,hardwood,70.42041861164309,258.4429363047301,70.00152148417524,0.005984114610459443
Upper,35,Sugar Maple,2021,7.7,3.0,7.72,-0.0008635578583764929,annualized,19.558,hardwood,70.00152148417524,256.90558384692315,70.42041861164309,-0.001982839332334332
Upper,35,Sugar Maple,2022,6.4,1.0,7.7,-0.1688311688311688,normal,16.256,hardwood,45.75017417257656,167.90313921335596,70.00152148417524,-0.3464402886883111
Upper,35,Sugar Maple,2023,7.6,1.0,6.4,0.1874999999999999,normal,19.304,hardwood,67.92819488567018,249.29647523040956,45.75017417257656,0.4847636345478114
Upper,35,Sugar Maple,2024,7.59,1.0,7.6,-0.0013157894736841825,normal,19.2786,hardwood,67.72279851210013,248.54267053940745,67.92819488567018,-0.0030237278337184688
Upper,35,Sugar Maple,2025,7.5,1.0,7.59,-0.011857707509881405,normal,19.05,hardwood,65.89003184106538,241.81641685670994,67.72279851210013,-0.027062772231825065
Upper,38,Sugar Maple,2015,12.2,,,,initial,30.988,hardwood,201.74669188684177,740.4103592247093,,
Upper,38,Sugar Maple,2016,12.9,1.0,12.2,0.05737704918032796,normal,32.766,hardwood,229.36922401131957,841.7850521215428,201.74669188684177,0.13691690240933949
Upper,38,Sugar Maple,2017,12.53,1.0,12.9,-0.028682170542635735,normal,31.8262,hardwood,214.51925246299066,787.2856565391758,229.36922401131957,-0.0647426506861969
Upper,38,Sugar Maple,2018,12.46,1.0,12.53,-0.005586592178770831,normal,31.648400000000002,hardwood,211.77286348332098,777.2064089837879,214.51925246299066,-0.01280252913497124
Upper,38,Sugar Maple,2021,13.56,3.0,12.46,0.029427501337613685,annualized,34.4424,hardwood,257.26227008558203,944.152531214086,211.77286348332098,0.07160093736599663
Upper,38,Sugar Maple,2022,13.0,1.0,13.56,-0.04129793510324487,normal,33.02,hardwood,233.4793749165397,856.8693059437007,257.26227008558203,-0.09244610630672968
Upper,38,Sugar Maple,2023,14.13,1.0,13.0,0.08692307692307698,normal,35.8902,hardwood,282.81717759672534,1037.939041779982,233.4793749165397,0.2113154650076568
Upper,38,Sugar Maple,2024,13.55,1.0,14.13,-0.04104741684359519,normal,34.417,hardwood,256.826119931772,942.5518601496032,282.81717759672534,-0.09190056235556712
Upper,38,Sugar Maple,2025,14.0,1.0,13.55,0.03321033210332098,normal,35.56,hardwood,276.8683379803203,1016.1068003877755,256.826119931772,0.07803808294060079
Upper,39,Sugar Maple,2015,2.0,,,,initial,5.08,hardwood,3.1517212627355704,11.566817034239543,,
Upper,39,Sugar Maple,2016,2.2,1.0,2.0,0.10000000000000009,normal,5.588000000000001,hardwood,3.9241985910482433,14.401808829147052,3.1517212627355704,0.24509696889952537
Upper,39,Sugar Maple,2017,2.1,1.0,2.2,-0.04545454545454549,normal,5.3340000000000005,hardwood,3.5260071571740457,12.940446266828747,3.9241985910482433,-0.101470765211154
Upper,39,Sugar Maple,2018,2.1,1.0,2.1,0.0,normal,5.3340000000000005,hardwood,3.5260071571740457,12.940446266828747,3.5260071571740457,0.0
Upper,39,Sugar Maple,2021,1.02,3.0,2.1,-0.17142857142857143,annualized,2.5908,hardwood,0.6698216900341066,2.4582456024251713,3.5260071571740457,-0.27001131306353315
Upper,39,Sugar Maple,2022,1.0,1.0,1.02,-0.01960784313725492,normal,2.54,hardwood,0.639998287075967,2.348793713568799,0.6698216900341066,-0.044524391195246454
Upper,39,Sugar Maple,2023,2.31,1.0,1.0,1.31,normal,5.8674,hardwood,4.390220823715434,16.11211042303564,0.639998287075967,5.859738396759679
Upper,39,Sugar Maple,2024,2.33,1.0,2.31,0.008658008658008665,normal,5.918200000000001,hardwood,4.47813755810549,16.434764838247148,4.390220823715434,0.02002558365974231
Upper,39,Sugar Maple,2025,2.5,1.0,2.33,0.0729613733905579,normal,6.35,hardwood,5.265514724444983,19.324439038713088,4.47813755810549,0.1758269271818882
Upper,40,Sugar Maple,2015,15.4,,,,initial,39.116,hardwood,344.72792840354595,1265.1514972410137,,
Upper,40,Sugar Maple,2016,15.9,1.0,15.4,0.032467532467532464,normal,40.386,hardwood,371.0156229671586,1361.6273362894722,344.72792840354595,0.07625635290227985
Upper,40,Sugar Maple,2017,16.0,1.0,15.9,0.006289308176100607,normal,40.64,hardwood,376.40446953732254,1381.4044032019738,371.0156229671586,0.014524581275222855
Upper,40,Sugar Maple,2018,16.45,1.0,16.0,0.028124999999999956,normal,41.783,hardwood,401.1995034842513,1472.4021777872022,376.40446953732254,0.06587337811744606
Upper,40,Sugar Maple,2021,16.0,3.0,16.45,-0.009118541033434638,annualized,40.64,hardwood,376.40446953732254,1381.4044032019738,401.1995034842513,-0.020600751605783958
Upper,40,Sugar Maple,2022,15.6,1.0,16.0,-0.025000000000000022,normal,39.624,hardwood,355.112032328014,1303.2611586438113,376.40446953732254,-0.05656797124508454
Upper,40,Sugar Maple,2023,16.94,1.0,15.6,0.08589743589743601,normal,43.02760000000001,hardwood,429.21969875026764,1575.2362944134823,355.112032328014,0.20868813128190777
Upper,40,Sugar Maple,2024,16.96,1.0,16.94,0.0011806375442738827,normal,43.0784,hardwood,430.38612495112227,1579.5170785706187,429.21969875026764,0.002717550485802122
Upper,40,Sugar Maple,2025,17.0,1.0,16.96,0.0023584905660376855,normal,43.18,hardwood,432.7243465602261,1588.0983518760297,430.38612495112227,0.005432846166612265
Upper,404,Sugar Maple ,2021,3.8,,,,initial,9.652,hardwood,13.793709769009748,50.62291485226577,,
Upper,404,Sugar Maple ,2022,3.8,1.0,3.8,0.0,normal,9.652,hardwood,13.793709769009748,50.62291485226577,13.793709769009748,0.0
Upper,404,Sugar Maple ,2023,3.85,1.0,3.8,0.013157894736842176,normal,9.779,hardwood,14.214725893525964,52.168044029240285,13.793709769009748,0.030522327319232892
Upper,404,Sugar Maple ,2024,3.81,1.0,3.85,-0.010389610389610398,normal,9.6774,hardwood,13.877340858749765,50.92984095161164,14.214725893525964,-0.023734895579650934
Upper,404,Sugar Maple ,2025,3.83,1.0,3.81,0.005249343832021002,normal,9.728200000000001,hardwood,14.045460791857831,51.54684110611824,13.877340858749765,0.012114708056771945
Upper,41,Sugar Maple,2015,1.9,,,,initial,4.826,hardwood,2.800993453630146,10.279645974822635,,
Upper,41,Sugar Maple,2016,2.0,1.0,1.9,0.052631578947368474,normal,5.08,hardwood,3.1517212627355704,11.566817034239543,2.800993453630146,0.12521550475274187
Upper,41,Sugar Maple,2017,2.3,1.0,2.0,0.1499999999999999,normal,5.842,hardwood,4.346631614612262,15.952138025627,3.1517212627355704,0.3791294509462922
Upper,41,Sugar Maple,2018,2.17,1.0,2.3,-0.05652173913043474,normal,5.5118,hardwood,3.802210873240097,13.954113904791157,4.346631614612262,-0.12525118060200033
Upper,41,Sugar Maple,2021,2.25,3.0,2.17,0.012288786482334882,annualized,5.715,hardwood,4.132364321957084,15.165777061582498,3.802210873240097,0.02894398896885685
Upper,41,Sugar Maple,2022,1.16,1.0,2.25,-0.48444444444444446,normal,2.9463999999999997,hardwood,0.9003931593682505,3.304442894881479,4.132364321957084,-0.7821118640038435
Upper,41,Sugar Maple,2023,2.38,1.0,1.16,1.0517241379310345,normal,6.0451999999999995,hardwood,4.702251058134278,17.2572613833528,0.9003931593682505,4.222442006815727
Upper,41,Sugar Maple,2024,1.4,1.0,2.38,-0.411764705882353,normal,3.5559999999999996,hardwood,1.3876287639133735,5.092597563562081,4.702251058134278,-0.7049011746165791
Upper,41,Sugar Maple,2025,2.5,1.0,1.4,0.7857142857142858,normal,6.35,hardwood,5.265514724444983,19.324439038713088,1.3876287639133735,2.7946134163400034
Upper,44,Sugar Maple,2015,17.2,,,,initial,43.687999999999995,hardwood,444.52300291672253,1631.3994207043716,,
Upper,44,Sugar Maple,2016,17.4,1.0,17.2,0.011627906976744146,normal,44.196,hardwood,456.5013673091518,1675.3600180245871,444.52300291672253,0.02694655690219326
Upper,44,Sugar Maple,2017,17.3,1.0,17.4,-0.005747126436781487,normal,43.942,hardwood,450.4896824672929,1653.2971346549648,456.5013673091518,-0.013169040165848406
Upper,44,Sugar Maple,2018,17.58,1.0,17.3,0.016184971098265756,normal,44.6532,hardwood,467.4360617734424,1715.4903467085337,450.4896824672929,0.037617685744400824
Upper,44,Sugar Maple,2021,17.75,3.0,17.58,0.0032233598786500137,annualized,45.085,hardwood,477.8978026014306,1753.8849355472503,467.4360617734424,0.007460372076198381
Upper,44,Sugar Maple,2022,17.0,1.0,17.75,-0.04225352112676056,normal,43.18,hardwood,432.7243465602261,1588.0983518760297,477.8978026014306,-0.09452534787836102
Upper,44,Sugar Maple,2023,18.06,1.0,17.0,0.062352941176470514,normal,45.8724,hardwood,497.3127885212884,1825.1379338731283,432.7243465602261,0.1492600138505795
Upper,44,Sugar Maple,2024,17.1,1.0,18.06,-0.05315614617940185,normal,43.434000000000005,hardwood,438.60125045486575,1609.6665891693572,497.3127885212884,-0.11805756743355772
Upper,44,Sugar Maple,2025,18.5,1.0,17.1,0.08187134502923968,normal,46.99,hardwood,525.6223056483336,1929.0338617293844,438.60125045486575,0.19840585293183693
Upper,45,Norway Maple,2015,2.1,,,,initial,5.3340000000000005,hardwood,3.5260071571740457,12.940446266828747,,
Upper,45,Norway Maple,2016,2.2,1.0,2.1,0.04761904761904766,normal,5.588000000000001,hardwood,3.9241985910482433,14.401808829147052,3.5260071571740457,0.11292984277244979
Upper,45,Norway Maple,2017,2.17,1.0,2.2,-0.013636363636363748,normal,5.5118,hardwood,3.802210873240097,13.954113904791157,3.9241985910482433,-0.031086020489997777
Upper,45,Norway Maple,2018,2.2,1.0,2.17,0.013824884792626843,normal,5.588000000000001,hardwood,3.9241985910482433,14.401808829147052,3.802210873240097,0.03208336461996199
Upper,45,Norway Maple,2021,2.31,3.0,2.2,0.016666666666666646,annualized,5.8674,hardwood,4.390220823715434,16.11211042303564,3.9241985910482433,0.039585342234400474
Upper,45,Norway Maple,2022,2.4,1.0,2.31,0.0389610389610389,normal,6.096,hardwood,4.7936317430245,17.592628496899916,4.390220823715434,0.0918885257729839
Upper,45,Norway Maple,2023,2.35,1.0,2.4,-0.02083333333333326,normal,5.969,hardwood,4.567040835923054,16.761039867837606,4.7936317430245,-0.047269151918307495
Upper,45,Norway Maple,2024,2.6,1.0,2.35,0.10638297872340426,normal,6.604,hardwood,5.762587222808233,21.148695107706214,4.567040835923054,0.2617770302120684
Upper,45,Norway Maple,2025,2.8,1.0,2.6,0.07692307692307682,normal,7.111999999999999,hardwood,6.833485601954647,25.078892159173552,5.762587222808233,0.18583638524512286
Upper,451,Sugar Maple,2015,12.9,,,,initial,32.766,hardwood,229.36922401131957,841.7850521215428,,
Upper,451,Sugar Maple,2016,13.0,1.0,12.9,0.007751937984496096,normal,33.02,hardwood,233.4793749165397,856.8693059437007,229.36922401131957,0.01791936526330707
Upper,451,Sugar Maple,2017,13.15,1.0,13.0,0.011538461538461565,normal,33.401,hardwood,239.72208321633843,879.780045403962,233.4793749165397,0.02673772919783711
Upper,451,Sugar Maple,2018,13.25,1.0,13.15,0.007604562737642559,normal,33.655,hardwood,243.93568183752342,895.2439523437109,239.72208321633843,0.017577014869265932
Upper,451,Sugar Maple,2021,13.6,3.0,13.25,0.008805031446540872,annualized,34.544,hardwood,259.0110550115261,950.5705718923007,243.93568183752342,0.020600202288902004
Upper,451,Sugar Maple,2022,13.5,1.0,13.6,-0.007352941176470562,normal,34.29,hardwood,254.65164099934168,934.5715224675839,259.0110550115261,-0.016830995927916693
Upper,451,Sugar Maple,2023,13.75,1.0,13.5,0.018518518518518517,normal,34.925,hardwood,265.62871258806433,974.8573751981961,254.65164099934168,0.04310622757287093
Upper,451,Sugar Maple,2024,13.65,1.0,13.75,-0.007272727272727247,normal,34.671,hardwood,261.2064577987751,958.6277001215045,265.62871258806433,-0.016648255929121832
Upper,451,Sugar Maple,2025,13.75,1.0,13.65,0.0073260073260073,normal,34.925,hardwood,265.62871258806433,974.8573751981961,261.2064577987751,0.01693011277958526
Upper,452,Sugar Maple,2015,6.2,,,,initial,15.748000000000001,hardwood,42.52846398772181,156.07946283493902,,
Upper,452,Sugar Maple,2016,6.4,1.0,6.2,0.03225806451612906,normal,16.256,hardwood,45.75017417257656,167.90313921335596,42.52846398772181,0.07575420983426241
Upper,452,Sugar Maple,2017,6.3,1.0,6.4,-0.015625000000000083,normal,16.002,hardwood,44.12269949212058,161.93030713608252,45.75017417257656,-0.03557308163061621
Upper,452,Sugar Maple,2018,6.35,1.0,6.3,0.007936507936507908,normal,16.128999999999998,hardwood,44.93227205624094,164.90143844640426,44.12269949212058,0.018348210182945218
Upper,452,Sugar Maple,2021,6.31,3.0,6.35,-0.002099737532808401,annualized,16.0274,hardwood,44.2839485862685,162.5220913116054,44.93227205624094,-0.0048096348890091295
Upper,452,Sugar Maple,2022,6.75,1.0,6.31,0.06973058637084001,normal,17.145,hardwood,51.71035140944077,189.77698967264763,44.2839485862685,0.167699653266128
Upper,452,Sugar Maple,2023,6.8,1.0,6.75,0.007407407407407381,normal,17.272,hardwood,52.59558752896721,193.02580623130964,51.71035140944077,0.017119127899889338
Upper,452,Sugar Maple,2024,6.4,1.0,6.8,-0.05882352941176463,normal,16.256,hardwood,45.75017417257656,167.90313921335596,52.59558752896721,-0.13015185641990434
Upper,452,Sugar Maple,2025,6.4,1.0,6.4,0.0,normal,16.256,hardwood,45.75017417257656,167.90313921335596,45.75017417257656,0.0
Upper,454,Sugar Maple,2015,3.7,,,,initial,9.398000000000001,hardwood,12.973070463439562,47.61116860082319,,
Upper,454,Sugar Maple,2016,3.6,1.0,3.7,-0.02702702702702705,normal,9.144,hardwood,12.180764967060203,44.70340742911094,12.973070463439562,-0.06107308972168297
Upper,454,Sugar Maple,2017,7.0,1.0,3.6,0.9444444444444444,normal,17.78,hardwood,56.22174274992082,206.33379589220942,12.180764967060203,3.6156167450860686
Upper,454,Sugar Maple,2018,6.75,1.0,7.0,-0.03571428571428571,normal,17.145,hardwood,51.71035140944077,189.77698967264763,56.22174274992082,-0.08024282279094606
Upper,454,Sugar Maple,2021,7.0,3.0,6.75,0.012345679012345678,annualized,17.78,hardwood,56.22174274992082,206.33379589220942,51.71035140944077,0.029081162136887013
Upper,454,Sugar Maple,2022,6.9,1.0,7.0,-0.014285714285714235,normal,17.526,hardwood,54.39158571878679,199.6171195879475,56.22174274992082,-0.03255247777136197
Upper,454,Sugar Maple,2023,6.81,1.0,6.9,-0.013043478260869672,normal,17.2974,hardwood,52.773654442589574,193.67931180430372,54.39158571878679,-0.029745984692599002
Upper,454,Sugar Maple,2024,6.75,1.0,6.81,-0.008810572687224613,normal,17.145,hardwood,51.71035140944077,189.77698967264763,52.773654442589574,-0.020148368430795944
Upper,454,Sugar Maple,2025,6.8,1.0,6.75,0.007407407407407381,normal,17.272,hardwood,52.59558752896721,193.02580623130964,51.71035140944077,0.017119127899889338
Upper,455,Sugar Maple,2015,14.3,,,,initial,36.322,hardwood,290.7044620091394,1066.8853755735415,,
Upper,455,Sugar Maple,2016,14.7,1.0,14.3,0.02797202797202787,normal,37.338,hardwood,309.7481217187823,1136.7756067079308,290.7044620091394,0.06550865981907146
Upper,455,Sugar Maple,2017,14.45,1.0,14.7,-0.017006802721088437,normal,36.702999999999996,hardwood,297.76583064889456,1092.800598481443,309.7481217187823,-0.03868398298397538
Upper,455,Sugar Maple,2018,14.47,1.0,14.45,0.0013840830449827924,normal,36.753800000000005,hardwood,298.7145886198894,1096.282540234994,297.76583064889456,0.0031862553501431105
Upper,455,Sugar Maple,2021,14.69,3.0,14.47,0.005067956692006424,annualized,37.312599999999996,hardwood,309.2636960824295,1134.9977646225161,298.7145886198894,0.011771668636695067
Upper,455,Sugar Maple,2022,15.2,1.0,14.69,0.03471749489448603,normal,38.608,hardwood,334.51767056839014,1227.6798509859918,309.2636960824295,0.08165838669673536
Upper,455,Sugar Maple,2023,14.9,1.0,15.2,-0.019736842105263087,normal,37.846000000000004,hardwood,319.52675505808435,1172.6631910631695,334.51767056839014,-0.04481352355716884
Upper,455,Sugar Maple,2024,14.88,1.0,14.9,-0.0013422818791946022,normal,37.7952,hardwood,318.5411571725331,1169.0460468231963,319.52675505808435,-0.0030845551114244167
Upper,455,Sugar Maple,2025,14.8,1.0,14.88,-0.00537634408602151,normal,37.592000000000006,hardwood,314.6159651190731,1154.6405919869983,318.5411571725331,-0.012322401564372872
Upper,456,Sugar Maple,2015,1.3,,,,initial,3.302,hardwood,1.1701688202344531,4.294519570260443,,
Upper,456,Sugar Maple,2016,1.4,1.0,1.3,0.07692307692307682,normal,3.5559999999999996,hardwood,1.3876287639133735,5.092597563562081,1.1701688202344531,0.18583638524512258
Upper,456,Sugar Maple,2017,2.32,1.0,1.4,0.6571428571428571,normal,5.892799999999999,hardwood,4.434056031880801,16.272985637002538,1.3876287639133735,2.1954195150696725
Upper,456,Sugar Maple,2018,2.22,1.0,2.32,-0.04310344827586192,normal,5.638800000000001,hardwood,4.006735305536897,14.704718571320411,4.434056031880801,-0.09637242363909566
Upper,456,Sugar Maple,2021,2.25,3.0,2.22,0.004504504504504475,annualized,5.715,hardwood,4.132364321957084,15.165777061582498,4.006735305536897,0.010451486213441698
Upper,456,Sugar Maple,2022,2.19,1.0,2.25,-0.02666666666666669,normal,5.5626,hardwood,3.883294035697568,14.251689111010073,4.132364321957084,-0.06027307053642278
Upper,456,Sugar Maple,2023,2.34,1.0,2.19,0.06849315068493146,normal,5.9436,hardwood,4.522465720425565,16.597449193961822,3.883294035697568,0.1645952325145476
Upper,456,Sugar Maple,2024,2.25,1.0,2.34,-0.0384615384615384,normal,5.715,hardwood,4.132364321957084,15.165777061582498,4.522465720425565,-0.08625856393042429
Upper,456,Sugar Maple,2025,2.4,1.0,2.25,0.06666666666666662,normal,6.096,hardwood,4.7936317430245,17.592628496899916,4.132364321957084,0.1600215686583608
Upper,460,Sugar Maple,2015,2.2,,,,initial,5.588000000000001,hardwood,3.9241985910482433,14.401808829147052,,
Upper,460,Sugar Maple,2016,2.2,1.0,2.2,0.0,normal,5.588000000000001,hardwood,3.9241985910482433,14.401808829147052,3.9241985910482433,0.0
Upper,460,Sugar Maple,2017,2.25,1.0,2.2,0.022727272727272645,normal,5.715,hardwood,4.132364321957084,15.165777061582498,3.9241985910482433,0.05304668611412831
Upper,460,Sugar Maple,2018,2.0,1.0,2.25,-0.1111111111111111,normal,5.08,hardwood,3.1517212627355704,11.566817034239543,4.132364321957084,-0.23730798710339313
Upper,460,Sugar Maple,2021,2.25,3.0,2.0,0.041666666666666664,annualized,5.715,hardwood,4.132364321957084,15.165777061582498,3.1517212627355704,0.10371507899679702
Upper,460,Sugar Maple,2022,2.2,1.0,2.25,-0.022222222222222143,normal,5.588000000000001,hardwood,3.9241985910482433,14.401808829147052,4.132364321957084,-0.05037448653855709
Upper,460,Sugar Maple,2023,2.4,1.0,2.2,0.09090909090909079,normal,6.096,hardwood,4.7936317430245,17.592628496899916,3.9241985910482433,0.2215568686965996
Upper,460,Sugar Maple,2024,2.23,1.0,2.4,-0.0708333333333333,normal,5.6642,hardwood,4.0483681237414775,14.857511014131221,4.7936317430245,-0.1554695185685676
Upper,460,Sugar Maple,2025,2.2,1.0,2.23,-0.01345291479820619,normal,5.588000000000001,hardwood,3.9241985910482433,14.401808829147052,4.0483681237414775,-0.030671502417244957
Upper,461,Sugar maple,2015,6.6,,,,initial,16.764,hardwood,49.10546900846182,180.21707126105485,,
Upper,461,Sugar maple,2016,9.0,1.0,6.6,0.3636363636363637,normal,22.86,hardwood,100.21588898634975,367.7923125799036,49.10546900846182,1.040829484167652
Upper,461,Sugar maple,2017,9.7,1.0,9.0,0.0777777777777777,normal,24.637999999999998,hardwood,119.05668897201343,436.9380485272893,100.21588898634975,0.18800212397686714
Upper,461,Sugar maple,2018,9.75,1.0,9.7,0.005154639175257806,normal,24.765,hardwood,120.47291747754014,442.13560714257227,119.05668897201343,0.011895413166240624
Upper,461,Sugar maple,2021,9.77,3.0,9.75,0.0006837606837606692,annualized,24.8158,hardwood,121.04206052622955,444.2243621312624,120.47291747754014,0.0015747468687184896
Upper,461,Sugar maple,2022,9.8,1.0,9.77,0.003070624360286708,normal,24.892000000000003,hardwood,121.89861906281644,447.36793196053634,121.04206052622955,0.007076536311948143
Upper,461,Sugar maple,2023,9.83,1.0,9.8,0.0030612244897958527,normal,24.9682,hardwood,122.75859314636394,450.5240368471556,121.89861906281644,0.007054830400534231
Upper,461,Sugar maple,2024,9.8,1.0,9.83,-0.003051881993896171,normal,24.892000000000003,hardwood,121.89861906281644,447.36793196053634,122.75859314636394,-0.0070054084321588776
Upper,461,Sugar maple,2025,9.85,1.0,9.8,0.005102040816326422,normal,25.019,hardwood,123.3338082757729,452.63507637208653,121.89861906281644,0.011773629791629398
Upper,462,sugar maple,2015,2.1,,,,initial,5.3340000000000005,hardwood,3.5260071571740457,12.940446266828747,,
Upper,462,sugar maple,2016,2.2,1.0,2.1,0.04761904761904766,normal,5.588000000000001,hardwood,3.9241985910482433,14.401808829147052,3.5260071571740457,0.11292984277244979
Upper,462,sugar maple,2017,3.7,1.0,2.2,0.6818181818181818,normal,9.398000000000001,hardwood,12.973070463439562,47.61116860082319,3.9241985910482433,2.305915886375709
Upper,462,sugar maple,2018,3.75,1.0,3.7,0.013513513513513466,normal,9.525,hardwood,13.379834064723505,49.103991017535265,12.973070463439562,0.03135445864032543
Upper,462,sugar maple,2021,3.81,3.0,3.75,0.005333333333333338,annualized,9.6774,hardwood,13.877340858749765,50.92984095161164,13.379834064723505,0.01239444354889166
Upper,462,sugar maple,2022,2.97,1.0,3.81,-0.22047244094488186,normal,7.543800000000001,hardwood,7.825618011381311,28.720018101769412,13.877340858749765,-0.4360866328042089
Upper,462,sugar maple,2023,3.75,1.0,2.97,0.26262626262626254,normal,9.525,hardwood,13.379834064723505,49.103991017535265,7.825618011381311,0.7097479132337321
Upper,462,sugar maple,2024,3.6,1.0,3.75,-0.03999999999999997,normal,9.144,hardwood,12.180764967060203,44.70340742911094,13.379834064723505,-0.08961763590362447
Upper,462,sugar maple,2025,3.7,1.0,3.6,0.0277777777777778,normal,9.398000000000001,hardwood,12.973070463439562,47.61116860082319,12.180764967060203,0.06504562714426798
Upper,463,Sugar Maple,2015,9.4,,,,initial,23.876,hardwood,110.75743127900908,406.4797727939633,,
Upper,463,Sugar Maple,2016,9.7,1.0,9.4,0.03191489361702116,normal,24.637999999999998,hardwood,119.05668897201343,436.9380485272893,110.75743127900908,0.07493183615009712
Upper,463,Sugar Maple,2017,13.9,1.0,9.7,0.4329896907216496,normal,35.306000000000004,hardwood,272.3408898838568,999.4910658737545,119.05668897201343,1.287489197250192
Upper,463,Sugar Maple,2018,13.88,1.0,13.9,-0.0014388489208632786,normal,35.2552,hardwood,271.44046066912375,996.1864906556841,272.3408898838568,-0.0033062578855383665
Upper,463,Sugar Maple,2021,14.19,3.0,13.88,0.007444764649375569,annualized,36.0426,hardwood,285.5869255753302,1048.1040168614618,271.44046066912375,0.017372090698802755
Upper,463,Sugar Maple,2022,14.4,1.0,14.19,0.014799154334038115,normal,36.576,hardwood,295.401396053482,1084.123123516279,285.5869255753302,0.03436596566309899
Upper,463,Sugar Maple,2023,14.4,1.0,14.4,0.0,normal,36.576,hardwood,295.401396053482,1084.123123516279,295.401396053482,0.0
Upper,463,Sugar Maple,2024,14.6,1.0,14.4,0.01388888888888884,normal,37.083999999999996,hardwood,304.9231375962875,1119.0679149783753,295.401396053482,0.032233231359142266
Upper,463,Sugar Maple,2025,14.6,1.0,14.6,0.0,normal,37.083999999999996,hardwood,304.9231375962875,1119.0679149783753,304.9231375962875,0.0
Upper,465,Sugar Maple,2015,11.25,,,,initial,28.575,hardwood,167.42858745793905,614.4629159706362,,
Upper,465,Sugar Maple,2016,11.3,1.0,11.25,0.004444444444444508,normal,28.702,hardwood,169.14502619193084,620.7622461243861,167.42858745793905,0.010251766201055676
Upper,465,Sugar Maple,2017,14.2,1.0,11.3,0.25663716814159276,normal,36.068,hardwood,286.0500339845308,1049.803624723228,169.14502619193084,0.6911525004580771
Upper,465,Sugar Maple,2018,14.26,1.0,14.2,0.0042253521126760915,normal,36.2204,hardwood,288.83759507310765,1060.033973918305,286.0500339845308,0.009745012261482944
Upper,465,Sugar Maple,2021,16.78,3.0,14.26,0.058906030855540005,annualized,42.6212,hardwood,419.9526359262429,1541.2261738493114,288.83759507310765,0.15131345213786865
Upper,465,Sugar Maple,2022,13.16,1.0,16.78,-0.21573301549463653,normal,33.4264,hardwood,240.14157625654553,881.3195848615221,419.9526359262429,-0.4281698560436657
Upper,465,Sugar Maple,2023,14.63,1.0,13.16,0.11170212765957452,normal,37.1602,hardwood,306.36613781757086,1124.363725790485,240.14157625654553,0.2757729943867654
Upper,465,Sugar Maple,2024,14.57,1.0,14.63,-0.004101161995898872,normal,37.0078,hardwood,303.4839868219112,1113.786231636414,306.36613781757086,-0.009407537713505056
Upper,465,Sugar Maple,2025,14.75,1.0,14.57,0.012354152367879184,normal,37.465,hardwood,312.17668054568935,1145.68841760268,303.4839868219112,0.02864300622516593
Upper,47,Sugar Maple,2015,12.2,,,,initial,30.988,hardwood,201.74669188684177,740.4103592247093,,
Upper,47,Sugar Maple,2016,12.5,1.0,12.2,0.024590163934426288,normal,31.75,hardwood,213.33977932886583,782.9569901369376,201.74669188684177,0.05746358135342578
Upper,47,Sugar Maple,2017,12.5,1.0,12.5,0.0,normal,31.75,hardwood,213.33977932886583,782.9569901369376,213.33977932886583,0.0
Upper,47,Sugar Maple,2018,12.49,1.0,12.5,-0.0007999999999999829,normal,31.724600000000002,hardwood,212.94743824206944,781.5170983483948,213.33977932886583,-0.001839043276554598
Upper,47,Sugar Maple,2021,13.0,3.0,12.49,0.01361088871096877,annualized,33.02,hardwood,233.4793749165397,856.8693059437007,212.94743824206944,0.03213928727196123
Upper,47,Sugar Maple,2022,13.1,1.0,13.0,0.007692307692307665,normal,33.274,hardwood,237.63083366839322,872.1051595630031,233.4793749165397,0.017780837186742962
Upper,47,Sugar Maple,2023,12.76,1.0,13.1,-0.025954198473282432,normal,32.4104,hardwood,223.6842278351026,820.9211161548266,237.63083366839322,-0.05869021969073548
Upper,47,Sugar Maple,2024,13.3,1.0,12.76,0.042319749216301016,normal,33.782000000000004,hardwood,246.0580544890023,903.0330599746384,223.6842278351026,0.10002415847751868
Upper,47,Sugar Maple,2025,13.7,1.0,13.3,0.030075187969924703,normal,34.798,hardwood,263.41233982397756,966.7232871539976,246.0580544890023,0.07052923088014953
Upper,473,Sugar Maple,2024,2.9,,,,initial,7.366,hardwood,7.4078845743540365,27.186936387879314,,
Upper,473,Sugar Maple,2025,3.0,1.0,2.9,0.03448275862068969,normal,7.62,hardwood,8.00862018634041,29.391636083869304,7.4078845743540365,0.0810940837369564
Upper,475 (6),Sugar Maple,2015,4.8,,,,initial,12.192,hardwood,23.606611760229864,86.63626516004359,,
Upper,475 (6),Sugar Maple,2016,5.0,1.0,4.8,0.041666666666666706,normal,12.7,hardwood,25.930436145543343,95.16470065414407,23.606611760229864,0.09843955621062205
Upper,475 (6),Sugar Maple,2017,5.0,1.0,5.0,0.0,normal,12.7,hardwood,25.930436145543343,95.16470065414407,25.930436145543343,0.0
Upper,475 (6),Sugar Maple,2018,5.0,1.0,5.0,0.0,normal,12.7,hardwood,25.930436145543343,95.16470065414407,25.930436145543343,0.0
Upper,475 (6),Sugar Maple,2021,5.05,3.0,5.0,0.0033333333333333214,annualized,12.827,hardwood,26.53071664693372,97.36773009424675,25.930436145543343,0.007716549746420239
Upper,475 (6),Sugar Maple,2022,5.1,1.0,5.05,0.009900990099009866,normal,12.953999999999999,hardwood,27.138773514041727,99.59929879653313,26.53071664693372,0.02291897633976216
Upper,475 (6),Sugar Maple,2023,5.01,1.0,5.1,-0.017647058823529384,normal,12.7254,hardwood,26.049871246822953,95.60302747584024,27.138773514041727,-0.04012348850825448
Upper,475 (6),Sugar Maple,2024,5.02,1.0,5.01,0.0019960079840318935,normal,12.7508,hardwood,26.169616662043925,96.0424931497012,26.049871246822953,0.004596775703280162
Upper,475 (6),Sugar Maple,2025,4.95,1.0,5.02,-0.013944223107569601,normal,12.573,hardwood,25.337908830992188,92.99012540974132,26.169616662043925,-0.03178142965533139
Upper,478,Sugar Maple,2015,13.7,,,,initial,34.798,hardwood,263.41233982397756,966.7232871539976,,
Upper,478,Sugar Maple,2016,13.9375,1.0,13.7,0.017335766423357716,normal,35.40125,hardwood,274.03373907862095,1005.7038224185388,263.41233982397756,0.04032232985645633
Upper,478,Sugar Maple,2017,15.66,1.0,13.9375,0.12358744394618836,normal,39.7764,hardwood,358.2612644563075,1314.8188405546487,274.03373907862095,0.3073618805512174
Upper,478,Sugar Maple,2018,15.8,1.0,15.66,0.008939974457215873,normal,40.132000000000005,hardwood,365.6706566210666,1342.0113097993144,358.2612644563075,0.020681533003584624
Upper,478,Sugar Maple,2021,6.0,3.0,15.8,-0.20675105485232068,annualized,15.24,hardwood,39.43907200405727,144.7413942548902,365.6706566210666,-0.2973819735601347
Upper,478,Sugar Maple,2022,5.0,1.0,6.0,-0.16666666666666666,normal,12.7,hardwood,25.930436145543343,95.16470065414407,39.43907200405727,-0.3425191104173099
Upper,478,Sugar Maple,2023,6.0,1.0,5.0,0.2,normal,15.24,hardwood,39.43907200405727,144.7413942548902,25.930436145543343,0.5209567545525321
Upper,478,Sugar Maple,2024,5.3,1.0,6.0,-0.1166666666666667,normal,13.462,hardwood,29.64922266914349,108.81264719575661,39.43907200405727,-0.248227172634961
Upper,478,Sugar Maple,2025,6.0,1.0,5.3,0.13207547169811323,normal,15.24,hardwood,39.43907200405727,144.7413942548902,29.64922266914349,0.3301890725486798
Upper,48,Sugar Maple,2015,8.2,,,,initial,20.828,hardwood,80.90040059200314,296.9044701726515,,
Upper,48,Sugar Maple,2016,18.7,1.0,8.2,1.2804878048780488,normal,47.498,hardwood,538.783772271165,1977.3364442351756,80.90040059200314,5.659840598174032
Upper,48,Sugar Maple,2017,19.3,1.0,18.7,0.03208556149732628,normal,49.022000000000006,hardwood,579.3761617633406,2126.3105136714603,538.783772271165,0.07534077969918106
Upper,48,Sugar Maple,2018,19.0,1.0,19.3,-0.015544041450777238,normal,48.26,hardwood,558.8716682502761,2051.0590224785133,579.3761617633406,-0.03539064059981129
Upper,48,Sugar Maple,2021,8.19,3.0,19.0,-0.18964912280701754,annualized,20.802599999999998,hardwood,80.67366468455175,296.07234939230494,558.8716682502761,-0.2852163449633401
Upper,48,Sugar Maple,2022,8.6,1.0,8.19,0.050061050061050084,normal,21.843999999999998,hardwood,90.26621858864445,331.27702222032514,80.67366468455175,0.11890564215225964
Upper,48,Sugar Maple,2023,8.5,1.0,8.6,-0.011627906976744146,normal,21.59,hardwood,87.87034686380746,322.48417299017336,90.26621858864445,-0.02654228527900687
Upper,48,Sugar Maple,2024,8.6,1.0,8.5,0.0117647058823529,normal,21.843999999999998,hardwood,90.26621858864445,331.27702222032514,87.87034686380746,0.027265986881221917
Upper,48,Sugar Maple,2025,8.6,1.0,8.6,0.0,normal,21.843999999999998,hardwood,90.26621858864445,331.27702222032514,90.26621858864445,0.0
Upper,480 (200),sugar maple,2015,5.3,,,,initial,13.462,hardwood,29.64922266914349,108.81264719575661,,
Upper,480 (200),sugar maple,2016,5.5,1.0,5.3,0.03773584905660381,normal,13.97,hardwood,32.285907447058705,118.48928033070544,29.64922266914349,0.08892930541006264
Upper,480 (200),sugar maple,2017,5.35,1.0,5.5,-0.027272727272727337,normal,13.588999999999999,hardwood,30.296503536213933,111.18816797790514,32.285907447058705,-0.06161833654844381
Upper,480 (200),sugar maple,2018,5.5,1.0,5.35,0.028037383177570162,normal,13.97,hardwood,32.285907447058705,118.48928033070544,30.296503536213933,0.06566447208889312
Upper,480 (200),sugar maple,2021,5.44,3.0,5.5,-0.0036363636363636125,annualized,13.8176,hardwood,31.481562623222665,115.53733482722718,32.285907447058705,-0.00830439539970575
Upper,480 (200),sugar maple,2022,5.5,1.0,5.44,0.01102941176470581,normal,13.97,hardwood,32.285907447058705,118.48928033070544,31.481562623222665,0.025549710904207386
Upper,480 (200),sugar maple,2023,6.0,1.0,5.5,0.09090909090909091,normal,15.24,hardwood,39.43907200405727,144.7413942548902,32.285907447058705,0.2215568686966001
Upper,480 (200),sugar maple,2024,10.63,1.0,6.0,0.7716666666666668,normal,27.000200000000003,hardwood,146.96209014335213,539.3508708261023,39.43907200405727,2.726307001549973
Upper,480 (200),sugar maple,2025,10.75,1.0,10.63,0.011288805268109051,normal,27.305,hardwood,150.80588144585377,553.4575849062833,146.96209014335213,0.02615498526696422
Upper,49,Sugar Maple,2015,12.4,,,,initial,31.496000000000002,hardwood,209.43472338649661,768.6254348284425,,
Upper,49,Sugar Maple,2016,23.5,1.0,12.4,0.8951612903225806,normal,59.69,hardwood,911.2444470841234,3344.267120798733,209.43472338649661,3.3509711873445545
Upper,49,Sugar Maple,2017,24.15,1.0,23.5,0.027659574468085046,normal,61.340999999999994,hardwood,970.2602118398257,3560.8549774521603,911.2444470841234,0.06476392250679379
Upper,49,Sugar Maple,2018,23.9,1.0,24.15,-0.010351966873706004,normal,60.705999999999996,hardwood,947.3140614455772,3476.642605505268,970.2602118398257,-0.02364948094773218
Upper,49,Sugar Maple,2021,12.81,3.0,23.9,-0.15467224546722455,annualized,32.537400000000005,hardwood,225.7053274158383,828.3385516161266,947.3140614455772,-0.25391393885732827
Upper,49,Sugar Maple,2022,24.13,1.0,12.81,0.8836846213895393,normal,61.2902,hardwood,968.4130919125527,3554.076047319068,225.7053274158383,3.2906080374804514
Upper,49,Sugar Maple,2023,24.1,1.0,24.13,-0.0012432656444259257,normal,61.214000000000006,hardwood,965.6461416061517,3543.9213396945765,968.4130919125527,-0.002857200433893804
Upper,49,Sugar Maple,2024,13.2,1.0,24.1,-0.4522821576763486,normal,33.528,hardwood,241.82369533779874,887.4929618897213,965.6461416061517,-0.7495731770485042
Upper,49,Sugar Maple,2025,24.6,1.0,13.2,0.8636363636363639,normal,62.484,hardwood,1012.3473677160594,3715.314839517938,241.82369533779874,3.1863034402064336
Upper,5,Sugar Maple,2015,12.8,,,,initial,32.512,hardwood,225.30028536849798,826.8520473023875,,
Upper,5,Sugar Maple,2016,13.5,1.0,12.8,0.054687499999999944,normal,34.29,hardwood,254.65164099934168,934.5715224675839,225.30028536849798,0.13027660210388564
Upper,5,Sugar Maple,2017,13.35,1.0,13.5,-0.011111111111111138,normal,33.909,hardwood,248.19082503466612,910.8603278772247,254.65164099934168,-0.02537119313003863
Upper,5,Sugar Maple,2018,13.5,1.0,13.35,0.011235955056179803,normal,34.29,hardwood,254.65164099934168,934.5715224675839,248.19082503466612,0.026031647075483732
Upper,5,Sugar Maple,2021,13.77,3.0,13.5,0.006666666666666656,annualized,34.9758,hardwood,266.5182016712039,978.1218001333183,254.65164099934168,0.015533063947403714
Upper,5,Sugar Maple,2022,13.9,1.0,13.77,0.009440813362382047,normal,35.306000000000004,hardwood,272.3408898838568,999.4910658737545,266.5182016712039,0.0218472441136917
Upper,5,Sugar Maple,2023,13.94,1.0,13.9,0.002877697841726557,normal,35.4076,hardwood,274.1468065380793,1006.1187799947511,272.3408898838568,0.006631088908436352
Upper,5,Sugar Maple,2024,13.82,1.0,13.94,-0.008608321377331364,normal,35.1028,hardwood,268.74928073545533,986.309860299121,274.1468065380793,-0.019688450399199767
Upper,5,Sugar Maple,2025,14.8,1.0,13.82,0.07091172214182348,normal,37.592000000000006,hardwood,314.6159651190731,1154.6405919869983,268.74928073545533,0.1706671893524689
Upper,50,Sugar Maple,2015,11.6,,,,initial,29.464,hardwood,179.65205395432386,659.3230380123686,,
Upper,50,Sugar Maple,2016,11.6,1.0,11.6,0.0,normal,29.464,hardwood,179.65205395432386,659.3230380123686,179.65205395432386,0.0
Upper,50,Sugar Maple,2017,11.5,1.0,11.6,-0.008620689655172384,normal,29.21,hardwood,176.10992999036688,646.3234430646464,179.65205395432386,-0.019716579276391456
Upper,50,Sugar Maple,2018,11.7,1.0,11.5,0.017391304347826025,normal,29.718,hardwood,183.23409757811444,672.46913811168,176.10992999036688,0.040452957923140694
Upper,50,Sugar Maple,2021,11.69,3.0,11.7,-0.00028490028490027886,annualized,29.6926,hardwood,182.87409389265633,671.1479245860487,183.23409757811444,-0.000654906647136891
Upper,50,Sugar Maple,2022,14.1,1.0,11.69,0.20615911035072715,normal,35.814,hardwood,281.4380225865499,1032.877542892638,182.87409389265633,0.5389715218589066
Upper,50,Sugar Maple,2023,14.1,1.0,14.1,0.0,normal,35.814,hardwood,281.4380225865499,1032.877542892638,281.4380225865499,0.0
Upper,50,Sugar Maple,2024,11.81,1.0,14.1,-0.16241134751773045,normal,29.997400000000003,hardwood,187.22057560164578,687.09951245804,281.4380225865499,-0.3347715639805907
Upper,50,Sugar Maple,2025,11.7,1.0,11.81,-0.009314140558848535,normal,29.718,hardwood,183.23409757811444,672.46913811168,187.22057560164578,-0.02129294822815559
Upper,501,Sugar Maple,2021,10.94,,,,initial,27.787599999999998,hardwood,157.00686869013526,576.2152080927964,,
Upper,501,Sugar Maple,2022,11.4,1.0,10.94,0.042047531992687466,normal,28.956000000000003,hardwood,172.6076221318073,633.4699732237327,157.00686869013526,0.09936350920074251
Upper,501,Sugar Maple,2023,11.4,1.0,11.4,0.0,normal,28.956000000000003,hardwood,172.6076221318073,633.4699732237327,172.6076221318073,0.0
Upper,501,Sugar Maple,2024,11.2,1.0,11.4,-0.0175438596491229,normal,28.447999999999997,hardwood,165.72203734228694,608.199877046193,172.6076221318073,-0.039891545370240686
Upper,501,Sugar Maple,2025,11.2,1.0,11.2,0.0,normal,28.447999999999997,hardwood,165.72203734228694,608.199877046193,165.72203734228694,0.0
Upper,502,Sugar Maple,2015,8.5,,,,initial,21.59,hardwood,87.87034686380746,322.48417299017336,,
Upper,502,Sugar Maple,2016,8.625,1.0,8.5,0.014705882352941176,normal,21.9075,hardwood,90.87088343580218,333.496142209394,87.87034686380746,0.034147316803532585
Upper,502,Sugar Maple,2017,8.56,1.0,8.625,-0.007536231884057914,normal,21.7424,hardwood,89.30349798479428,327.743837604195,90.87088343580218,-0.01724848919417872
Upper,502,Sugar Maple,2018,8.63,1.0,8.56,0.008177570093457976,normal,21.9202,hardwood,90.99209027129962,333.9409712956696,89.30349798479428,0.018908467468909864
Upper,502,Sugar Maple,2021,8.8,3.0,8.63,0.006566241792197757,annualized,22.352000000000004,hardwood,95.16756503565735,349.2649636808625,90.99209027129962,0.015296108895869392
Upper,502,Sugar Maple,2022,8.9,1.0,8.8,0.011363636363636322,normal,22.606,hardwood,97.67329231217857,358.46098278569536,95.16756503565735,0.026329635265779708
Upper,502,Sugar Maple,2023,8.9,1.0,8.9,0.0,normal,22.606,hardwood,97.67329231217857,358.46098278569536,97.67329231217857,0.0
Upper,502,Sugar Maple,2024,8.84,1.0,8.9,-0.006741573033707921,normal,22.4536,hardwood,96.16543958187827,352.9271632654933,97.67329231217857,-0.015437717871544406
Upper,502,Sugar Maple,2025,9.0,1.0,8.84,0.018099547511312233,normal,22.86,hardwood,100.21588898634975,367.7923125799036,96.16543958187827,0.04211959537732679
Upper,52,Sugar Maple,2015,15.8,,,,initial,40.132000000000005,hardwood,365.6706566210666,1342.0113097993144,,
Upper,52,Sugar Maple,2016,16.1,1.0,15.8,0.018987341772151944,normal,40.894000000000005,hardwood,381.8372789432117,1401.342813721587,365.6706566210666,0.04421088219528117
Upper,52,Sugar Maple,2017,16.63,1.0,16.1,0.03291925465838494,normal,42.2402,hardwood,411.3684542661663,1509.7222271568303,381.8372789432117,0.07733968617387561
Upper,52,Sugar Maple,2018,16.2,1.0,16.63,-0.025856885147324097,normal,41.147999999999996,hardwood,387.31413343583506,1421.4428697095148,411.3684542661663,-0.05847390722568007
Upper,52,Sugar Maple,2021,17.1,3.0,16.2,0.018518518518518566,annualized,43.434000000000005,hardwood,438.60125045486575,1609.6665891693572,387.31413343583506,0.04413912170298432
Upper,52,Sugar Maple,2022,17.5,1.0,17.1,0.02339181286549699,normal,44.45,hardwood,462.55813532908246,1697.5883566577327,438.60125045486575,0.05462110481757962
Upper,52,Sugar Maple,2023,16.89,1.0,17.5,-0.03485714285714282,normal,42.900600000000004,hardwood,426.31145826174094,1564.5630518205892,462.55813532908246,-0.07836134379423287
Upper,52,Sugar Maple,2024,17.67,1.0,16.89,0.04618117229129669,normal,44.881800000000005,hardwood,472.95832627655614,1735.757057434961,426.31145826174094,0.10941969095790896
Upper,52,Sugar Maple,2025,18.0,1.0,17.67,0.018675721561969342,normal,45.72,hardwood,493.52092741575524,1811.2218036158217,472.95832627655614,0.04347656018888944
Upper,53,Sugar Maple,2015,9.1,,,,initial,23.114,hardwood,102.79547885319684,377.2594073912324,,
Upper,53,Sugar Maple,2016,9.0,1.0,9.1,-0.01098901098901095,normal,22.86,hardwood,100.21588898634975,367.7923125799036,102.79547885319684,-0.025094390294450816
Upper,53,Sugar Maple,2017,9.3,1.0,9.0,0.03333333333333341,normal,23.622000000000003,hardwood,108.06612856699694,396.6026918408788,100.21588898634975,0.07833328287609614
Upper,53,Sugar Maple,2018,8.98,1.0,9.3,-0.03440860215053766,normal,22.8092,hardwood,99.70441414361524,365.9151999070679,108.06612856699694,-0.0773759043121245
Upper,53,Sugar Maple,2021,9.0,3.0,8.98,0.0007423904974016174,annualized,22.86,hardwood,100.21588898634975,367.7923125799036,99.70441414361524,0.001709970573612322
Upper,53,Sugar Maple,2022,9.2,1.0,9.0,0.022222222222222143,normal,23.368,hardwood,105.4121847485703,386.862718027253,100.21588898634975,0.05185101698721969
Upper,53,Sugar Maple,2023,8.58,1.0,9.2,-0.067391304347826,normal,21.7932,hardwood,89.78412895325552,329.50775325844774,105.4121847485703,-0.14825663496673464
Upper,53,Sugar Maple,2024,9.32,1.0,8.58,0.08624708624708627,normal,23.672800000000002,hardwood,108.60139654292657,398.5671253125405,89.78412895325552,0.20958345098461575
Upper,53,Sugar Maple,2025,12.1,1.0,9.32,0.29828326180257503,normal,30.733999999999998,hardwood,197.96351814207748,726.5261115814243,108.60139654292657,0.8228450502828386
Upper,54,Sugar Maple,2015,11.6,,,,initial,29.464,hardwood,179.65205395432386,659.3230380123686,,
Upper,54,Sugar Maple,2016,11.3,1.0,11.6,-0.02586206896551715,normal,28.702,hardwood,169.14502619193084,620.7622461243861,179.65205395432386,-0.05848543075975302
Upper,54,Sugar Maple,2017,11.8,1.0,11.3,0.04424778761061947,normal,29.972,hardwood,186.8561637931355,685.7621211208073,169.14502619193084,0.1047097748006354
Upper,54,Sugar Maple,2018,11.49,1.0,11.8,-0.026271186440678006,normal,29.1846,hardwood,175.75790919386253,645.0315267414754,186.8561637931355,-0.05939464010167524
Upper,54,Sugar Maple,2021,11.5,3.0,11.49,0.00029010733971568864,annualized,29.21,hardwood,176.10992999036688,646.3234430646464,175.75790919386253,0.0006676243819674827
Upper,54,Sugar Maple,2022,10.5,1.0,11.5,-0.08695652173913043,normal,26.67,hardwood,142.8611689815002,524.3004901621058,176.10992999036688,-0.1887954927395937
Upper,54,Sugar Maple,2023,11.85,1.0,10.5,0.12857142857142853,normal,30.099,hardwood,188.68223737028225,692.4638111489359,142.8611689815002,0.32073843939157204
Upper,54,Sugar Maple,2024,11.52,1.0,11.85,-0.02784810126582279,normal,29.2608,hardwood,176.8151661719389,648.9116598510158,188.68223737028225,-0.06289447996662581
Upper,54,Sugar Maple,2025,11.5,1.0,11.52,-0.0017361111111110742,normal,29.21,hardwood,176.10992999036688,646.3234430646464,176.8151661719389,-0.003988550285817858
Upper,55,Sugar Maple,2015,19.7,,,,initial,50.038,hardwood,607.3669161410832,2229.0365822377753,,
Upper,55,Sugar Maple,2016,19.6,1.0,19.7,-0.0050761421319795875,normal,49.784000000000006,hardwood,600.2992154145862,2203.0981205715316,607.3669161410832,-0.011636624482943012
Upper,55,Sugar Maple,2017,19.8,1.0,19.6,0.010204081632653024,normal,50.292,hardwood,614.4814108138395,2255.1467776867908,600.2992154145862,0.023625210620104798
Upper,55,Sugar Maple,2018,20.15,1.0,19.8,0.01767676767676757,normal,51.181,hardwood,639.7516692298743,2347.8886260736385,614.4814108138395,0.041124528702285834
Upper,55,Sugar Maple,2021,21.4,3.0,20.15,0.0206782464846981,annualized,54.355999999999995,hardwood,734.7345970748848,2696.4759712648274,639.7516692298743,0.04948947766943689
Upper,55,Sugar Maple,2022,20.4,1.0,21.4,-0.04672897196261683,normal,51.815999999999995,hardwood,658.1550177601063,2415.42891517959,734.7345970748848,-0.10422753960362849
Upper,55,Sugar Maple,2023,20.9,1.0,20.4,0.02450980392156863,normal,53.086,hardwood,695.8494201422396,2553.7673719220193,658.1550177601063,0.05727283294203003
Upper,55,Sugar Maple,2024,20.66,1.0,20.9,-0.011483253588516672,normal,52.4764,hardwood,677.6080255939571,2486.8214539298224,695.8494201422396,-0.026214571745355162
Upper,55,Sugar Maple,2025,21.4,1.0,20.66,0.03581800580832519,normal,54.355999999999995,hardwood,734.7345970748848,2696.4759712648274,677.6080255939571,0.084306220297278
Upper,56,Norway Maple,2015,2.1,,,,initial,5.3340000000000005,hardwood,3.5260071571740457,12.940446266828747,,
Upper,56,Norway Maple,2016,2.2,1.0,2.1,0.04761904761904766,normal,5.588000000000001,hardwood,3.9241985910482433,14.401808829147052,3.5260071571740457,0.11292984277244979
Upper,56,Norway Maple,2017,2.2,1.0,2.2,0.0,normal,5.588000000000001,hardwood,3.9241985910482433,14.401808829147052,3.9241985910482433,0.0
Upper,56,Norway Maple,2018,2.29,1.0,2.2,0.04090909090909084,normal,5.8166,hardwood,4.303288084606035,15.79306727050415,3.9241985910482433,0.09660303492859888
Upper,56,Norway Maple,2021,1.7,3.0,2.29,-0.08588064046579331,annualized,4.318,hardwood,2.1687591817568883,7.95934619704778,4.303288084606035,-0.16534092542590892
Upper,56,Norway Maple,2022,2.5,1.0,1.7,0.4705882352941177,normal,6.35,hardwood,5.265514724444983,19.324439038713088,2.1687591817568883,1.427892764091699
Upper,56,Norway Maple,2023,2.63,1.0,2.5,0.051999999999999956,normal,6.6802,hardwood,5.916665719450596,21.714163190383687,5.265514724444983,0.12366331291082823
Upper,56,Norway Maple,2024,2.65,1.0,2.63,0.0076045627376425924,normal,6.731,hardwood,6.020663040777856,22.09583335965473,5.916665719450596,0.01757701486926601
Upper,56,Norway Maple,2025,3.0,1.0,2.65,0.13207547169811323,normal,7.62,hardwood,8.00862018634041,29.391636083869304,6.020663040777856,0.33018907254867985
Upper,57,Sugar Maple,2015,3.0,,,,initial,7.62,hardwood,8.00862018634041,29.391636083869304,,
Upper,57,Sugar Maple,2016,3.0,1.0,3.0,0.0,normal,7.62,hardwood,8.00862018634041,29.391636083869304,8.00862018634041,0.0
Upper,57,Sugar Maple,2017,3.0,1.0,3.0,0.0,normal,7.62,hardwood,8.00862018634041,29.391636083869304,8.00862018634041,0.0
Upper,57,Sugar Maple,2018,3.02,1.0,3.0,0.006666666666666672,normal,7.6708,hardwood,8.131951511855949,29.844262048511332,8.00862018634041,0.015399822022511897
Upper,57,Sugar Maple,2021,3.06,3.0,3.02,0.004415011037527597,annualized,7.7724,hardwood,8.381815414795094,30.761262572297994,8.131951511855949,0.010242063977503105
Upper,57,Sugar Maple,2022,2.2,1.0,3.06,-0.2810457516339869,normal,5.588000000000001,hardwood,3.9241985910482433,14.401808829147052,8.381815414795094,-0.5318199701556925
Upper,57,Sugar Maple,2023,3.0,1.0,2.2,0.36363636363636354,normal,7.62,hardwood,8.00862018634041,29.391636083869304,3.9241985910482433,1.040829484167651
Upper,57,Sugar Maple,2024,3.05,1.0,3.0,0.016666666666666607,normal,7.747,hardwood,8.318948622404672,30.530541444225147,8.00862018634041,0.038749301233383715
Upper,57,Sugar Maple,2025,3.0,1.0,3.05,-0.01639344262295076,normal,7.62,hardwood,8.00862018634041,29.391636083869304,8.318948622404672,-0.03730380486164834
Upper,58,Sugar Maple,2015,17.1,,,,initial,43.434000000000005,hardwood,438.60125045486575,1609.6665891693572,,
Upper,58,Sugar Maple,2016,17.3,1.0,17.1,0.011695906432748496,normal,43.942,hardwood,450.4896824672929,1653.2971346549648,438.60125045486575,0.027105330867383176
Upper,58,Sugar Maple,2017,17.55,1.0,17.3,0.014450867052023121,normal,44.577000000000005,hardwood,465.6034497848534,1708.764660710412,450.4896824672929,0.033549641436367066
Upper,58,Sugar Maple,2018,17.5,1.0,17.55,-0.0028490028490028895,normal,44.45,hardwood,462.55813532908246,1697.5883566577327,465.6034497848534,-0.006540575369830554
Upper,58,Sugar Maple,2021,17.9,3.0,17.5,0.007619047619047592,annualized,45.465999999999994,hardwood,487.23758604354987,1788.161940779828,462.55813532908246,0.017784755997506094
Upper,58,Sugar Maple,2022,18.1,1.0,17.9,0.01117318435754206,normal,45.974000000000004,hardwood,499.84981282425525,1834.4488130650168,487.23758604354987,0.02588516802063396
Upper,58,Sugar Maple,2023,18.13,1.0,18.1,0.001657458563535778,normal,46.0502,hardwood,501.7573708676575,1841.449551084303,499.84981282425525,0.0038162623941463063
Upper,58,Sugar Maple,2024,18.16,1.0,18.13,0.001654715940430289,normal,46.126400000000004,hardwood,503.6690367350777,1848.4653648177352,501.7573708676575,0.0038099407769824553
Upper,58,Sugar Maple,2025,18.2,1.0,18.16,0.0022026431718061203,normal,46.228,hardwood,506.224318028915,1857.8432471661179,503.6690367350777,0.005073334089387935
Upper,62,Sugar Maple,2015,5.1,,,,initial,12.953999999999999,hardwood,27.138773514041727,99.59929879653313,,
Upper,62,Sugar Maple,2016,5.6,1.0,5.1,0.09803921568627452,normal,14.223999999999998,hardwood,33.652030490077536,123.50295189858456,27.138773514041727,0.23999820672315275
Upper,62,Sugar Maple,2017,5.31,1.0,5.6,-0.051785714285714296,normal,13.4874,hardwood,29.77804693536682,109.28543225279623,33.652030490077536,-0.11511886499249958
Upper,62,Sugar Maple,2018,5.25,1.0,5.31,-0.011299435028248515,normal,13.335,hardwood,29.009831712869165,106.46608238622983,29.77804693536682,-0.025798039212076764
Upper,62,Sugar Maple,2021,5.38,3.0,5.25,0.008253968253968248,annualized,13.6652,hardwood,30.688668478542535,112.62741331625111,29.009831712869165,0.019290434386636066
Upper,62,Sugar Maple,2022,4.79,1.0,5.38,-0.10966542750929366,normal,12.1666,hardwood,23.493649890204388,86.2216950970501,30.688668478542535,-0.23445196370669819
Upper,62,Sugar Maple,2023,5.25,1.0,4.79,0.09603340292275574,normal,13.335,hardwood,29.009831712869165,106.46608238622983,23.493649890204388,0.23479458698176708
Upper,62,Sugar Maple,2024,5.45,1.0,5.25,0.038095238095238126,normal,13.843,hardwood,31.614823884911537,116.02640365762534,29.009831712869165,0.08979687293004053
Upper,62,Sugar Maple,2025,5.5,1.0,5.45,0.009174311926605472,normal,13.97,hardwood,32.285907447058705,118.48928033070544,31.614823884911537,0.021226863846850276
Upper,63,Sugar Maple,2015,13.2,,,,initial,33.528,hardwood,241.82369533779874,887.4929618897213,,
Upper,63,Sugar Maple,2016,13.9,1.0,13.2,0.053030303030303115,normal,35.306000000000004,hardwood,272.3408898838568,999.4910658737545,241.82369533779874,0.1261960475106841
Upper,63,Sugar Maple,2017,13.56,1.0,13.9,-0.02446043165467625,normal,34.4424,hardwood,257.26227008558203,944.152531214086,272.3408898838568,-0.05536671266920375
Upper,63,Sugar Maple,2018,13.91,1.0,13.56,0.025811209439527995,normal,35.3314,hardwood,272.791736632926,1001.1456734428384,257.26227008558203,0.06036433769389458
Upper,63,Sugar Maple,2021,14.31,3.0,13.91,0.009585430146177817,annualized,36.3474,hardwood,291.17224117149783,1068.602125099397,272.791736632926,0.02245975234372658
Upper,63,Sugar Maple,2022,13.0,1.0,14.31,-0.09154437456324252,normal,33.02,hardwood,233.4793749165397,856.8693059437007,291.17224117149783,-0.19813999446800817
Upper,63,Sugar Maple,2023,14.52,1.0,13.0,0.1169230769230769,normal,36.8808,hardwood,301.09395007317545,1105.0147967685539,233.4793749165397,0.28959549502308485
Upper,63,Sugar Maple,2024,14.64,1.0,14.52,0.008264462809917425,normal,37.1856,hardwood,306.8479937339205,1126.1321370034882,301.09395007317545,0.01911045924153112
Upper,63,Sugar Maple,2025,15.0,1.0,14.64,0.02459016393442619,normal,38.1,hardwood,324.4805783849851,1190.8437226728954,306.8479937339205,0.05746358135342581
Upper,65,Sugar Maple,2015,4.0,,,,initial,10.16,hardwood,15.520896100149127,56.961688687547294,,
Upper,65,Sugar Maple,2016,4.2,1.0,4.0,0.050000000000000044,normal,10.668000000000001,hardwood,17.36409605187606,63.726232510385145,15.520896100149127,0.11875602670320203
Upper,65,Sugar Maple,2017,4.2,1.0,4.2,0.0,normal,10.668000000000001,hardwood,17.36409605187606,63.726232510385145,17.36409605187606,0.0
Upper,65,Sugar Maple,2018,4.23,1.0,4.2,0.007142857142857202,normal,10.744200000000001,hardwood,17.650688744302276,64.77802769158934,17.36409605187606,0.016504901353344596
Upper,65,Sugar Maple,2021,3.04,3.0,4.23,-0.09377462568951933,annualized,7.7216000000000005,hardwood,8.256349216756544,30.300801625496515,17.650688744302276,-0.1774121426390659
Upper,65,Sugar Maple,2022,2.4,1.0,3.04,-0.21052631578947373,normal,6.096,hardwood,4.7936317430245,17.592628496899916,8.256349216756544,-0.4194005586275759
Upper,65,Sugar Maple,2023,4.5,1.0,2.4,0.8750000000000001,normal,11.43,hardwood,20.350148995533267,74.68504681360709,4.7936317430245,3.245246628539204
Upper,65,Sugar Maple,2024,4.5,1.0,4.5,0.0,normal,11.43,hardwood,20.350148995533267,74.68504681360709,20.350148995533267,0.0
Upper,65,Sugar Maple,2025,4.5,1.0,4.5,0.0,normal,11.43,hardwood,20.350148995533267,74.68504681360709,20.350148995533267,0.0
Upper,66,Sugar Maple,2015,2.3,,,,initial,5.842,hardwood,4.346631614612262,15.952138025627,,
Upper,66,Sugar Maple,2016,2.51,1.0,2.3,0.09130434782608694,normal,6.3754,hardwood,5.314083461367312,19.502686303218034,4.346631614612262,0.2225750725004448
Upper,66,Sugar Maple,2017,2.56,1.0,2.51,0.01992031872509971,normal,6.502400000000001,hardwood,5.560716214113794,20.40782850579762,5.314083461367312,0.04641115528942474
Upper,66,Sugar Maple,2018,2.13,1.0,2.56,-0.16796875000000006,normal,5.4102,hardwood,3.64293900305432,13.369586141209354,5.560716214113794,-0.34487953299827007
Upper,66,Sugar Maple,2021,2.63,3.0,2.13,0.0782472613458529,annualized,6.6802,hardwood,5.916665719450596,21.714163190383687,3.64293900305432,0.20804874987749666
Upper,66,Sugar Maple,2022,2.0,1.0,2.63,-0.2395437262357414,normal,5.08,hardwood,3.1517212627355704,11.566817034239543,5.916665719450596,-0.46731463087824576
Upper,66,Sugar Maple,2023,2.88,1.0,2.0,0.43999999999999995,normal,7.3152,hardwood,7.29090657839054,26.75762714269328,3.1517212627355704,1.31330944921897
Upper,66,Sugar Maple,2024,2.4,1.0,2.88,-0.16666666666666666,normal,6.096,hardwood,4.7936317430245,17.592628496899916,7.29090657839054,-0.34251911041730976
Upper,66,Sugar Maple,2025,3.0,1.0,2.4,0.25000000000000006,normal,7.62,hardwood,8.00862018634041,29.391636083869304,4.7936317430245,0.6706790624862312
Upper,67,Norway Maple,2015,2.1,,,,initial,5.3340000000000005,hardwood,3.5260071571740457,12.940446266828747,,
Upper,67,Norway Maple,2016,2.2,1.0,2.1,0.04761904761904766,normal,5.588000000000001,hardwood,3.9241985910482433,14.401808829147052,3.5260071571740457,0.11292984277244979
Upper,67,Norway Maple,2017,2.13,1.0,2.2,-0.03181818181818195,normal,5.4102,hardwood,3.64293900305432,13.369586141209354,3.9241985910482433,-0.07167312802046351
Upper,67,Norway Maple,2018,2.2,1.0,2.13,0.03286384976525835,normal,5.588000000000001,hardwood,3.9241985910482433,14.401808829147052,3.64293900305432,0.07720677940479076
Upper,67,Norway Maple,2021,1.7,3.0,2.2,-0.07575757575757579,annualized,4.318,hardwood,2.1687591817568883,7.95934619704778,3.9241985910482433,-0.14911234897708858
Upper,67,Norway Maple,2022,1.53,1.0,1.7,-0.09999999999999996,normal,3.8862,hardwood,1.7020374141207373,6.2464773098231055,2.1687591817568883,-0.2152022094302166
Upper,67,Norway Maple,2023,2.36,1.0,1.53,0.5424836601307188,normal,5.9944,hardwood,4.6118632207328485,16.925538020089554,1.7020374141207373,1.7096133037212407
Upper,68,Norway Maple,2015,4.4,,,,initial,11.176000000000002,hardwood,19.325020688900146,70.92282592826353,,
Upper,68,Norway Maple,2016,4.5,1.0,4.4,0.022727272727272645,normal,11.43,hardwood,20.350148995533267,74.68504681360709,19.325020688900146,0.053046686114128286
Upper,68,Norway Maple,2017,4.45,1.0,4.5,-0.011111111111111072,normal,11.303,hardwood,19.833841435142535,72.7901980669731,20.350148995533267,-0.025371193130038442
Upper,68,Norway Maple,2018,4.45,1.0,4.45,0.0,normal,11.303,hardwood,19.833841435142535,72.7901980669731,19.833841435142535,0.0
Upper,68,Norway Maple,2021,4.5,3.0,4.45,0.0037453183520599113,annualized,11.43,hardwood,20.350148995533267,74.68504681360709,19.833841435142535,0.008677215691827845
Upper,68,Norway Maple,2022,4.11,1.0,4.5,-0.0866666666666666,normal,10.439400000000001,hardwood,16.520188633046505,60.62909228328067,20.350148995533267,-0.18820306246049673
Upper,68,Norway Maple,2023,4.72,1.0,4.11,0.14841849148418476,normal,11.9888,hardwood,22.711478557264556,83.35112630516092,16.520188633046505,0.3747711398302786
Upper,68,Norway Maple,2024,4.75,1.0,4.72,0.006355932203389884,normal,12.065,hardwood,23.044862105096374,84.5746439257037,22.711478557264556,0.014679077233621217
Upper,68,Norway Maple,2025,5.0,1.0,4.75,0.05263157894736842,normal,12.7,hardwood,25.930436145543343,95.16470065414407,23.044862105096374,0.12521550475274154
Upper,69,Sugar Maple,2015,2.9,,,,initial,7.366,hardwood,7.4078845743540365,27.186936387879314,,
Upper,69,Sugar Maple,2016,3.1875,1.0,2.9,0.09913793103448279,normal,8.09625,hardwood,9.206917604466874,33.789387608393426,7.4078845743540365,0.2428538150204253
Upper,69,Sugar Maple,2017,3.1,1.0,3.1875,-0.027450980392156835,normal,7.8740000000000006,hardwood,8.635961696844225,31.693979427418306,9.206917604466874,-0.062013795729598024
Upper,69,Sugar Maple,2018,3.17,1.0,3.1,0.02258064516129027,normal,8.0518,hardwood,9.0910723640081,33.36423557590973,8.635961696844225,0.05269947727190399
Upper,69,Sugar Maple,2021,3.38,3.0,3.17,0.022082018927444793,annualized,8.5852,hardwood,10.536278031024223,38.6681403738589,9.0910723640081,0.052989922756078285
Upper,69,Sugar Maple,2022,3.25,1.0,3.38,-0.03846153846153843,normal,8.255,hardwood,9.627433818896398,35.332682115349776,10.536278031024223,-0.086258563930424
Upper,69,Sugar Maple,2023,3.31,1.0,3.25,0.018461538461538477,normal,8.4074,hardwood,10.041144045419015,36.850998646687785,9.627433818896398,0.04297201458924613
Upper,69,Sugar Maple,2024,3.3,1.0,3.31,-0.0030211480362538463,normal,8.382,hardwood,9.971508719079994,36.595436999023576,10.041144045419015,-0.006934999241524734
Upper,69,Sugar Maple,2025,3.5,1.0,3.3,0.06060606060606066,normal,8.89,hardwood,11.416561318986751,41.89878004068138,9.971508719079994,0.14491815036391836
Upper,7,sugar maple,2015,7.2,,,,initial,18.288,hardwood,59.98512295785456,220.14540125532622,,
Upper,7,sugar maple,2016,7.3,1.0,7.2,0.01388888888888884,normal,18.541999999999998,hardwood,61.91863730426167,227.24139890664034,59.98512295785456,0.03223323135914215
Upper,7,sugar maple,2017,7.25,1.0,7.3,-0.006849315068493127,normal,18.415,hardwood,60.947546409011,223.67749532107035,61.91863730426167,-0.015683337643217776
Upper,7,sugar maple,2018,7.25,1.0,7.25,0.0,normal,18.415,hardwood,60.947546409011,223.67749532107035,60.947546409011,0.0
Upper,7,sugar maple,2021,7.31,3.0,7.25,0.0027586206896551544,annualized,18.5674,hardwood,62.113897152402394,227.95800254931677,60.947546409011,0.006378986588260507
Upper,7,sugar maple,2022,7.4,1.0,7.31,0.012311901504788064,normal,18.796000000000003,hardwood,63.88689289997424,234.46489694290545,62.113897152402394,0.028544268333729455
Upper,7,sugar maple,2023,7.37,1.0,7.4,-0.004054054054054087,normal,18.7198,hardwood,63.29275990922072,232.28442886684005,63.88689289997424,-0.00929976343792048
Upper,7,sugar maple,2024,7.3,1.0,7.37,-0.009497964721845357,normal,18.541999999999998,hardwood,61.91863730426167,227.24139890664034,63.29275990922072,-0.02171058122492871
Upper,7,sugar maple,2025,7.4,1.0,7.3,0.013698630136986375,normal,18.796000000000003,hardwood,63.88689289997424,234.46489694290545,61.91863730426167,0.03178777313914014
Upper,71,Sugar Maple,2015,3.5,,,,initial,8.89,hardwood,11.416561318986751,41.89878004068138,,
Upper,71,Sugar Maple,2016,3.5,1.0,3.5,0.0,normal,8.89,hardwood,11.416561318986751,41.89878004068138,11.416561318986751,0.0
Upper,71,Sugar Maple,2017,3.56,1.0,3.5,0.017142857142857158,normal,9.0424,hardwood,11.87172442660931,43.56922864565617,11.416561318986751,0.03986866928709804
Upper,71,Sugar Maple,2018,2.67,1.0,3.56,-0.25000000000000006,normal,6.7818,hardwood,6.125685738512245,22.481266660339937,11.87172442660931,-0.48401045051364916
Upper,71,Sugar Maple,2021,3.73,3.0,2.67,0.13233458177278404,annualized,9.4742,hardwood,13.21627676647218,48.503735732952904,6.125685738512245,0.3858393073927665
Upper,71,Sugar Maple,2022,3.7,1.0,3.73,-0.008042895442359197,normal,9.398000000000001,hardwood,12.973070463439562,47.61116860082319,13.21627676647218,-0.01840202859927981
Upper,71,Sugar Maple,2023,3.75,1.0,3.7,0.013513513513513466,normal,9.525,hardwood,13.379834064723505,49.103991017535265,12.973070463439562,0.03135445864032543
Upper,71,Sugar Maple,2024,2.1,1.0,3.75,-0.44,normal,5.3340000000000005,hardwood,3.5260071571740457,12.940446266828747,13.379834064723505,-0.736468543621889
Upper,71,Sugar Maple,2025,3.9,1.0,2.1,0.857142857142857,normal,9.906,hardwood,14.642910495857947,53.739481519798666,3.5260071571740457,3.1528306220437896
Upper,72,Sugar Maple,2015,8.6,,,,initial,21.843999999999998,hardwood,90.26621858864445,331.27702222032514,,
Upper,72,Sugar Maple,2016,8.7,1.0,8.6,0.011627906976744146,normal,22.098,hardwood,92.69858238418918,340.2037973499743,90.26621858864445,0.026946556902193355
Upper,72,Sugar Maple,2017,8.6,1.0,8.7,-0.011494252873563178,normal,21.843999999999998,hardwood,90.26621858864445,331.27702222032514,92.69858238418918,-0.02623949291331988
Upper,72,Sugar Maple,2018,8.62,1.0,8.6,0.0023255813953487877,normal,21.8948,hardwood,90.74976791017747,333.0516482303513,90.26621858864445,0.0053569245404708875
Upper,72,Sugar Maple,2021,8.75,3.0,8.62,0.005027068832173271,annualized,22.225,hardwood,93.9284884687798,344.7175526804219,90.74976791017747,0.011675771122443635
Upper,72,Sugar Maple,2022,7.4,1.0,8.75,-0.15428571428571425,normal,18.796000000000003,hardwood,63.88689289997424,234.46489694290545,93.9284884687798,-0.3198347600237479
Upper,72,Sugar Maple,2023,8.84,1.0,7.4,0.19459459459459452,normal,22.4536,hardwood,96.16543958187827,352.9271632654933,63.88689289997424,0.5052452109768676
Upper,72,Sugar Maple,2024,8.6,1.0,8.84,-0.02714932126696835,normal,21.843999999999998,hardwood,90.26621858864445,331.27702222032514,96.16543958187827,-0.06134450192172255
Upper,72,Sugar Maple,2025,8.7,1.0,8.6,0.011627906976744146,normal,22.098,hardwood,92.69858238418918,340.2037973499743,90.26621858864445,0.026946556902193355
Upper,73,Sugar Maple,2015,21.2,,,,initial,53.848,hardwood,719.0370877404226,2638.866112007351,,
Upper,73,Sugar Maple,2016,21.2,1.0,21.2,0.0,normal,53.848,hardwood,719.0370877404226,2638.866112007351,719.0370877404226,0.0
Upper,73,Sugar Maple,2017,21.63,1.0,21.2,0.020283018867924517,normal,54.9402,hardwood,753.0239796997424,2763.5980054980546,719.0370877404226,0.047267230771257926
Upper,73,Sugar Maple,2018,21.45,1.0,21.63,-0.008321775312066562,normal,54.483,hardwood,738.6889349107244,2710.9883911223583,753.0239796997424,-0.019036637843503956
Upper,73,Sugar Maple,2021,22.0,3.0,21.45,0.008547008547008558,annualized,55.88,hardwood,782.9805565172529,2873.538642418318,738.6889349107244,0.019986591339190927
Upper,73,Sugar Maple,2022,21.16,1.0,22.0,-0.03818181818181818,normal,53.7464,hardwood,715.9205642359759,2627.4284707460315,782.9805565172529,-0.08564707223326731
Upper,73,Sugar Maple,2023,22.38,1.0,21.16,0.05765595463137991,normal,56.8452,hardwood,814.4360720086978,2988.9803842719207,715.9205642359759,0.13760675791993315
Upper,73,Sugar Maple,2024,22.4,1.0,22.38,0.0008936550491510087,normal,56.895999999999994,hardwood,816.1110417683766,2995.127523289942,814.4360720086978,0.002056600655650847
Upper,73,Sugar Maple,2025,22.55,1.0,22.4,0.006696428571428667,normal,57.277,hardwood,828.7353570335478,3041.4587603131204,816.1110417683766,0.015468869576640423
Upper,74,Sugar Maple,2015,22.0,,,,initial,55.88,hardwood,782.9805565172529,2873.538642418318,,
Upper,74,Sugar Maple,2016,22.0,1.0,22.0,0.0,normal,55.88,hardwood,782.9805565172529,2873.538642418318,782.9805565172529,0.0
Upper,74,Sugar Maple,2017,22.25,1.0,22.0,0.011363636363636364,normal,56.515,hardwood,803.5961489905495,2949.1978667953167,782.9805565172529,0.026329635265779857
Upper,74,Sugar Maple,2018,22.69,1.0,22.25,0.019775280898876462,normal,57.632600000000004,hardwood,840.6169681649333,3085.064273165305,803.5961489905495,0.04606893552300873
Upper,74,Sugar Maple,2021,22.63,3.0,22.69,-0.0008814455707360404,annualized,57.480199999999996,hardwood,835.513142579587,3066.3332332670843,840.6169681649333,-0.0020238411304369782
Upper,74,Sugar Maple,2022,22.16,1.0,22.63,-0.02076889085285015,normal,56.2864,hardwood,796.1396444994365,2921.8324953129318,835.513142579587,-0.04712492966727927
Upper,74,Sugar Maple,2023,23.16,1.0,22.16,0.04512635379061372,normal,58.8264,hardwood,881.2060866606729,3234.0263380446695,796.1396444994365,0.10684864489410138
Upper,74,Sugar Maple,2024,23.8,1.0,23.16,0.027633851468048382,normal,60.452000000000005,hardwood,938.2224331817863,3443.2763297771558,881.2060866606729,0.06470262448728269
Upper,74,Sugar Maple,2025,23.2,1.0,23.8,-0.025210084033613505,normal,58.928,hardwood,884.710490287221,3246.887499354101,938.2224331817863,-0.05703545449567934
Upper,75,Sugar Maple,2015,23.0,,,,initial,58.42,hardwood,867.2670257688179,3182.869984571562,,
Upper,75,Sugar Maple,2016,23.0,1.0,23.0,0.0,normal,58.42,hardwood,867.2670257688179,3182.869984571562,867.2670257688179,0.0
Upper,75,Sugar Maple,2017,23.13,1.0,23.0,0.005652173913043435,normal,58.7502,hardwood,878.5829419201062,3224.39939684679,867.2670257688179,0.013047787838188529
Upper,75,Sugar Maple,2018,23.0,1.0,23.13,-0.005620406398616473,normal,58.42,hardwood,867.2670257688179,3182.869984571562,878.5829419201062,-0.012879735778340812
Upper,75,Sugar Maple,2021,23.38,3.0,23.0,0.00550724637681158,annualized,59.3852,hardwood,900.5776761658299,3305.1200715285954,867.2670257688179,0.012802919749536429
Upper,75,Sugar Maple,2022,22.24,1.0,23.38,-0.04875962360992304,normal,56.489599999999996,hardwood,802.7657079916422,2946.150148329327,900.5776761658299,-0.10861025180039754
Upper,75,Sugar Maple,2023,23.83,1.0,22.24,0.07149280575539568,normal,60.5282,hardwood,940.9447187144871,3453.2671176821673,802.7657079916422,0.1721286912822184
Upper,75,Sugar Maple,2024,24.0,1.0,23.83,0.007133864876206535,normal,60.96,hardwood,956.4552768695366,3510.1908661111993,940.9447187144871,0.016484027006644992
Upper,75,Sugar Maple,2025,23.9,1.0,24.0,-0.004166666666666726,normal,60.705999999999996,hardwood,947.3140614455772,3476.642605505268,956.4552768695366,-0.009557389294644829
Upper,76,Norway Maple,2015,1.7,,,,initial,4.318,hardwood,2.1687591817568883,7.95934619704778,,
Upper,76,Norway Maple,2016,1.9,1.0,1.7,0.11764705882352938,normal,4.826,hardwood,2.800993453630146,10.279645974822635,2.1687591817568883,0.29151889116664925
Upper,76,Norway Maple,2017,1.85,1.0,1.9,-0.02631578947368412,normal,4.699000000000001,hardwood,2.6343518930067713,9.668071447334851,2.800993453630146,-0.05949373441319676
Upper,76,Norway Maple,2018,1.87,1.0,1.85,0.01081081081081082,normal,4.7498000000000005,hardwood,2.7003154834785166,9.910157824366156,2.6343518930067713,0.025039779479292108
Upper,76,Norway Maple,2021,2.13,3.0,1.87,0.046345811051693366,annualized,5.4102,hardwood,3.64293900305432,13.369586141209354,2.7003154834785166,0.11635967788987457
Upper,76,Norway Maple,2022,2.1,1.0,2.13,-0.01408450704225343,normal,5.3340000000000005,hardwood,3.5260071571740457,12.940446266828747,3.64293900305432,-0.03209821679205613
Upper,76,Norway Maple,2023,2.08,1.0,2.1,-0.009523809523809532,normal,5.2832,hardwood,3.449248483567277,12.658741934691907,3.5260071571740457,-0.02176929035739323
Upper,76,Norway Maple,2024,2.1,1.0,2.08,0.009615384615384623,normal,5.3340000000000005,hardwood,3.5260071571740457,12.940446266828747,3.449248483567277,0.022253738451276556
Upper,76,Norway Maple,2025,2.1,1.0,2.1,0.0,normal,5.3340000000000005,hardwood,3.5260071571740457,12.940446266828747,3.5260071571740457,0.0
Upper,77,Norway Maple,2015,2.2,,,,initial,5.588000000000001,hardwood,3.9241985910482433,14.401808829147052,,
Upper,77,Norway Maple,2016,2.3,1.0,2.2,0.04545454545454529,normal,5.842,hardwood,4.346631614612262,15.952138025627,3.9241985910482433,0.1076482277241675
Upper,77,Norway Maple,2017,2.5,1.0,2.3,0.08695652173913052,normal,6.35,hardwood,5.265514724444983,19.324439038713088,4.346631614612262,0.2114011932236611
Upper,77,Norway Maple,2018,2.5,1.0,2.5,0.0,normal,6.35,hardwood,5.265514724444983,19.324439038713088,5.265514724444983,0.0
Upper,77,Norway Maple,2021,2.69,3.0,2.5,0.025333333333333326,annualized,6.8326,hardwood,6.231736128169562,22.87047159038229,5.265514724444983,0.061166631962172494
Upper,77,Norway Maple,2022,2.8,1.0,2.69,0.04089219330855014,normal,7.111999999999999,hardwood,6.833485601954647,25.078892159173552,6.231736128169562,0.0965620914314669
Upper,77,Norway Maple,2023,2.7,1.0,2.8,-0.03571428571428559,normal,6.8580000000000005,hardwood,6.285147427752522,23.066491059851753,6.833485601954647,-0.0802428227909456
Upper,77,Norway Maple,2024,3.0,1.0,2.7,0.11111111111111104,normal,7.62,hardwood,8.00862018634041,29.391636083869304,6.285147427752522,0.2742135770718393
Upper,77,Norway Maple,2025,3.1,1.0,3.0,0.03333333333333336,normal,7.8740000000000006,hardwood,8.635961696844225,31.693979427418306,8.00862018634041,0.07833328287609584
Upper,78,Norway Maple,2015,2.4,,,,initial,6.096,hardwood,4.7936317430245,17.592628496899916,,
Upper,78,Norway Maple,2016,2.5,1.0,2.4,0.041666666666666706,normal,6.35,hardwood,5.265514724444983,19.324439038713088,4.7936317430245,0.09843955621062207
Upper,78,Norway Maple,2017,2.68,1.0,2.5,0.07200000000000006,normal,6.807200000000001,hardwood,6.178582327605647,22.675397142312725,5.265514724444983,0.17340519416302785
Upper,78,Norway Maple,2018,2.65,1.0,2.68,-0.01119402985074636,normal,6.731,hardwood,6.020663040777856,22.09583335965473,6.178582327605647,-0.025559145845190843
Upper,78,Norway Maple,2021,2.88,3.0,2.65,0.028930817610062894,annualized,7.3152,hardwood,7.29090657839054,26.75762714269328,6.020663040777856,0.07032689085401084
Upper,78,Norway Maple,2022,3.0,1.0,2.88,0.041666666666666706,normal,7.62,hardwood,8.00862018634041,29.391636083869304,7.29090657839054,0.0984395562106222
Upper,78,Norway Maple,2023,2.94,1.0,3.0,-0.020000000000000018,normal,7.4676,hardwood,7.645003200576318,28.05716174611509,8.00862018634041,-0.04540320021472377
Upper,78,Norway Maple,2024,3.1,1.0,2.94,0.05442176870748304,normal,7.8740000000000006,hardwood,8.635961696844225,31.693979427418306,7.645003200576318,0.12962172418622447
Upper,78,Norway Maple,2025,3.1,1.0,3.1,0.0,normal,7.8740000000000006,hardwood,8.635961696844225,31.693979427418306,8.635961696844225,0.0
Upper,79,Norway Maple,2015,2.5,,,,initial,6.35,hardwood,5.265514724444983,19.324439038713088,,
Upper,79,Norway Maple,2016,2.5,1.0,2.5,0.0,normal,6.35,hardwood,5.265514724444983,19.324439038713088,5.265514724444983,0.0
Upper,79,Norway Maple,2017,2.7,1.0,2.5,0.08000000000000007,normal,6.8580000000000005,hardwood,6.285147427752522,23.066491059851753,5.265514724444983,0.19364350052501553
Upper,79,Norway Maple,2018,2.73,1.0,2.7,0.011111111111111039,normal,6.9342,hardwood,6.4469291849195764,23.660230108654844,6.285147427752522,0.025740328134976717
Upper,79,Norway Maple,2021,2.94,3.0,2.73,0.025641025641025637,annualized,7.4676,hardwood,7.645003200576318,28.05716174611509,6.4469291849195764,0.061945461748374356
Upper,79,Norway Maple,2022,3.0,1.0,2.94,0.02040816326530614,normal,7.62,hardwood,8.00862018634041,29.391636083869304,7.645003200576318,0.04756269895827916
Upper,79,Norway Maple,2023,3.4,1.0,3.0,0.1333333333333333,normal,8.636,hardwood,10.680223002041938,39.19641841749391,8.00862018634041,0.3335908999977602
Upper,79,Norway Maple,2024,3.2,1.0,3.4,-0.05882352941176463,normal,8.128,hardwood,9.290172151347615,34.094931795445746,10.680223002041938,-0.1301518564199044
Upper,79,Norway Maple,2025,3.35,1.0,3.2,0.04687499999999997,normal,8.509,hardwood,10.322428130578198,37.88331123922198,9.290172151347615,0.11111268579461629
Upper,8,sugar maple,2015,9.8,,,,initial,24.892000000000003,hardwood,121.89861906281644,447.36793196053634,,
Upper,8,sugar maple,2016,9.8,1.0,9.8,0.0,normal,24.892000000000003,hardwood,121.89861906281644,447.36793196053634,121.89861906281644,0.0
Upper,8,sugar maple,2017,10.85,1.0,9.8,0.10714285714285703,normal,27.559,hardwood,154.05195334333777,565.3706687700496,121.89861906281644,0.26377111182820023
Upper,8,sugar maple,2018,10.0,1.0,10.85,-0.07834101382488476,normal,25.4,hardwood,127.69644638473106,468.645958231963,154.05195334333777,-0.17108193947964956
Upper,8,sugar maple,2021,9.88,3.0,10.0,-0.003999999999999974,annualized,25.095200000000002,hardwood,124.19948189734085,455.8120985632409,127.69644638473106,-0.009128326293576888
Upper,8,sugar maple,2022,9.9,1.0,9.88,0.002024291497975665,normal,25.146,hardwood,124.77849961247537,457.9370935777846,124.19948189734085,0.004661997830338156
Upper,8,sugar maple,2023,9.97,1.0,9.9,0.007070707070707099,normal,25.323800000000002,hardwood,126.81705854464498,465.41860485884706,124.77849961247537,0.01633742141876013
Upper,8,sugar maple,2024,9.94,1.0,9.97,-0.003009027081243845,normal,25.2476,hardwood,125.94110391945395,462.203851384396,126.81705854464498,-0.006907230267311828
Upper,8,sugar maple,2025,10.9,1.0,9.94,0.0965794768611671,normal,27.686,hardwood,155.68965521916903,571.3810346543503,125.94110391945395,0.23621002495532245
Upper,80,Sugar Maple,2015,17.1,,,,initial,43.434000000000005,hardwood,438.60125045486575,1609.6665891693572,,
Upper,80,Sugar Maple,2016,17.4,1.0,17.1,0.01754385964912264,normal,44.196,hardwood,456.5013673091518,1675.3600180245871,438.60125045486575,0.04081182357716073
Upper,80,Sugar Maple,2017,17.35,1.0,17.4,-0.0028735632183906415,normal,44.069,hardwood,453.48989435152237,1664.307912270087,456.5013673091518,-0.0065968541899021765
Upper,80,Sugar Maple,2018,17.25,1.0,17.35,-0.005763688760806998,normal,43.815,hardwood,447.5007219108198,1642.3276494127085,453.48989435152237,-0.01320684874194812
Upper,80,Sugar Maple,2021,17.5,3.0,17.25,0.004830917874396135,annualized,44.45,hardwood,462.55813532908246,1697.5883566577327,447.5007219108198,0.0112159323110272
Upper,80,Sugar Maple,2022,18.0,1.0,17.5,0.02857142857142857,normal,45.72,hardwood,493.52092741575524,1811.2218036158217,462.55813532908246,0.06693816349083256
Upper,80,Sugar Maple,2023,18.0,1.0,18.0,0.0,normal,45.72,hardwood,493.52092741575524,1811.2218036158217,493.52092741575524,0.0
Upper,80,Sugar Maple,2024,18.0,1.0,18.0,0.0,normal,45.72,hardwood,493.52092741575524,1811.2218036158217,493.52092741575524,0.0
Upper,80,Sugar Maple,2025,18.0,1.0,18.0,0.0,normal,45.72,hardwood,493.52092741575524,1811.2218036158217,493.52092741575524,0.0
Upper,81,Sugar Maple,2015,11.5,,,,initial,29.21,hardwood,176.10992999036688,646.3234430646464,,
Upper,81,Sugar Maple,2016,11.4,1.0,11.5,-0.008695652173913012,normal,28.956000000000003,hardwood,172.6076221318073,633.4699732237327,176.10992999036688,-0.019887054970444677
Upper,81,Sugar Maple,2017,11.6,1.0,11.4,0.017543859649122744,normal,29.464,hardwood,179.65205395432386,659.3230380123686,172.6076221318073,0.0408118235771609
Upper,81,Sugar Maple,2018,11.81,1.0,11.6,0.018103448275862143,normal,29.997400000000003,hardwood,187.22057560164578,687.09951245804,179.65205395432386,0.04212877882958241
Upper,81,Sugar Maple,2021,12.2,3.0,11.81,0.011007620660457205,annualized,30.988,hardwood,201.74669188684177,740.4103592247093,187.22057560164578,0.025862749039050784
Upper,81,Sugar Maple,2022,12.7,1.0,12.2,0.04098360655737705,normal,32.257999999999996,hardwood,221.2724628837397,812.0699387833247,201.74669188684177,0.09678359934570721
Upper,81,Sugar Maple,2023,12.5,1.0,12.7,-0.015748031496062936,normal,31.75,hardwood,213.33977932886583,782.9569901369376,221.2724628837397,-0.03585029719238874
Upper,81,Sugar Maple,2024,12.8,1.0,12.5,0.024000000000000056,normal,32.512,hardwood,225.30028536849798,826.8520473023875,213.33977932886583,0.05606317807798464
Upper,81,Sugar Maple,2025,13.0,1.0,12.8,0.015624999999999944,normal,33.02,hardwood,233.4793749165397,856.8693059437007,225.30028536849798,0.036303058980436384
Upper,82,Sugar Maple,2015,16.9,,,,initial,42.925999999999995,hardwood,426.8922123892106,1566.6944194684029,,
Upper,82,Sugar Maple,2016,16.6,1.0,16.9,-0.017751479289940662,normal,42.164,hardwood,409.6636348823718,1503.4655400183044,426.8922123892106,-0.04035814429692849
Upper,82,Sugar Maple,2017,16.6,1.0,16.6,0.0,normal,42.164,hardwood,409.6636348823718,1503.4655400183044,409.6636348823718,0.0
Upper,82,Sugar Maple,2018,16.61,1.0,16.6,0.000602409638554097,normal,42.1894,hardwood,410.23146339231715,1505.5494706498039,409.6636348823718,0.0013860847329257963
Upper,82,Sugar Maple,2021,17.0,3.0,16.61,0.00782661047561711,annualized,43.18,hardwood,432.7243465602261,1588.0983518760297,410.23146339231715,0.018276578935794825
Upper,82,Sugar Maple,2022,16.7,1.0,17.0,-0.017647058823529453,normal,42.418,hardwood,415.3619362137748,1524.3783059045536,432.7243465602261,-0.040123488508254736
Upper,82,Sugar Maple,2023,16.8,1.0,16.7,0.005988023952095894,normal,42.672000000000004,hardwood,421.1047687729014,1545.4545013965483,415.3619362137748,0.0138260925193948
Upper,82,Sugar Maple,2024,16.75,1.0,16.8,-0.0029761904761905185,normal,42.545,hardwood,418.2277810927123,1534.8959566102542,421.1047687729014,-0.006831999762369513
Upper,82,Sugar Maple,2025,17.0,1.0,16.75,0.014925373134328358,normal,43.18,hardwood,432.7243465602261,1588.0983518760297,418.2277810927123,0.034661890297288035
Upper,83,Sugar Maple,2015,2.8,,,,initial,7.111999999999999,hardwood,6.833485601954647,25.078892159173552,,
Upper,83,Sugar Maple,2016,2.8,1.0,2.8,0.0,normal,7.111999999999999,hardwood,6.833485601954647,25.078892159173552,6.833485601954647,0.0
Upper,83,Sugar Maple,2017,2.85,1.0,2.8,0.017857142857142953,normal,7.239000000000001,hardwood,7.117410089456821,26.12089502830653,6.833485601954647,0.04154899915512529
Upper,83,Sugar Maple,2018,2.3,1.0,2.85,-0.19298245614035098,normal,5.842,hardwood,4.346631614612262,15.952138025627,7.117410089456821,-0.3892958871302042
Upper,83,Sugar Maple,2021,2.9,3.0,2.3,0.08695652173913046,annualized,7.366,hardwood,7.4078845743540365,27.186936387879314,4.346631614612262,0.23476055569486853
Upper,83,Sugar Maple,2022,2.8,1.0,2.9,-0.03448275862068969,normal,7.111999999999999,hardwood,6.833485601954647,25.078892159173552,7.4078845743540365,-0.07753886641106002
Upper,83,Sugar Maple,2023,2.86,1.0,2.8,0.02142857142857145,normal,7.2644,hardwood,7.174979884137663,26.33217617478522,6.833485601954647,0.04997365942870146
Upper,85,Sugar Maple,2015,12.1,,,,initial,30.733999999999998,hardwood,197.96351814207748,726.5261115814243,,
Upper,85,Sugar Maple,2016,12.0,1.0,12.1,-0.008264462809917326,normal,30.48,hardwood,194.22077266121198,712.790235666648,197.96351814207748,-0.018906238462479453
Upper,85,Sugar Maple,2017,12.1,1.0,12.0,0.008333333333333304,normal,30.733999999999998,hardwood,197.96351814207748,726.5261115814243,194.22077266121198,0.019270572501501337
Upper,85,Sugar Maple,2018,12.2,1.0,12.1,0.008264462809917326,normal,30.988,hardwood,201.74669188684177,740.4103592247093,197.96351814207748,0.019110459241531222
Upper,85,Sugar Maple,2021,12.3,3.0,12.2,0.0027322404371585094,annualized,31.242,hardwood,205.57039384307413,754.443345404082,201.74669188684177,0.006317661552829891
Upper,85,Sugar Maple,2022,12.4,1.0,12.3,0.00813008130081298,normal,31.496000000000002,hardwood,209.43472338649661,768.6254348284425,205.57039384307413,0.018798084058604232
Upper,85,Sugar Maple,2023,12.41,1.0,12.4,0.0008064516129032086,normal,31.5214,hardwood,209.8233946672306,770.0518584287363,209.43472338649661,0.001855811082562029
Upper,85,Sugar Maple,2024,12.44,1.0,12.41,0.0024174053182916488,normal,31.5976,hardwood,210.99185308088434,774.3401008068455,209.8233946672306,0.00556877089662413
Upper,85,Sugar Maple,2025,12.5,1.0,12.44,0.0048231511254019695,normal,31.75,hardwood,213.33977932886583,782.9569901369376,210.99185308088434,0.011128042214413873
Upper,86,Norway Maple,2015,1.8,,,,initial,4.572,hardwood,2.473463883486683,9.077612452396126,,
Upper,86,Norway Maple,2016,1.8,1.0,1.8,0.0,normal,4.572,hardwood,2.473463883486683,9.077612452396126,2.473463883486683,0.0
Upper,86,Norway Maple,2017,1.95,1.0,1.8,0.08333333333333329,normal,4.953,hardwood,2.9734347849726235,10.912505660849527,2.473463883486683,0.2021339000839436
Upper,86,Norway Maple,2018,1.95,1.0,1.95,0.0,normal,4.953,hardwood,2.9734347849726235,10.912505660849527,2.9734347849726235,0.0
Upper,86,Norway Maple,2021,2.3,3.0,1.95,0.05982905982905981,annualized,5.842,hardwood,4.346631614612262,15.952138025627,2.9734347849726235,0.1539405803886701
Upper,86,Norway Maple,2022,2.4,1.0,2.3,0.04347826086956526,normal,6.096,hardwood,4.7936317430245,17.592628496899916,4.346631614612262,0.10283828215612713
Upper,86,Norway Maple,2023,2.14,1.0,2.4,-0.10833333333333325,normal,5.4356,hardwood,3.682396001582103,13.514393325806319,4.7936317430245,-0.23181499977744902
Upper,86,Norway Maple,2024,2.17,1.0,2.14,0.014018691588784955,normal,5.5118,hardwood,3.802210873240097,13.954113904791157,3.682396001582103,0.03253720447407527
Upper,86,Norway Maple,2025,2.2,1.0,2.17,0.013824884792626843,normal,5.588000000000001,hardwood,3.9241985910482433,14.401808829147052,3.802210873240097,0.03208336461996199
Upper,87,Red Maple,2015,31.6,,,,initial,80.26400000000001,hardwood,1800.7735440927734,6608.838906820478,,
Upper,87,Red Maple,2016,30.5,1.0,31.6,-0.03481012658227853,normal,77.47,hardwood,1659.848468644631,6091.643879925796,1800.7735440927734,-0.07825807743035233
Upper,87,Red Maple,2017,29.3,1.0,30.5,-0.03934426229508194,normal,74.422,hardwood,1513.4718178562032,5554.441571532266,1659.848468644631,-0.0881867553295112
Upper,87,Red Maple,2018,30.48,1.0,29.3,0.04027303754266211,normal,77.4192,hardwood,1657.346157569953,6082.460398281727,1513.4718178562032,0.09506245046408884
Upper,87,Red Maple,2021,31.4,3.0,30.48,0.010061242344706891,annualized,79.756,hardwood,1774.6675252150817,6513.02981753935,1657.346157569953,0.02359623085965106
Upper,87,Red Maple,2022,31.5,1.0,31.4,0.0031847133757962236,normal,80.01,hardwood,1787.6935998949405,6560.835511614431,1774.6675252150817,0.007340008477520354
Upper,87,Red Maple,2023,33.13,1.0,31.5,0.051746031746031824,normal,84.15020000000001,hardwood,2007.6505131776275,7368.077383361893,1787.6935998949405,0.12303949250342092
Upper,87,Red Maple,2024,31.58,1.0,33.13,-0.046785390884394935,normal,80.2132,hardwood,1798.1532432302536,6599.22240265503,2007.6505131776275,-0.10434947147040559
Upper,87,Red Maple,2025,31.0,1.0,31.58,-0.01836605446485112,normal,78.74,hardwood,1723.1008927227972,6323.780276292666,1798.1532432302536,-0.04173857305544782
Upper,88,Norway Maple,2015,2.1,,,,initial,5.3340000000000005,hardwood,3.5260071571740457,12.940446266828747,,
Upper,88,Norway Maple,2016,2.3,1.0,2.1,0.09523809523809511,normal,5.842,hardwood,4.346631614612262,15.952138025627,3.5260071571740457,0.2327347679282404
Upper,88,Norway Maple,2017,2.45,1.0,2.3,0.06521739130434799,normal,6.223000000000001,hardwood,5.026443505177434,18.447047664001182,4.346631614612262,0.15639970230737255
Upper,88,Norway Maple,2018,2.35,1.0,2.45,-0.040816326530612276,normal,5.969,hardwood,4.567040835923054,16.761039867837606,5.026443505177434,-0.0913971615877463
Upper,88,Norway Maple,2021,2.6,3.0,2.35,0.035460992907801414,annualized,6.604,hardwood,5.762587222808233,21.148695107706214,4.567040835923054,0.08725901007068945
Upper,88,Norway Maple,2022,2.5,1.0,2.6,-0.03846153846153849,normal,6.35,hardwood,5.265514724444983,19.324439038713088,5.762587222808233,-0.08625856393042433
Upper,88,Norway Maple,2023,2.5,1.0,2.5,0.0,normal,6.35,hardwood,5.265514724444983,19.324439038713088,5.265514724444983,0.0
Upper,88,Norway Maple,2024,2.69,1.0,2.5,0.07599999999999998,normal,6.8326,hardwood,6.231736128169562,22.87047159038229,5.265514724444983,0.18349989588651747
Upper,88,Norway Maple,2025,3.0,1.0,2.69,0.11524163568773237,normal,7.62,hardwood,8.00862018634041,29.391636083869304,6.231736128169562,0.2851346754139235
Upper,89,Sugar Maple ,2015,6.3,,,,initial,16.002,hardwood,44.12269949212058,161.93030713608252,,
Upper,89,Sugar Maple ,2016,6.4,1.0,6.3,0.01587301587301596,normal,16.256,hardwood,45.75017417257656,167.90313921335596,44.12269949212058,0.036885201929827735
Upper,89,Sugar Maple ,2017,6.45,1.0,6.4,0.007812499999999972,normal,16.383,hardwood,46.57642546339113,170.93548145064545,45.75017417257656,0.018060068748543573
Upper,89,Sugar Maple ,2018,6.29,1.0,6.45,-0.024806201550387617,normal,15.9766,hardwood,43.961782791184234,161.33974284364615,46.57642546339113,-0.05613661087543087
Upper,89,Sugar Maple ,2021,6.7,3.0,6.29,0.021727609962904088,annualized,17.018,hardwood,50.833598900463016,186.55930796469926,43.961782791184234,0.05210446948068119
Upper,89,Sugar Maple ,2022,6.3,1.0,6.7,-0.05970149253731349,normal,16.002,hardwood,44.12269949212058,161.93030713608252,50.833598900463016,-0.13201700358621093
Upper,89,Sugar Maple ,2023,6.3,1.0,6.3,0.0,normal,16.002,hardwood,44.12269949212058,161.93030713608252,44.12269949212058,0.0
Upper,89,Sugar Maple ,2024,6.45,1.0,6.3,0.023809523809523867,normal,16.383,hardwood,46.57642546339113,170.93548145064545,44.12269949212058,0.05561141996102791
Upper,89,Sugar Maple ,2025,6.5,1.0,6.45,0.007751937984496096,normal,16.51,hardwood,47.411045443928835,173.99853677921882,46.57642546339113,0.017919365263307084
Upper,91,Sugar Maple,2015,17.0,,,,initial,43.18,hardwood,432.7243465602261,1588.0983518760297,,
Upper,91,Sugar Maple,2016,17.0,1.0,17.0,0.0,normal,43.18,hardwood,432.7243465602261,1588.0983518760297,432.7243465602261,0.0
Upper,91,Sugar Maple,2017,17.2,1.0,17.0,0.0117647058823529,normal,43.687999999999995,hardwood,444.52300291672253,1631.3994207043716,432.7243465602261,0.027265986881221917
Upper,91,Sugar Maple,2018,16.95,1.0,17.2,-0.014534883720930232,normal,43.053,hardwood,429.8026881996597,1577.3758656927512,444.52300291672253,-0.03311485484547701
Upper,91,Sugar Maple,2021,17.75,3.0,16.95,0.015732546705998048,annualized,45.085,hardwood,477.8978026014306,1753.8849355472503,429.8026881996597,0.037300150140389454
Upper,91,Sugar Maple,2022,18.4,1.0,17.75,0.03661971830985907,normal,46.736,hardwood,519.110489406738,1905.1354961227285,477.8978026014306,0.08623744779943882
Upper,91,Sugar Maple,2023,18.31,1.0,18.4,-0.0048913043478260795,normal,46.5074,hardwood,513.2890546803275,1883.7708306768018,519.110489406738,-0.011214249847009484
Upper,91,Sugar Maple,2024,17.76,1.0,18.31,-0.030038230475150036,normal,45.110400000000006,hardwood,478.5172772379179,1756.1584074631585,513.2890546803275,-0.06774307210596023
Upper,91,Sugar Maple,2025,18.0,1.0,17.76,0.013513513513513424,normal,45.72,hardwood,493.52092741575524,1811.2218036158217,478.5172772379179,0.031354458640325274
Upper,92,Sugar Maple,2015,19.1,,,,initial,48.514,hardwood,565.6601134444275,2075.9726163410487,,
Upper,92,Sugar Maple,2016,15.3,1.0,19.1,-0.19895287958115185,normal,38.862,hardwood,339.6011111062187,1246.3360777598225,565.6601134444275,-0.39963751547141324
Upper,92,Sugar Maple,2017,15.5,1.0,15.3,0.013071895424836555,normal,39.37,hardwood,349.89820731941523,1284.1264208622538,339.6011111062187,0.03032114995046605
Upper,92,Sugar Maple,2018,15.61,1.0,15.5,0.00709677419354835,normal,39.6494,hardwood,355.63581310485034,1305.1834340948008,349.89820731941523,0.01639792849866578
Upper,92,Sugar Maple,2021,16.9,3.0,15.61,0.027546444586803314,annualized,42.925999999999995,hardwood,426.8922123892106,1566.6944194684029,355.63581310485034,0.06678779869614547
Upper,92,Sugar Maple,2022,16.23,1.0,16.9,-0.03964497041420108,normal,41.2242,hardwood,388.9657908279844,1427.5044523387028,426.8922123892106,-0.08884308605434936
Upper,92,Sugar Maple,2023,17.47,1.0,16.23,0.07640172520024636,normal,44.373799999999996,hardwood,460.7363665677332,1690.9024653035808,388.9657908279844,0.18451642132068252
Upper,92,Sugar Maple,2024,16.74,1.0,17.47,-0.041785918717801976,normal,42.5196,hardwood,417.65372101217423,1532.7891561146794,460.7363665677332,-0.09350823742545919
Upper,92,Sugar Maple,2025,17.0,1.0,16.74,0.01553166069295111,normal,43.18,hardwood,432.7243465602261,1588.0983518760297,417.65372101217423,0.036084020780489
Upper,93,Norway Maple,2015,2.5,,,,initial,6.35,hardwood,5.265514724444983,19.324439038713088,,
Upper,93,Norway Maple,2016,2.7,1.0,2.5,0.08000000000000007,normal,6.8580000000000005,hardwood,6.285147427752522,23.066491059851753,5.265514724444983,0.19364350052501553
Upper,93,Norway Maple,2017,2.94,1.0,2.7,0.0888888888888888,normal,7.4676,hardwood,7.645003200576318,28.05716174611509,6.285147427752522,0.21636020291572722
Upper,93,Norway Maple,2018,2.98,1.0,2.94,0.01360544217687076,normal,7.5692,hardwood,7.886353116635208,28.94291593805121,7.645003200576318,0.031569629171730826
Upper,93,Norway Maple,2021,3.06,3.0,2.98,0.008948545861297548,annualized,7.7724,hardwood,8.381815414795094,30.761262572297994,7.886353116635208,0.02094175811608767
Upper,93,Norway Maple,2022,3.13,1.0,3.06,0.022875816993464,normal,7.9502,hardwood,8.829391782098607,32.40386784030189,8.381815414795094,0.05339849962735731
Upper,93,Norway Maple,2023,3.1,1.0,3.13,-0.009584664536741151,normal,7.8740000000000006,hardwood,8.635961696844225,31.693979427418306,8.829391782098607,-0.021907520928741386
Upper,93,Norway Maple,2024,3.24,1.0,3.1,0.045161290322580684,normal,8.229600000000001,hardwood,9.55943743359867,35.08313538130712,8.635961696844225,0.10693374625456069
Upper,93,Norway Maple,2025,3.0,1.0,3.24,-0.07407407407407414,normal,7.62,hardwood,8.00862018634041,29.391636083869304,9.55943743359867,-0.1622289238284655
Upper,94,Norway Maple,2015,3.1,,,,initial,7.8740000000000006,hardwood,8.635961696844225,31.693979427418306,,
Upper,94,Norway Maple,2016,3.25,1.0,3.1,0.04838709677419352,normal,8.255,hardwood,9.627433818896398,35.332682115349776,8.635961696844225,0.11480737836232865
Upper,94,Norway Maple,2017,3.4,1.0,3.25,0.04615384615384613,normal,8.636,hardwood,10.680223002041938,39.19641841749391,9.627433818896398,0.1093530428720436
Upper,94,Norway Maple,2018,3.86,1.0,3.4,0.13529411764705881,normal,9.8044,hardwood,14.299788442429088,52.48022358371475,10.680223002041938,0.3389035453375019
Upper,94,Norway Maple,2021,3.88,3.0,3.86,0.0017271157167530239,annualized,9.8552,hardwood,14.470774652530535,53.107742974787065,14.299788442429088,0.0039857515093046445
Upper,94,Norway Maple,2022,3.2,1.0,3.88,-0.17525773195876282,normal,8.128,hardwood,9.290172151347615,34.094931795445746,14.470774652530535,-0.35800450394526573
Upper,94,Norway Maple,2023,4.08,1.0,3.2,0.27499999999999997,normal,10.3632,hardwood,16.244157315083008,59.61605734635464,9.290172151347615,0.7485313566257931
Upper,94,Norway Maple,2024,4.16,1.0,4.08,0.01960784313725492,normal,10.5664,hardwood,16.98609200312911,62.33895765148383,16.244157315083008,0.04567394132271794
Upper,94,Norway Maple,2025,4.5,1.0,4.16,0.08173076923076919,normal,11.43,hardwood,20.350148995533267,74.68504681360709,16.98609200312911,0.19804773174338428
Upper,95,Sugar Maple,2015,20.9,,,,initial,53.086,hardwood,695.8494201422396,2553.7673719220193,,
Upper,95,Sugar Maple,2016,21.15,1.0,20.9,0.011961722488038277,normal,53.721,hardwood,715.1426287406039,2624.573447478016,695.8494201422396,0.027726125854097106
Upper,95,Sugar Maple,2017,21.13,1.0,21.15,-0.0009456264775413511,normal,53.6702,hardwood,713.5881917322786,2618.868663657462,715.1426287406039,-0.002173604181675931
Upper,95,Sugar Maple,2018,21.39,1.0,21.13,0.012304779933743567,normal,54.330600000000004,hardwood,733.9451688912202,2693.578769830778,713.5881917322786,0.02852762615020832
Upper,95,Sugar Maple,2021,22.25,3.0,21.39,0.013401901199937656,annualized,56.515,hardwood,803.5961489905495,2949.1978667953167,733.9451688912202,0.03163314420546879
Upper,95,Sugar Maple,2022,21.53,1.0,22.25,-0.0323595505617977,normal,54.68620000000001,hardwood,745.0408410584131,2734.299886684376,803.5961489905495,-0.07286658604037817
Upper,95,Sugar Maple,2023,21.75,1.0,21.53,0.010218300046446764,normal,55.245,hardwood,762.6672763597364,2798.988904240233,745.0408410584131,0.023658347744108948
Upper,95,Sugar Maple,2024,21.56,1.0,21.75,-0.008735632183908104,normal,54.7624,hardwood,747.430733545464,2743.070792111853,762.6672763597364,-0.01997796848843113
Upper,95,Sugar Maple,2025,22.0,1.0,21.56,0.020408163265306183,normal,55.88,hardwood,782.9805565172529,2873.538642418318,747.430733545464,0.04756269895827946
Upper,96,Sugar Maple,2015,3.7,,,,initial,9.398000000000001,hardwood,12.973070463439562,47.61116860082319,,
Upper,96,Sugar Maple,2016,4.13,1.0,3.7,0.11621621621621614,normal,10.4902,hardwood,16.705671239650414,61.309813449517016,12.973070463439562,0.28771914765513606
Upper,96,Sugar Maple,2017,3.94,1.0,4.13,-0.046004842615012094,normal,10.0076,hardwood,14.990638174194913,55.01564209929533,16.705671239650414,-0.1026617273171832
Upper,96,Sugar Maple,2018,3.86,1.0,3.94,-0.0203045685279188,normal,9.8044,hardwood,14.299788442429088,52.48022358371475,14.990638174194913,-0.046085411690815335
Upper,96,Sugar Maple,2021,3.19,3.0,3.86,-0.057858376511226245,annualized,8.1026,hardwood,9.223534629485762,33.850372090212744,14.299788442429088,-0.11832934529953155
Upper,96,Sugar Maple,2022,3.39,1.0,3.19,0.06269592476489035,normal,8.6106,hardwood,10.608112516291202,38.93177293478871,9.223534629485762,0.1501135890333437
Upper,96,Sugar Maple,2023,3.94,1.0,3.39,0.16224188790560465,normal,10.0076,hardwood,14.990638174194913,55.01564209929533,10.608112516291202,0.41312963556649057
Upper,96,Sugar Maple,2024,3.98,1.0,3.94,0.0101522842639594,normal,10.1092,hardwood,15.342985598188186,56.30875714535064,14.990638174194913,0.02350449793390438
Upper,96,Sugar Maple,2025,4.25,1.0,3.98,0.0678391959798995,normal,10.795,hardwood,17.84322495219531,65.48463557455679,15.342985598188186,0.1629565079108444
Upper,97,Norway Maple,2015,4.1,,,,initial,10.414,hardwood,16.427886061758493,60.29034184665367,,
Upper,97,Norway Maple,2016,4.45,1.0,4.1,0.08536585365853672,normal,11.303,hardwood,19.833841435142535,72.7901980669731,16.427886061758493,0.20732767201938204
Upper,97,Norway Maple,2017,4.25,1.0,4.45,-0.04494382022471914,normal,10.795,hardwood,17.84322495219531,65.48463557455679,19.833841435142535,-0.10036464642800645
Upper,97,Norway Maple,2018,4.31,1.0,4.25,0.014117647058823438,normal,10.9474,hardwood,18.427929113453466,67.63049984637422,17.84322495219531,0.03276897325593699
Upper,97,Norway Maple,2021,4.8,3.0,4.31,0.03789636504253675,annualized,12.192,hardwood,23.606611760229864,86.63626516004359,18.427929113453466,0.09367452730568726
Upper,97,Norway Maple,2022,4.0,1.0,4.8,-0.16666666666666663,normal,10.16,hardwood,15.520896100149127,56.961688687547294,23.606611760229864,-0.3425191104173098
Upper,97,Norway Maple,2023,4.69,1.0,4.0,0.1725000000000001,normal,11.912600000000001,hardwood,22.380838318897972,82.13767663035556,15.520896100149127,0.44198106697479494
Upper,97,Norway Maple,2024,5.2,1.0,4.69,0.10874200426439228,normal,13.208,hardwood,28.37830826309261,104.14839132554988,22.380838318897972,0.2679734270333602
Upper,97,Norway Maple,2025,5.0,1.0,5.2,-0.03846153846153849,normal,12.7,hardwood,25.930436145543343,95.16470065414407,28.37830826309261,-0.08625856393042446
Upper,98,Sugar Maple,2015,10.75,,,,initial,27.305,hardwood,150.80588144585377,553.4575849062833,,
Upper,98,Sugar Maple,2016,11.0,1.0,10.75,0.023255813953488372,normal,27.94,hardwood,158.9944583328694,583.5096620816307,150.80588144585377,0.05429878999749567
Upper,98,Sugar Maple,2017,11.19,1.0,11.0,0.017272727272727228,normal,28.4226,hardwood,165.38191279200612,606.9516199466624,158.9944583328694,0.040174069751311624
Upper,98,Sugar Maple,2018,11.34,1.0,11.19,0.013404825737265447,normal,28.8036,hardwood,170.5253058321736,625.8278724040771,165.38191279200612,0.031100094038917645
Upper,98,Sugar Maple,2021,10.8,3.0,11.34,-0.01587301587301585,annualized,27.432000000000002,hardwood,152.42403326727535,559.3962020909005,170.5253058321736,-0.03538335552126796
Upper,98,Sugar Maple,2022,11.37,1.0,10.8,0.05277777777777764,normal,28.8798,hardwood,171.5646783555823,629.642369564987,152.42403326727535,0.1255749810447795
Upper,98,Sugar Maple,2023,12.1,1.0,11.37,0.06420404573438879,normal,30.733999999999998,hardwood,197.96351814207748,726.5261115814243,171.5646783555823,0.15387106506725914
Upper,98,Sugar Maple,2024,19.6,1.0,12.1,0.6198347107438018,normal,49.784000000000006,hardwood,600.2992154145862,2203.0981205715316,197.96351814207748,2.0323729394612715
Upper,98,Sugar Maple,2025,12.5,1.0,19.6,-0.36224489795918374,normal,31.75,hardwood,213.33977932886583,782.9569901369376,600.2992154145862,-0.6446109309312916
