Plot,TreeID,Species,Year,DBH,GapYears,PrevDBH,GrowthRate,GrowthType,DBH_cm,Group,Carbon,CO2e,PrevCarbon,CarbonGrowthRate
Lower,104,Sugar Maple,2015,6.15,,,,initial,15.621,hardwood,41.74376125473302,153.19960380487018,,
Lower,104,Sugar Maple,2016,6.3,1.0,6.15,0.024390243902438935,normal,16.002,hardwood,44.12269949212058,161.93030713608252,41.74376125473302,0.05698907251961699
Lower,104,Sugar Maple,2017,6.3,1.0,6.3,0.0,normal,16.002,hardwood,44.12269949212058,161.93030713608252,44.12269949212058,0.0
Lower,104,Sugar Maple,2018,6.5,1.0,6.3,0.03174603174603177,normal,16.51,hardwood,47.411045443928835,173.99853677921882,44.12269949212058,0.07452730657142782
Lower,104,Sugar Maple,2021,6.5,3.0,6.5,0.0,annualized,16.51,hardwood,47.411045443928835,173.99853677921882,47.411045443928835,0.0
Lower,104,Sugar Maple,2022,6.7,1.0,6.5,0.030769230769230795,normal,17.018,hardwood,50.833598900463016,186.55930796469926,47.411045443928835,0.07218894720602397
Lower,104,Sugar Maple,2023,6.44,1.0,6.7,-0.0388059701492537,normal,16.3576,hardwood,46.41050633300854,170.32655824214135,50.833598900463016,-0.08701120249454121
Lower,104,Sugar Maple,2024,6.91,1.0,6.44,0.07298136645962729,normal,17.5514,hardwood,54.573061824097074,200.28313689443627,46.41050633300854,0.17587732037482812
Lower,104,Sugar Maple,2025,6.8,1.0,6.91,-0.015918958031837963,normal,17.272,hardwood,52.59558752896721,193.02580623130964,54.573061824097074,-0.03623535548552821
Lower,105,Sugar maple,2015,1.9,,,,initial,4.826,hardwood,2.800993453630146,10.279645974822635,,
Lower,105,Sugar maple,2016,1.44,1.0,1.9,-0.24210526315789474,normal,3.6576,hardwood,1.4805140849767895,5.433486691864817,2.800993453630146,-0.4714325079703373
Lower,105,Sugar maple,2017,1.56,1.0,1.44,0.08333333333333341,normal,3.9624,hardwood,1.7797761711023588,6.531778547945657,1.4805140849767895,0.2021339000839434
Lower,105,Sugar maple,2018,1.5,1.0,1.56,-0.03846153846153849,normal,3.81,hardwood,1.6262552344654801,5.968356710488312,1.7797761711023588,-0.0862585639304243
Lower,105,Sugar maple,2021,1.5,3.0,1.5,0.0,annualized,3.81,hardwood,1.6262552344654801,5.968356710488312,1.6262552344654801,0.0
Lower,105,Sugar maple,2022,1.5,1.0,1.5,0.0,normal,3.81,hardwood,1.6262552344654801,5.968356710488312,1.6262552344654801,0.0
Lower,105,Sugar maple,2023,1.55,1.0,1.5,0.03333333333333336,normal,3.9370000000000003,hardwood,1.7536451457755964,6.435877684996439,1.6262552344654801,0.07833328287609596
Lower,105,Sugar maple,2024,1.52,1.0,1.55,-0.019354838709677438,normal,3.8608000000000002,hardwood,1.676559859116108,6.152974682956116,1.7536451457755964,-0.043957175056299896
Lower,105,Sugar maple,2025,1.5,1.0,1.52,-0.013157894736842117,normal,3.81,hardwood,1.6262552344654801,5.968356710488312,1.676559859116108,-0.03000466960788903
Lower,106,beech,2015,2.1,,,,initial,5.3340000000000005,hardwood,3.5260071571740457,12.940446266828747,,
Lower,106,beech,2016,2.5,1.0,2.1,0.19047619047619044,normal,6.35,hardwood,5.265514724444983,19.324439038713088,3.5260071571740457,0.4933363687965634
Lower,106,beech,2017,2.3,1.0,2.5,-0.08000000000000007,normal,5.842,hardwood,4.346631614612262,15.952138025627,5.265514724444983,-0.17450964585985024
Lower,106,beech,2018,2.3,1.0,2.3,0.0,normal,5.842,hardwood,4.346631614612262,15.952138025627,4.346631614612262,0.0
Lower,106,beech,2021,2.6,3.0,2.3,0.04347826086956526,annualized,6.604,hardwood,5.762587222808233,21.148695107706214,4.346631614612262,0.10858642843007378
Lower,106,beech,2022,2.48,1.0,2.6,-0.04615384615384619,normal,6.2992,hardwood,5.16913265435467,18.97071684148164,5.762587222808233,-0.10298404961311104
Lower,106,beech,2023,2.7,1.0,2.48,0.08870967741935491,normal,6.8580000000000005,hardwood,6.285147427752522,23.066491059851753,5.16913265435467,0.2158998129904209
Lower,106,beech,2024,2.69,1.0,2.7,-0.003703703703703789,normal,6.8326,hardwood,6.231736128169562,22.87047159038229,6.285147427752522,-0.008498018574253075
Lower,106,beech,2025,1.5,1.0,2.69,-0.4423791821561338,normal,3.81,hardwood,1.6262552344654801,5.968356710488312,6.231736128169562,-0.7390365700636369
Lower,108,black birch ,2015,2.8,,,,initial,7.111999999999999,hardwood,6.833485601954647,25.078892159173552,,
Lower,108,black birch ,2016,2.9,1.0,2.8,0.03571428571428575,normal,7.366,hardwood,7.4078845743540365,27.186936387879314,6.833485601954647,0.08405651315561258
Lower,108,black birch ,2017,2.9,1.0,2.9,0.0,normal,7.366,hardwood,7.4078845743540365,27.186936387879314,7.4078845743540365,0.0
Lower,108,black birch ,2018,2.9,1.0,2.9,0.0,normal,7.366,hardwood,7.4078845743540365,27.186936387879314,7.4078845743540365,0.0
Lower,108,black birch ,2021,3.2,3.0,2.9,0.03448275862068969,annualized,8.128,hardwood,9.290172151347615,34.094931795445746,7.4078845743540365,0.08469748496127243
Lower,108,black birch ,2022,3.16,1.0,3.2,-0.012500000000000011,normal,8.0264,hardwood,9.025247109530362,33.122656891976426,9.290172151347615,-0.028516698883650285
Lower,108,black birch ,2023,3.25,1.0,3.16,0.028481012658227802,normal,8.255,hardwood,9.627433818896398,35.332682115349776,9.025247109530362,0.06672246222822494
Lower,108,black birch ,2024,3.24,1.0,3.25,-0.0030769230769230114,normal,8.229600000000001,hardwood,9.55943743359867,35.08313538130712,9.627433818896398,-0.0070627735881462015
Lower,108,black birch ,2025,3.25,1.0,3.24,0.0030864197530863537,normal,8.255,hardwood,9.627433818896398,35.332682115349776,9.55943743359867,0.007113011175609485
Lower,109,Black Birch ,2015,2.2,,,,initial,5.588000000000001,hardwood,3.9241985910482433,14.401808829147052,,
Lower,109,Black Birch ,2016,2.2,1.0,2.2,0.0,normal,5.588000000000001,hardwood,3.9241985910482433,14.401808829147052,3.9241985910482433,0.0
Lower,109,Black Birch ,2017,2.3,1.0,2.2,0.04545454545454529,normal,5.842,hardwood,4.346631614612262,15.952138025627,3.9241985910482433,0.1076482277241675
Lower,109,Black Birch ,2018,2.31,1.0,2.3,0.004347826086956622,normal,5.8674,hardwood,4.390220823715434,16.11211042303564,4.346631614612262,0.010028273147564711
Lower,109,Black Birch ,2021,2.5,3.0,2.31,0.02741702741702741,annualized,6.35,hardwood,5.265514724444983,19.324439038713088,4.390220823715434,0.06645784922718227
Lower,109,Black Birch ,2022,2.6,1.0,2.5,0.040000000000000036,normal,6.604,hardwood,5.762587222808233,21.148695107706214,5.265514724444983,0.09440150191881666
Lower,109,Black Birch ,2023,0.8,1.0,2.6,-0.6923076923076923,normal,2.032,hardwood,0.3830767389420381,1.4058916319172798,5.762587222808233,-0.9335234810111288
Lower,109,Black Birch ,2024,2.64,1.0,0.8,2.3,normal,6.7056000000000004,hardwood,5.968536353260353,21.904528416465496,0.3830767389420381,14.580524073959577
Lower,109,Black Birch ,2025,2.69,1.0,2.64,0.01893939393939387,normal,6.8326,hardwood,6.231736128169562,22.87047159038229,5.968536353260353,0.044097875815975275
Lower,110,red oak,2015,25.6,,,,initial,65.024,hardwood,1109.5087506257664,4071.8971147965626,,
Lower,110,red oak,2016,26.1,1.0,25.6,0.01953125,normal,66.29400000000001,hardwood,1159.983945455524,4257.141079821773,1109.5087506257664,0.045493282320927544
Lower,110,red oak,2017,26.63,1.0,26.1,0.02030651340996159,normal,67.6402,hardwood,1214.8775156442618,4458.600482414441,1159.983945455524,0.04732269821819061
Lower,110,red oak,2018,26.13,1.0,26.63,-0.01877581674802854,normal,66.3702,hardwood,1163.052861098469,4268.404000231381,1214.8775156442618,-0.04265833705738611
Lower,110,red oak,2021,27.0,3.0,26.13,0.011098354381936484,annualized,68.58,hardwood,1254.0517806618188,4602.3700350288755,1163.052861098469,0.026080476822983492
Lower,110,red oak,2022,27.25,1.0,27.0,0.009259259259259259,normal,69.215,hardwood,1280.9193220590444,4700.973911956693,1254.0517806618188,0.02142458693615213
Lower,110,red oak,2023,27.0,1.0,27.25,-0.009174311926605505,normal,68.58,hardwood,1254.0517806618188,4602.3700350288755,1280.9193220590444,-0.02097520189955184
Lower,110,red oak,2024,27.18,1.0,27.0,0.006666666666666656,normal,69.0372,hardwood,1273.3639548910248,4673.245714450061,1254.0517806618188,0.015399822022511783
Lower,110,red oak,2025,25.61,1.0,27.18,-0.05776306107431936,normal,65.0494,hardwood,1110.505828003705,4075.556388773597,1273.3639548910248,-0.1278959768428952
Lower,112,sugar maple,2015,2.63,,,,initial,6.6802,hardwood,5.916665719450596,21.714163190383687,,
Lower,112,sugar maple,2016,2.75,1.0,2.63,0.045627376425855556,normal,6.985,hardwood,6.556076423102267,24.06080047278532,5.916665719450596,0.10806943200283499
Lower,112,sugar maple,2017,2.75,1.0,2.75,0.0,normal,6.985,hardwood,6.556076423102267,24.06080047278532,6.556076423102267,0.0
Lower,112,sugar maple,2018,2.75,1.0,2.75,0.0,normal,6.985,hardwood,6.556076423102267,24.06080047278532,6.556076423102267,0.0
Lower,112,sugar maple,2021,2.9,3.0,2.75,0.01818181818181817,annualized,7.366,hardwood,7.4078845743540365,27.186936387879314,6.556076423102267,0.04330883780071937
Lower,112,sugar maple,2022,3.0,1.0,2.9,0.03448275862068969,normal,7.62,hardwood,8.00862018634041,29.391636083869304,7.4078845743540365,0.0810940837369564
Lower,112,sugar maple,2023,1.5,1.0,3.0,-0.5,normal,3.81,hardwood,1.6262552344654801,5.968356710488312,8.00862018634041,-0.796936900910941
Lower,112,sugar maple,2024,2.98,1.0,1.5,0.9866666666666667,normal,7.5692,hardwood,7.886353116635208,28.94291593805121,1.6262552344654801,3.8493944551251853
Lower,112,sugar maple,2025,3.06,1.0,2.98,0.02684563758389264,normal,7.7724,hardwood,8.381815414795094,30.761262572297994,7.886353116635208,0.06282527434826302
Lower,113,sugar maple,2015,3.1,,,,initial,7.8740000000000006,hardwood,8.635961696844225,31.693979427418306,,
Lower,113,sugar maple,2016,3.13,1.0,3.1,0.009677419354838646,normal,7.9502,hardwood,8.829391782098607,32.40386784030189,8.635961696844225,0.022398210187183454
Lower,113,sugar maple,2017,3.19,1.0,3.13,0.019169329073482445,normal,8.1026,hardwood,9.223534629485762,33.850372090212744,8.829391782098607,0.044639863890315795
Lower,113,sugar maple,2018,3.2,1.0,3.19,0.0031347962382445864,normal,8.128,hardwood,9.290172151347615,34.094931795445746,9.223534629485762,0.007224727237303013
Lower,113,sugar maple,2021,3.4,3.0,3.2,0.0208333333333333,annualized,8.636,hardwood,10.680223002041938,39.19641841749391,9.290172151347615,0.04987531727251808
Lower,113,sugar maple,2022,3.5,1.0,3.4,0.02941176470588238,normal,8.89,hardwood,11.416561318986751,41.89878004068138,10.680223002041938,0.06894409571822928
Lower,113,sugar maple,2023,3.25,1.0,3.5,-0.07142857142857142,normal,8.255,hardwood,9.627433818896398,35.332682115349776,11.416561318986751,-0.15671334389584335
Lower,113,sugar maple,2024,3.63,1.0,3.25,0.1169230769230769,normal,9.2202,hardwood,12.415495281481684,45.56486768303778,9.627433818896398,0.2895954950230844
Lower,113,sugar maple,2025,3.7,1.0,3.63,0.01928374655647391,normal,9.398000000000001,hardwood,12.973070463439562,47.61116860082319,12.415495281481684,0.044909620544057435
Lower,115,black birch,2015,2.2,,,,initial,5.588000000000001,hardwood,3.9241985910482433,14.401808829147052,,
Lower,115,black birch,2016,2.06,1.0,2.2,-0.06363636363636369,normal,5.2324,hardwood,3.373443326628323,12.380537008725945,3.9241985910482433,-0.14034846902913772
Lower,115,black birch,2017,2.19,1.0,2.06,0.0631067961165048,normal,5.5626,hardwood,3.883294035697568,14.251689111010073,3.373443326628323,0.1511365864796752
Lower,115,black birch,2018,2.19,1.0,2.19,0.0,normal,5.5626,hardwood,3.883294035697568,14.251689111010073,3.883294035697568,0.0
Lower,115,black birch,2021,2.4,3.0,2.19,0.031963470319634694,annualized,6.096,hardwood,4.7936317430245,17.592628496899916,3.883294035697568,0.0781413664926874
Lower,115,black birch,2022,2.28,1.0,2.4,-0.050000000000000044,normal,5.7912,hardwood,4.260189912756195,15.634896979815235,4.7936317430245,-0.11128135385963858
Lower,115,black birch,2023,2.75,1.0,2.28,0.2061403508771931,normal,6.985,hardwood,6.556076423102267,24.06080047278532,4.260189912756195,0.5389164702426877
Lower,115,black birch,2024,2.59,1.0,2.75,-0.05818181818181823,normal,6.5786,hardwood,5.711737882467078,20.962078028654176,6.556076423102267,-0.12878717179987606
Lower,115,black birch,2025,2.7,1.0,2.59,0.042471042471042594,normal,6.8580000000000005,hardwood,6.285147427752522,23.066491059851753,5.711737882467078,0.10039143200979135
Lower,116,White Pine ,2015,16.38,,,,initial,41.605199999999996,softwood,279.131624933016,1024.4130635041686,,
Lower,116,White Pine ,2016,15.75,1.0,16.38,-0.0384615384615384,normal,40.005,softwood,253.06127716671728,928.7348872018524,279.131624933016,-0.09339804392481463
Lower,116,White Pine ,2017,15.46,1.0,15.75,-0.01841269841269836,normal,39.2684,softwood,241.57279502820973,886.5721577535297,253.06127716671728,-0.04539802480700718
Lower,116,White Pine ,2018,15.6,1.0,15.46,0.00905562742561441,normal,39.624,softwood,247.07897789965807,906.7798488917451,241.57279502820973,0.022793058592567757
Lower,116,White Pine ,2021,16.2,3.0,15.6,0.012820512820512813,annualized,41.147999999999996,softwood,271.5262593065246,996.5013716549453,247.07897789965807,0.03298173673681899
Lower,116,White Pine ,2022,16.45,1.0,16.2,0.0154320987654321,normal,41.783,softwood,282.1233654720551,1035.3927512824423,271.5262593065246,0.03902792382805051
Lower,116,White Pine ,2023,16.0,1.0,16.45,-0.02735562310030391,normal,40.64,softwood,263.2232559608457,966.0293493763036,282.1233654720551,-0.06699235804019764
Lower,116,White Pine ,2024,16.35,1.0,16.0,0.02187500000000009,normal,41.529,softwood,277.8553047890694,1019.7289685758847,263.2232559608457,0.05558797901352698
Lower,116,White Pine ,2025,16.5,1.0,16.35,0.009174311926605417,normal,41.910000000000004,softwood,284.2720495869805,1043.2784219842183,277.8553047890694,0.02309383584661902
Lower,117,red oak,2015,27.56,,,,initial,70.0024,hardwood,1314.6828634654687,4824.88610891827,,
Lower,117,red oak,2016,27.31,1.0,27.56,-0.009071117561683599,normal,69.3674,hardwood,1287.4154655294385,4724.814758493039,1314.6828634654687,-0.020740665824268877
Lower,117,red oak,2017,27.7,1.0,27.31,0.014280483339436125,normal,70.358,hardwood,1330.09383488044,4881.444374011215,1287.4154655294385,0.03315042462492897
Lower,117,red oak,2018,27.95,1.0,27.7,0.009025270758122744,normal,70.993,hardwood,1357.866205415417,4983.36897387458,1330.09383488044,0.02088000846757807
Lower,117,red oak,2021,28.8,3.0,27.95,0.010137149672033411,annualized,73.152,hardwood,1454.7271137821333,5338.848507580429,1357.866205415417,0.023777725174104647
Lower,117,red oak,2022,29.0,1.0,28.8,0.00694444444444442,normal,73.66,hardwood,1478.0672924847881,5424.506963419172,1454.7271137821333,0.016044369065187008
Lower,117,red oak,2023,29.0,1.0,29.0,0.0,normal,73.66,hardwood,1478.0672924847881,5424.506963419172,1478.0672924847881,0.0
Lower,117,red oak,2024,28.31,1.0,29.0,-0.023793103448275905,normal,71.9074,hardwood,1398.429288407053,5132.2354884538845,1478.0672924847881,-0.05387982298414517
Lower,117,red oak,2025,29.6,1.0,28.31,0.04556693747792309,normal,75.18400000000001,hardwood,1549.3507512218632,5686.117256984238,1398.429288407053,0.10792212667880005
Lower,118,black birch,2015,2.0,,,,initial,5.08,hardwood,3.1517212627355704,11.566817034239543,,
Lower,118,black birch,2016,1.5,1.0,2.0,-0.25,normal,3.81,hardwood,1.6262552344654801,5.968356710488312,3.1517212627355704,-0.48401045051364905
Lower,118,black birch,2017,1.5,1.0,1.5,0.0,normal,3.81,hardwood,1.6262552344654801,5.968356710488312,1.6262552344654801,0.0
Lower,118,black birch,2018,1.5,1.0,1.5,0.0,normal,3.81,hardwood,1.6262552344654801,5.968356710488312,1.6262552344654801,0.0
Lower,118,black birch,2021,1.6,3.0,1.5,0.02222222222222224,annualized,4.064,hardwood,1.8864911481235163,6.923422513613304,1.6262552344654801,0.05334052288612019
Lower,118,black birch,2022,1.56,1.0,1.6,-0.025000000000000022,normal,3.9624,hardwood,1.7797761711023588,6.531778547945657,1.8864911481235163,-0.056567971245084496
Lower,118,black birch,2023,1.6,1.0,1.56,0.025641025641025664,normal,4.064,hardwood,1.8864911481235163,6.923422513613304,1.7797761711023588,0.05995977401757229
Lower,118,black birch,2024,1.54,1.0,1.6,-0.03750000000000003,normal,3.9116,hardwood,1.7277323679063363,6.340777790216254,1.8864911481235163,-0.0841555924474369
Lower,119,pignut hickory,2015,2.25,,,,initial,5.715,hardwood,4.132364321957084,15.165777061582498,,
Lower,119,pignut hickory,2016,2.13,1.0,2.25,-0.05333333333333338,normal,5.4102,hardwood,3.64293900305432,13.369586141209354,4.132364321957084,-0.11843711753637748
Lower,119,pignut hickory,2017,2.13,1.0,2.13,0.0,normal,5.4102,hardwood,3.64293900305432,13.369586141209354,3.64293900305432,0.0
Lower,119,pignut hickory,2018,2.13,1.0,2.13,0.0,normal,5.4102,hardwood,3.64293900305432,13.369586141209354,3.64293900305432,0.0
Lower,119,pignut hickory,2021,2.1,3.0,2.13,-0.0046948356807511435,annualized,5.3340000000000005,hardwood,3.5260071571740457,12.940446266828747,3.64293900305432,-0.010699405597352043
Lower,119,pignut hickory,2022,2.4,1.0,2.1,0.14285714285714277,normal,6.096,hardwood,4.7936317430245,17.592628496899916,3.5260071571740457,0.3595070938161127
Lower,119,pignut hickory,2023,2.2,1.0,2.4,-0.08333333333333323,normal,5.588000000000001,hardwood,3.9241985910482433,14.401808829147052,4.7936317430245,-0.18137253727122885
Lower,119,pignut hickory,2024,2.07,1.0,2.2,-0.05909090909090924,normal,5.2578,hardwood,3.411226887568473,12.519202677376295,3.9241985910482433,-0.13072011815353712
Lower,119,pignut hickory,2025,2.1,1.0,2.07,0.014492753623188527,normal,5.3340000000000005,hardwood,3.5260071571740457,12.940446266828747,3.411226887568473,0.0336477969330818
Lower,120,mockernut hickory,2015,3.75,,,,initial,9.525,hardwood,13.379834064723505,49.103991017535265,,
Lower,120,mockernut hickory,2016,3.88,1.0,3.75,0.03466666666666664,normal,9.8552,hardwood,14.470774652530535,53.107742974787065,13.379834064723505,0.08153618217757574
Lower,120,mockernut hickory,2017,3.94,1.0,3.88,0.01546391752577321,normal,10.0076,hardwood,14.990638174194913,55.01564209929533,14.470774652530535,0.035925065115534
Lower,120,mockernut hickory,2018,4.0,1.0,3.94,0.0152284263959391,normal,10.16,hardwood,15.520896100149127,56.961688687547294,14.990638174194913,0.03537260520816296
Lower,120,mockernut hickory,2021,3.9,3.0,4.0,-0.00833333333333334,annualized,9.906,hardwood,14.642910495857947,53.739481519798666,15.520896100149127,-0.01885599041502816
Lower,120,mockernut hickory,2022,4.0,1.0,3.9,0.025641025641025664,normal,10.16,hardwood,15.520896100149127,56.961688687547294,14.642910495857947,0.059959774017572263
Lower,120,mockernut hickory,2023,4.0,1.0,4.0,0.0,normal,10.16,hardwood,15.520896100149127,56.961688687547294,15.520896100149127,0.0
Lower,120,mockernut hickory,2024,4.04,1.0,4.0,0.010000000000000009,normal,10.2616,hardwood,15.880199400746585,58.280331800739965,15.520896100149127,0.02314964923926051
Lower,120,mockernut hickory,2025,4.1,1.0,4.04,0.014851485148514755,normal,10.414,hardwood,16.427886061758493,60.29034184665367,15.880199400746585,0.034488651382183426
Lower,121,Musclewood,2015,1.69,,,,initial,4.2926,hardwood,2.1395292698437465,7.852072420326549,,
Lower,121,Musclewood,2016,1.75,1.0,1.69,0.03550295857988169,normal,4.445,hardwood,2.3182823223737237,8.508096123111565,2.1395292698437465,0.08354784159743318
Lower,121,Musclewood,2017,1.69,1.0,1.75,-0.034285714285714315,normal,4.2926,hardwood,2.1395292698437465,7.852072420326549,2.3182823223737237,-0.07710581701151449
Lower,121,Musclewood,2018,1.13,1.0,1.69,-0.33136094674556216,normal,2.8701999999999996,hardwood,0.8477332775894633,3.11118112875333,2.1395292698437465,-0.6037757980046823
Lower,121,Musclewood,2021,1.7,3.0,1.13,0.16814159292035402,annualized,4.318,hardwood,2.1687591817568883,7.95934619704778,0.8477332775894633,0.5194345670939384
Lower,121,Musclewood,2022,1.48,1.0,1.7,-0.12941176470588234,normal,3.7592,hardwood,1.5768150521300262,5.7869112413171955,2.1687591817568883,-0.27294138261461315
Lower,121,Musclewood,2023,1.72,1.0,1.48,0.16216216216216217,normal,4.3688,hardwood,2.227892541155202,8.176365626039592,1.5768150521300262,0.41290669323943474
Lower,121,Musclewood,2024,1.62,1.0,1.72,-0.05813953488372085,normal,4.114800000000001,hardwood,1.9411689908145058,7.124090196289236,2.227892541155202,-0.12869720825584574
Lower,121,Musclewood,2025,1.71,1.0,1.62,0.05555555555555546,normal,4.3434,hardwood,2.198213473809366,8.067443448880374,1.9411689908145058,0.1324173651089519
Lower,122,white pine,2015,11.8,,,,initial,29.972,softwood,122.95022235269694,451.22731603439775,,
Lower,122,white pine,2016,11.2,1.0,11.8,-0.05084745762711876,normal,28.447999999999997,softwood,107.91190439512755,396.0366891301181,122.95022235269694,-0.12231224693868577
Lower,122,white pine,2017,14.3,1.0,11.2,0.2767857142857144,normal,36.322,softwood,198.7762045482033,729.5086706919061,107.91190439512755,0.842022950687343
Lower,122,white pine,2018,11.75,1.0,14.3,-0.17832167832167836,normal,29.845,softwood,121.65191973828348,446.4625454395004,198.7762045482033,-0.3879955600581817
Lower,122,white pine,2021,11.8,3.0,11.75,0.001418439716312077,annualized,29.972,softwood,122.95022235269694,451.22731603439775,121.65191973828348,0.003557424651159277
Lower,122,white pine,2022,11.8,1.0,11.8,0.0,normal,29.972,softwood,122.95022235269694,451.22731603439775,122.95022235269694,0.0
Lower,122,white pine,2023,11.95,1.0,11.8,0.01271186440677954,normal,30.352999999999998,softwood,126.89486949682156,465.70417105333513,122.95022235269694,0.032083285972504705
Lower,122,white pine,2024,12.0,1.0,11.95,0.004184100418410101,normal,30.48,softwood,128.22638992253212,470.59085101569286,126.89486949682156,0.010493098980206735
Lower,122,white pine,2025,12.4,1.0,12.0,0.03333333333333336,normal,31.496000000000002,softwood,139.18053870738586,510.7925770561061,128.22638992253212,0.08542819299109711
Lower,123,black birch,2015,2.19,,,,initial,5.5626,hardwood,3.883294035697568,14.251689111010073,,
Lower,123,black birch,2016,2.13,1.0,2.19,-0.02739726027397263,normal,5.4102,hardwood,3.64293900305432,13.369586141209354,3.883294035697568,-0.06189462616885565
Lower,123,black birch,2017,2.2,1.0,2.13,0.03286384976525835,normal,5.588000000000001,hardwood,3.9241985910482433,14.401808829147052,3.64293900305432,0.07720677940479076
Lower,123,black birch,2018,2.4,1.0,2.2,0.09090909090909079,normal,6.096,hardwood,4.7936317430245,17.592628496899916,3.9241985910482433,0.2215568686965996
Lower,123,black birch,2021,2.5,3.0,2.4,0.013888888888888902,annualized,6.35,hardwood,5.265514724444983,19.324439038713088,4.7936317430245,0.032813185403540696
Lower,123,black birch,2022,2.32,1.0,2.5,-0.07200000000000006,normal,5.892799999999999,hardwood,4.434056031880801,16.272985637002538,5.265514724444983,-0.15790644145465235
Lower,123,black birch,2023,2.55,1.0,2.32,0.09913793103448276,normal,6.476999999999999,hardwood,5.510883455237382,20.22494228072119,4.434056031880801,0.2428538150204252
Lower,123,black birch,2024,2.6,1.0,2.55,0.01960784313725501,normal,6.604,hardwood,5.762587222808233,21.148695107706214,5.510883455237382,0.04567394132271831
Lower,123,black birch,2025,2.72,1.0,2.6,0.04615384615384619,normal,6.9088,hardwood,6.392743670437877,23.46136927050701,5.762587222808233,0.10935304287204439
Lower,125,musclewood,2015,1.51,,,,initial,3.8354,hardwood,1.651299275639427,6.0602683415966965,,
Lower,125,musclewood,2016,1.7,1.0,1.51,0.1258278145695364,normal,4.318,hardwood,2.1687591817568883,7.95934619704778,1.651299275639427,0.3133653080039578
Lower,125,musclewood,2017,3.06,1.0,1.7,0.8,normal,7.7724,hardwood,8.381815414795094,30.761262572297994,2.1687591817568883,2.86479766186169
Lower,125,musclewood,2018,2.5,1.0,3.06,-0.18300653594771243,normal,6.35,hardwood,5.265514724444983,19.324439038713088,8.381815414795094,-0.3717930467484882
Lower,125,musclewood,2021,1.5,3.0,2.5,-0.13333333333333333,annualized,3.81,hardwood,1.6262552344654801,5.968356710488312,5.265514724444983,-0.2303832692800419
Lower,125,musclewood,2022,1.52,1.0,1.5,0.013333333333333345,normal,3.8608000000000002,hardwood,1.676559859116108,6.152974682956116,1.6262552344654801,0.030932797991676864
Lower,125,musclewood,2023,1.5,1.0,1.52,-0.013157894736842117,normal,3.81,hardwood,1.6262552344654801,5.968356710488312,1.676559859116108,-0.03000466960788903
Lower,125,musclewood,2024,1.5,1.0,1.5,0.0,normal,3.81,hardwood,1.6262552344654801,5.968356710488312,1.6262552344654801,0.0
Lower,125,musclewood,2025,1.5,1.0,1.5,0.0,normal,3.81,hardwood,1.6262552344654801,5.968356710488312,1.6262552344654801,0.0
Lower,126,Sugar maple,2015,6.93,,,,initial,17.6022,hardwood,54.93703939730396,201.61893458810553,,
Lower,126,Sugar maple,2016,6.69,1.0,6.93,-0.034632034632034535,normal,16.9926,hardwood,50.65926477032057,185.91950170707648,54.93703939730396,-0.07786685765948512
Lower,126,Sugar maple,2017,6.8,1.0,6.69,0.01644245142002981,normal,17.272,hardwood,52.59558752896721,193.02580623130964,50.65926477032057,0.03822248047668195
Lower,126,Sugar maple,2018,6.6,1.0,6.8,-0.02941176470588238,normal,16.764,hardwood,49.10546900846182,180.21707126105485,52.59558752896721,-0.06635762968867294
Lower,126,Sugar maple,2021,6.9,3.0,6.6,0.01515151515151519,annualized,17.526,hardwood,54.39158571878679,199.6171195879475,49.10546900846182,0.035882742574722695
Lower,126,Sugar maple,2022,7.0,1.0,6.9,0.014492753623188354,normal,17.78,hardwood,56.22174274992082,206.33379589220942,54.39158571878679,0.033647796933081404
Lower,126,Sugar maple,2023,6.94,1.0,7.0,-0.008571428571428516,normal,17.6276,hardwood,55.11954116163407,202.28871606319703,56.22174274992082,-0.019604543266996215
Lower,126,Sugar maple,2024,6.88,1.0,6.94,-0.008645533141210446,normal,17.4752,hardwood,54.02965812854221,198.2888453317499,55.11954116163407,-0.019773078841419513
Lower,126,Sugar maple,2025,6.91,1.0,6.88,0.004360465116279106,normal,17.5514,hardwood,54.573061824097074,200.28313689443627,54.02965812854221,0.010057507568566335
Lower,127,Black Birch,2015,4.97,,,,initial,12.6238,hardwood,25.573990864581543,93.85654647301426,,
Lower,127,Black Birch,2016,5.1,1.0,4.97,0.026156941649899377,normal,12.953999999999999,hardwood,27.138773514041727,99.59929879653313,25.573990864581543,0.061186486604533644
Lower,127,Black Birch,2017,5.13,1.0,5.1,0.00588235294117652,normal,13.0302,hardwood,27.507349872243513,100.95197403113369,27.138773514041727,0.013581172266723198
Lower,127,Black Birch,2018,5.2,1.0,5.13,0.013645224171540018,normal,13.208,hardwood,28.37830826309261,104.14839132554988,27.507349872243513,0.03166275176977131
Lower,127,Black Birch,2021,5.5,3.0,5.2,0.019230769230769218,annualized,13.97,hardwood,32.285907447058705,118.48928033070544,28.37830826309261,0.045898897469375935
Lower,127,Black Birch,2022,5.63,1.0,5.5,0.02363636363636362,normal,14.3002,hardwood,34.068116192315905,125.02998642579936,32.285907447058705,0.055200825566994016
Lower,127,Black Birch,2023,5.81,1.0,5.63,0.03197158081705146,normal,14.757399999999999,hardwood,36.62552984209612,134.41569452049276,34.068116192315905,0.07506765667181337
Lower,127,Black Birch,2024,6.0,1.0,5.81,0.0327022375215147,normal,15.24,hardwood,39.43907200405727,144.7413942548902,36.62552984209612,0.07681915248983957
Lower,127,Black Birch,2025,5.7,1.0,6.0,-0.04999999999999997,normal,14.478000000000002,hardwood,35.05023867647802,128.63437594267432,39.43907200405727,-0.11128135385963842
Lower,128,black birch,2015,8.6,,,,initial,21.843999999999998,hardwood,90.26621858864445,331.27702222032514,,
Lower,128,black birch,2016,9.19,1.0,8.6,0.06860465116279069,normal,23.342599999999997,hardwood,105.14884045645721,385.89624447519793,90.26621858864445,0.16487476821904892
Lower,128,black birch,2017,9.58,1.0,9.19,0.04243743199129495,normal,24.3332,hardwood,115.69630324562613,424.60543291144785,105.14884045645721,0.10030983454864334
Lower,128,black birch,2018,8.8,1.0,9.58,-0.08141962421711893,normal,22.352000000000004,hardwood,95.16756503565735,349.2649636808625,115.69630324562613,-0.177436423066913
Lower,128,black birch,2021,9.0,3.0,8.8,0.007575757575757548,annualized,22.86,hardwood,100.21588898634975,367.7923125799036,95.16756503565735,0.01768222870470943
Lower,128,black birch,2022,9.12,1.0,9.0,0.013333333333333246,normal,23.1648,hardwood,103.31584683592081,379.1691578878294,100.21588898634975,0.030932797991676704
Lower,128,black birch,2023,9.19,1.0,9.12,0.00767543859649126,normal,23.342599999999997,hardwood,105.14884045645721,385.89624447519793,103.31584683592081,0.017741650256687485
Lower,128,black birch,2024,9.35,1.0,9.19,0.0174102285092492,normal,23.749,hardwood,109.40710253627654,401.5240663081349,105.14884045645721,0.0404974706457434
Lower,128,black birch,2025,9.63,1.0,9.35,0.029946524064171247,normal,24.460200000000004,hardwood,117.08985602934408,429.71977162769275,109.40710253627654,0.07022170695472112
Lower,129,musclewood,2015,4.25,,,,initial,10.795,hardwood,17.84322495219531,65.48463557455679,,
Lower,129,musclewood,2016,4.13,1.0,4.25,-0.028235294117647084,normal,10.4902,hardwood,16.705671239650414,61.309813449517016,17.84322495219531,-0.06375269692516763
Lower,129,musclewood,2017,4.19,1.0,4.13,0.014527845036319733,normal,10.642600000000002,hardwood,17.269154081094413,63.377795477616495,16.705671239650414,0.033730032954712386
Lower,129,musclewood,2018,4.2,1.0,4.19,0.002386634844868684,normal,10.668000000000001,hardwood,17.36409605187606,63.726232510385145,17.269154081094413,0.00549777773339727
Lower,129,musclewood,2021,4.2,3.0,4.2,0.0,annualized,10.668000000000001,hardwood,17.36409605187606,63.726232510385145,17.36409605187606,0.0
Lower,129,musclewood,2022,4.3,1.0,4.2,0.023809523809523725,normal,10.921999999999999,hardwood,18.32973808966056,67.27013878905424,17.36409605187606,0.05561141996102744
Lower,129,musclewood,2023,4.19,1.0,4.3,-0.025581395348837077,normal,10.642600000000002,hardwood,17.269154081094413,63.377795477616495,18.32973808966056,-0.05786138369125961
Lower,129,musclewood,2024,5.22,1.0,4.19,0.24582338902147954,normal,13.258799999999999,hardwood,28.629974982304752,105.07200818505844,17.269154081094413,0.6578678288386873
Lower,129,musclewood,2025,8.61,1.0,5.22,0.6494252873563218,normal,21.8694,hardwood,90.50781072500678,332.16366536077487,28.629974982304752,2.161295487716866
Lower,130,muscle wood,2015,6.29,,,,initial,15.9766,hardwood,43.961782791184234,161.33974284364615,,
Lower,130,muscle wood,2016,6.2,1.0,6.29,-0.014308426073131934,normal,15.748000000000001,hardwood,42.52846398772181,156.07946283493902,43.961782791184234,-0.03260374608260551
Lower,130,muscle wood,2017,10.69,1.0,6.2,0.7241935483870966,normal,27.1526,hardwood,148.8769742197109,546.378495386339,42.52846398772181,2.5006431048789457
Lower,130,muscle wood,2018,11.7,1.0,10.69,0.09448082319925162,normal,29.718,hardwood,183.23409757811444,672.46913811168,148.8769742197109,0.2307752662120854
Lower,130,muscle wood,2021,11.1,3.0,11.7,-0.017094017094017085,annualized,28.194,hardwood,162.33855010300397,595.7824788780246,183.23409757811444,-0.038012480121142125
Lower,130,muscle wood,2022,11.0,1.0,11.1,-0.009009009009008978,normal,27.94,hardwood,158.9944583328694,583.5096620816307,162.33855010300397,-0.020599492652932556
Lower,130,muscle wood,2023,4.0,1.0,11.0,-0.6363636363636364,normal,10.16,hardwood,15.520896100149127,56.961688687547294,158.9944583328694,-0.9023808989137552
Lower,130,muscle wood,2024,9.67,1.0,4.0,1.4175,normal,24.5618,hardwood,118.211492875464,433.83617885295286,15.520896100149127,6.616280149850898
Lower,130,muscle wood,2025,9.28,1.0,9.67,-0.04033092037228548,normal,23.571199999999997,hardwood,107.5323549497134,394.64374266544814,118.211492875464,-0.09033925269010094
Lower,131,Muscle Wood,2015,4.27,,,,initial,10.845799999999999,hardwood,18.036942640435605,66.19557949039867,,
Lower,131,Muscle Wood,2016,4.25,1.0,4.27,-0.00468384074941442,normal,10.795,hardwood,17.84322495219531,65.48463557455679,18.036942640435605,-0.01074005124382965
Lower,131,Muscle Wood,2017,4.31,1.0,4.25,0.014117647058823438,normal,10.9474,hardwood,18.427929113453466,67.63049984637422,17.84322495219531,0.03276897325593699
Lower,131,Muscle Wood,2018,6.65,1.0,4.31,0.5429234338747102,normal,16.891000000000002,hardwood,49.965311100361326,183.37269173832607,18.427929113453466,1.7113904548223884
Lower,131,Muscle Wood,2021,4.3,3.0,6.65,-0.11779448621553885,annualized,10.921999999999999,hardwood,18.32973808966056,67.27013878905424,49.965311100361326,-0.21105024208466633
Lower,131,Muscle Wood,2022,4.36,1.0,4.3,0.01395348837209314,normal,11.0744,hardwood,18.923337578591394,69.44864891343042,18.32973808966056,0.032384504679075166
Lower,131,Muscle Wood,2023,4.49,1.0,4.36,0.029816513761467864,normal,11.4046,hardwood,20.246287328861506,74.30387449692172,18.923337578591394,0.06991101568503484
Lower,131,Muscle Wood,2024,4.33,1.0,4.49,-0.03563474387527843,normal,10.9982,hardwood,18.62520121239461,68.35448844948822,20.246287328861506,-0.08006831524889023
Lower,131,Muscle Wood,2025,6.9,1.0,4.33,0.5935334872979215,normal,17.526,hardwood,54.39158571878679,199.6171195879475,18.62520121239461,1.9203220463782449
Lower,132,black birch,2015,3.75,,,,initial,9.525,hardwood,13.379834064723505,49.103991017535265,,
Lower,132,black birch,2016,3.56,1.0,3.75,-0.05066666666666665,normal,9.0424,hardwood,11.87172442660931,43.56922864565617,13.379834064723505,-0.11271512268529471
Lower,132,black birch,2017,3.13,1.0,3.56,-0.12078651685393263,normal,7.9502,hardwood,8.829391782098607,32.40386784030189,11.87172442660931,-0.25626712137047347
Lower,132,black birch,2018,3.8,1.0,3.13,0.21405750798722042,normal,9.652,hardwood,13.793709769009748,50.62291485226577,8.829391782098607,0.5622491457425395
Lower,132,black birch,2021,4.0,3.0,3.8,0.017543859649122823,annualized,10.16,hardwood,15.520896100149127,56.961688687547294,13.793709769009748,0.04173850158424721
Lower,132,black birch,2022,4.2,1.0,4.0,0.050000000000000044,normal,10.668000000000001,hardwood,17.36409605187606,63.726232510385145,15.520896100149127,0.11875602670320203
Lower,132,black birch,2023,4.13,1.0,4.2,-0.016666666666666732,normal,10.4902,hardwood,16.705671239650414,61.309813449517016,17.36409605187606,-0.037918749715422646
Lower,132,black birch,2024,4.16,1.0,4.13,0.0072639225181598665,normal,10.5664,hardwood,16.98609200312911,62.33895765148383,16.705671239650414,0.01678596205180457
Lower,132,black birch,2025,4.2,1.0,4.16,0.009615384615384623,normal,10.668000000000001,hardwood,17.36409605187606,63.726232510385145,16.98609200312911,0.022253738451276355
Lower,133,black birch,2015,4.1,,,,initial,10.414,hardwood,16.427886061758493,60.29034184665367,,
Lower,133,black birch,2016,4.13,1.0,4.1,0.0073170731707317685,normal,10.4902,hardwood,16.705671239650414,61.309813449517016,16.427886061758493,0.016909368426809405
Lower,133,black birch,2017,4.13,1.0,4.13,0.0,normal,10.4902,hardwood,16.705671239650414,61.309813449517016,16.705671239650414,0.0
Lower,133,black birch,2018,4.13,1.0,4.13,0.0,normal,10.4902,hardwood,16.705671239650414,61.309813449517016,16.705671239650414,0.0
Lower,133,black birch,2021,4.44,3.0,4.13,0.025020177562550483,annualized,11.277600000000001,hardwood,19.731479148654344,72.41452847556144,16.705671239650414,0.06037486443171197
Lower,133,black birch,2022,4.24,1.0,4.44,-0.045045045045045085,normal,10.7696,hardwood,17.74680926749679,65.13079001171322,19.731479148654344,-0.10058393829501149
Lower,133,black birch,2023,4.5,1.0,4.24,0.06132075471698108,normal,11.43,hardwood,20.350148995533267,74.68504681360709,17.74680926749679,0.1466933964746262
Lower,133,black birch,2024,4.6,1.0,4.5,0.022222222222222143,normal,11.684,hardwood,21.405324916793116,78.55754244463074,20.350148995533267,0.051851016987219785
Lower,133,black birch,2025,4.68,1.0,4.6,0.017391304347826105,normal,11.8872,hardwood,22.271233624983306,81.73542740368873,21.405324916793116,0.04045295792314084
Lower,135,white pine,2015,4.88,,,,initial,12.395199999999999,softwood,13.52302513432544,49.62950224297436,,
Lower,135,white pine,2016,4.7,1.0,4.88,-0.03688524590163929,normal,11.938,softwood,12.31030873935906,45.17883307344775,13.52302513432544,-0.08967789255143413
Lower,135,white pine,2017,4.7,1.0,4.7,0.0,normal,11.938,softwood,12.31030873935906,45.17883307344775,12.31030873935906,0.0
Lower,135,white pine,2018,4.6,1.0,4.7,-0.021276595744680965,normal,11.684,softwood,11.665916925174011,42.81391511538862,12.31030873935906,-0.05234570698659823
Lower,135,white pine,2021,4.7,3.0,4.6,0.007246376811594242,annualized,11.938,softwood,12.31030873935906,45.17883307344775,11.665916925174011,0.018412377935891424
Lower,135,white pine,2022,4.72,1.0,4.7,0.004255319148936079,normal,11.9888,softwood,12.441687726677387,45.660993956906005,12.31030873935906,0.01067227395347736
Lower,135,white pine,2023,4.75,1.0,4.72,0.006355932203389884,normal,12.065,softwood,12.640327441669523,46.39000171092715,12.441687726677387,0.01596565669834444
Lower,135,white pine,2024,4.69,1.0,4.75,-0.01263157894736834,normal,11.912600000000001,softwood,12.244932826606302,44.93890347364513,12.640327441669523,-0.031280409221028684
Lower,135,white pine,2025,4.7,1.0,4.69,0.0021321961620468627,normal,11.938,softwood,12.31030873935906,45.17883307344775,12.244932826606302,0.005339017671922765
Lower,138,shagbark hickory,2015,16.5,,,,initial,41.910000000000004,hardwood,404.0097846139097,1482.7159095330485,,
Lower,138,shagbark hickory,2016,16.75,1.0,16.5,0.015151515151515152,normal,42.545,hardwood,418.2277810927123,1534.8959566102542,404.0097846139097,0.0351922082589905
Lower,138,shagbark hickory,2017,16.06,1.0,16.75,-0.04119402985074635,normal,40.7924,hardwood,379.6588743684705,1393.3480689322867,418.2277810927123,-0.09221985833526417
Lower,138,shagbark hickory,2018,15.9,1.0,16.06,-0.0099626400996263,normal,40.386,hardwood,371.0156229671586,1361.6273362894722,379.6588743684705,-0.022765835292772183
Lower,138,shagbark hickory,2021,16.9,3.0,15.9,0.02096436058700206,annualized,42.925999999999995,hardwood,426.8922123892106,1566.6944194684029,371.0156229671586,0.05020147038120644
Lower,138,shagbark hickory,2022,16.16,1.0,16.9,-0.04378698224852062,normal,41.0464,hardwood,385.1181009792015,1413.3834305936693,426.8922123892106,-0.09785634452362044
Lower,138,shagbark hickory,2023,16.5,1.0,16.16,0.02103960396039603,normal,41.910000000000004,hardwood,404.0097846139097,1482.7159095330485,385.1181009792015,0.049054260463671305
Lower,138,shagbark hickory,2024,16.63,1.0,16.5,0.007878787878787818,normal,42.2402,hardwood,411.3684542661663,1509.7222271568303,404.0097846139097,0.018214087709011496
Lower,138,shagbark hickory,2025,17.15,1.0,16.63,0.031268791340950064,normal,43.561,hardwood,441.5565156997868,1620.5124126182175,411.3684542661663,0.07338448323042306
Lower,140,black birch,2015,3.2,,,,initial,8.128,hardwood,9.290172151347615,34.094931795445746,,
Lower,140,black birch,2016,3.2,1.0,3.2,0.0,normal,8.128,hardwood,9.290172151347615,34.094931795445746,9.290172151347615,0.0
Lower,140,black birch,2017,3.18,1.0,3.2,-0.0062500000000000056,normal,8.077200000000001,hardwood,9.15716811875587,33.60680699583404,9.290172151347615,-0.014316638101528887
Lower,140,black birch,2018,3.3,1.0,3.18,0.03773584905660367,normal,8.382,hardwood,9.971508719079994,36.595436999023576,9.15716811875587,0.08892930541006207
Lower,140,black birch,2021,3.5,3.0,3.3,0.020202020202020225,annualized,8.89,hardwood,11.416561318986751,41.89878004068138,9.971508719079994,0.04830605012130612
Lower,140,black birch,2022,3.28,1.0,3.5,-0.06285714285714292,normal,8.331199999999999,hardwood,9.833059161770562,36.08732712369796,11.416561318986751,-0.1387021987595061
Lower,140,black birch,2023,3.44,1.0,3.28,0.04878048780487809,normal,8.7376,hardwood,10.971429822304144,40.26514744785621,9.833059161770562,0.11576973572572345
Lower,140,black birch,2024,3.43,1.0,3.44,-0.0029069767441859845,normal,8.712200000000001,hardwood,10.898212899657127,39.99644134174165,10.971429822304144,-0.006673416667914342
Lower,140,black birch,2025,3.54,1.0,3.43,0.032069970845481015,normal,8.9916,hardwood,11.71888558893186,43.00831011137993,10.898212899657127,0.07530341871927947
Lower,141,Muscle Wood,2015,2.35,,,,initial,5.969,hardwood,4.567040835923054,16.761039867837606,,
Lower,141,Muscle Wood,2016,2.38,1.0,2.35,0.012765957446808427,normal,6.0451999999999995,hardwood,4.702251058134278,17.2572613833528,4.567040835923054,0.02960565212110628
Lower,141,Muscle Wood,2017,2.3,1.0,2.38,-0.033613445378151294,normal,5.842,hardwood,4.346631614612262,15.952138025627,4.702251058134278,-0.07562748971194154
Lower,141,Muscle Wood,2018,2.4,1.0,2.3,0.04347826086956526,normal,6.096,hardwood,4.7936317430245,17.592628496899916,4.346631614612262,0.10283828215612713
Lower,141,Muscle Wood,2021,2.38,3.0,2.4,-0.0027777777777777805,annualized,6.0451999999999995,hardwood,4.702251058134278,17.2572613833528,4.7936317430245,-0.006354311288318116
Lower,141,Muscle Wood,2022,2.44,1.0,2.38,0.02521008403361347,normal,6.1975999999999996,hardwood,4.979381623436866,18.274330558013297,4.702251058134278,0.0589357228859969
Lower,141,Muscle Wood,2023,2.31,1.0,2.44,-0.05327868852459012,normal,5.8674,hardwood,4.390220823715434,16.11211042303564,4.979381623436866,-0.11832007351040945
Lower,141,Muscle Wood,2024,2.35,1.0,2.31,0.01731601731601733,normal,5.969,hardwood,4.567040835923054,16.761039867837606,4.390220823715434,0.04027588117036392
Lower,141,Muscle Wood,2025,2.28,1.0,2.35,-0.02978723404255331,normal,5.7912,hardwood,4.260189912756195,15.634896979815235,4.567040835923054,-0.06718812775950163
Lower,143,black birch,2015,3.6,,,,initial,9.144,hardwood,12.180764967060203,44.70340742911094,,
Lower,143,black birch,2016,1.9,1.0,3.6,-0.47222222222222227,normal,4.826,hardwood,2.800993453630146,10.279645974822635,12.180764967060203,-0.7700478203787099
Lower,143,black birch,2017,1.93,1.0,1.9,0.01578947368421054,normal,4.9022,hardwood,2.9037593574375573,10.656796841795835,2.800993453630146,0.03668909103454869
Lower,143,black birch,2018,1.94,1.0,1.93,0.005181347150259072,normal,4.9276,hardwood,2.9384803471622503,10.784222874085458,2.9037593574375573,0.011957254527914025
Lower,143,black birch,2021,2.0,3.0,1.94,0.010309278350515472,annualized,5.08,hardwood,3.1517212627355704,11.566817034239543,2.9384803471622503,0.024189477823035436
Lower,143,black birch,2022,4.0,1.0,2.0,1.0,normal,10.16,hardwood,15.520896100149127,56.961688687547294,3.1517212627355704,3.924577653379664
Lower,143,black birch,2023,2.1,1.0,4.0,-0.475,normal,5.3340000000000005,hardwood,3.5260071571740457,12.940446266828747,15.520896100149127,-0.7728219340930857
Lower,143,black birch,2024,2.12,1.0,2.1,0.009523809523809532,normal,5.3848,hardwood,3.603722088800329,13.225660065897207,3.5260071571740457,0.022040491740966554
Lower,143,black birch,2025,2.24,1.0,2.12,0.05660377358490571,normal,5.6896,hardwood,4.090244353565643,15.011196777585909,3.603722088800329,0.13500548954019806
Lower,144,Yellow birch,2015,4.1,,,,initial,10.414,hardwood,16.427886061758493,60.29034184665367,,
Lower,144,Yellow birch,2016,4.06,1.0,4.1,-0.009756097560975618,normal,10.312399999999998,hardwood,16.061595667839168,58.94605610096974,16.427886061758493,-0.02229686720143444
Lower,144,Yellow birch,2017,4.06,1.0,4.06,0.0,normal,10.312399999999998,hardwood,16.061595667839168,58.94605610096974,16.061595667839168,0.0
Lower,144,Yellow birch,2018,4.13,1.0,4.06,0.0172413793103449,normal,10.4902,hardwood,16.705671239650414,61.309813449517016,16.061595667839168,0.04010034775691103
Lower,144,Yellow birch,2021,4.4,3.0,4.13,0.021791767554479455,annualized,11.176000000000002,hardwood,19.325020688900146,70.92282592826353,16.705671239650414,0.052264675304451585
Lower,144,Yellow birch,2022,4.5,1.0,4.4,0.022727272727272645,normal,11.43,hardwood,20.350148995533267,74.68504681360709,19.325020688900146,0.053046686114128286
Lower,144,Yellow birch,2023,11.38,1.0,4.5,1.528888888888889,normal,28.9052,hardwood,171.91192933554603,630.9167806614539,20.350148995533267,7.4476988042337995
Lower,144,Yellow birch,2024,5.53,1.0,11.38,-0.5140597539543058,normal,14.0462,hardwood,32.69238566976858,119.9810554080507,171.91192933554603,-0.8098306161990771
Lower,144,Yellow birch,2025,4.55,1.0,5.53,-0.17721518987341778,normal,11.557,hardwood,20.87396850827397,76.60746442536546,32.69238566976858,-0.36150366268385803
Lower,145,Red oak,2015,21.0,,,,initial,53.34,hardwood,703.530920301992,2581.9584775083104,,
Lower,145,Red oak,2016,21.44,1.0,21.0,0.020952380952381014,normal,54.457600000000006,hardwood,737.8971075305403,2708.082384637083,703.530920301992,0.04884815469630904
Lower,145,Red oak,2017,22.83,1.0,21.44,0.06483208955223867,normal,57.9882,hardwood,852.5942669996115,3129.020959888574,737.8971075305403,0.1554378764986879
Lower,145,Red oak,2018,21.38,1.0,22.83,-0.06351292159439331,normal,54.3052,hardwood,733.1562203451687,2690.683328666769,852.5942669996115,-0.14008779002791164
Lower,145,Red oak,2021,21.7,3.0,21.38,0.004989086373557846,annualized,55.118,hardwood,758.6408068940879,2784.2117613013024,733.1562203451687,0.011586701370376014
Lower,145,Red oak,2022,22.0,1.0,21.7,0.013824884792626762,normal,55.88,hardwood,782.9805565172529,2873.538642418318,758.6408068940879,0.032083364619961814
Lower,145,Red oak,2023,22.5,1.0,22.0,0.022727272727272728,normal,57.15,hardwood,824.5150803322892,3025.9703448195014,782.9805565172529,0.053046686114128445
Lower,145,Red oak,2024,22.75,1.0,22.5,0.011111111111111112,normal,57.785000000000004,hardwood,845.7383690522796,3103.8598144218663,824.5150803322892,0.025740328134977387
Lower,145,Red oak,2025,23.76,1.0,22.75,0.044395604395604464,normal,60.35040000000001,hardwood,934.5996523242784,3429.9807240301016,845.7383690522796,0.10506947127345691
Lower,146,Dogwood,2015,1.83,,,,initial,4.6482,hardwood,2.569308880597804,9.42936359179394,,
Lower,146,Dogwood,2016,2.84,1.0,1.83,0.5519125683060108,normal,7.2136,hardwood,7.0601022960266056,25.91057542641764,2.569308880597804,1.7478604652562926
Lower,146,Dogwood,2017,2.7,1.0,2.84,-0.04929577464788722,normal,6.8580000000000005,hardwood,6.285147427752522,23.066491059851753,7.0601022960266056,-0.1097653880610519
Lower,146,Dogwood,2018,3.1,1.0,2.7,0.1481481481481481,normal,7.8740000000000006,hardwood,8.635961696844225,31.693979427418306,6.285147427752522,0.3740269096491696
Lower,146,Dogwood,2021,3.25,3.0,3.1,0.016129032258064505,annualized,8.255,hardwood,9.627433818896398,35.332682115349776,8.635961696844225,0.03826912612077622
Lower,146,Dogwood,2022,3.3,1.0,3.25,0.01538461538461533,normal,8.382,hardwood,9.971508719079994,36.595436999023576,9.627433818896398,0.035739004459138184
Lower,146,Dogwood,2023,1.86,1.0,3.3,-0.4363636363636363,normal,4.7244,hardwood,2.667218429555652,9.788691636469244,9.971508719079994,-0.7325160610397843
Lower,146,Dogwood,2024,3.2,1.0,1.86,0.7204301075268817,normal,8.128,hardwood,9.290172151347615,34.094931795445746,2.667218429555652,2.483093866030058
Lower,146,Dogwood,2025,1.16,1.0,3.2,-0.6375,normal,2.9463999999999997,hardwood,0.9003931593682505,3.304442894881479,9.290172151347615,-0.9030811114476881
Lower,148,black birch,2015,3.25,,,,initial,8.255,hardwood,9.627433818896398,35.332682115349776,,
Lower,148,black birch,2016,3.19,1.0,3.25,-0.018461538461538477,normal,8.1026,hardwood,9.223534629485762,33.850372090212744,9.627433818896398,-0.0419529437447678
Lower,148,black birch,2017,3.3,1.0,3.19,0.03448275862068962,normal,8.382,hardwood,9.971508719079994,36.595436999023576,9.223534629485762,0.081094083736956
Lower,148,black birch,2018,3.34,1.0,3.3,0.012121212121212133,normal,8.4836,hardwood,10.25169519715391,37.62372137355485,9.971508719079994,0.028098704616062144
Lower,148,black birch,2021,3.5,3.0,3.34,0.015968063872255505,annualized,8.89,hardwood,11.416561318986751,41.89878004068138,10.25169519715391,0.03787556104725107
Lower,148,black birch,2022,3.6,1.0,3.5,0.0285714285714286,normal,9.144,hardwood,12.180764967060203,44.70340742911094,11.416561318986751,0.06693816349083263
Lower,148,black birch,2023,3.6,1.0,3.6,0.0,normal,9.144,hardwood,12.180764967060203,44.70340742911094,12.180764967060203,0.0
Lower,148,black birch,2024,3.62,1.0,3.6,0.00555555555555556,normal,9.1948,hardwood,12.336970431472965,45.27668148350578,12.180764967060203,0.012823945362641883
Lower,148,black birch,2025,3.24,1.0,3.62,-0.1049723756906077,normal,8.229600000000001,hardwood,9.55943743359867,35.08313538130712,12.336970431472965,-0.2251389847533802
Lower,149,black birch,2015,11.23,,,,initial,28.5242,hardwood,166.74478151605862,611.9533481639352,,
Lower,149,black birch,2016,11.19,1.0,11.23,-0.0035618878005343655,normal,28.4226,hardwood,165.38191279200612,606.9516199466624,166.74478151605862,-0.00817338156949308
Lower,149,black birch,2017,11.3,1.0,11.19,0.009830205540661413,normal,28.702,hardwood,169.14502619193084,620.7622461243861,165.38191279200612,0.02275408076007338
Lower,149,black birch,2018,11.19,1.0,11.3,-0.009734513274336389,normal,28.4226,hardwood,165.38191279200612,606.9516199466624,169.14502619193084,-0.022247851353634666
Lower,149,black birch,2021,11.6,3.0,11.19,0.012213285671730715,annualized,29.464,hardwood,179.65205395432386,659.3230380123686,165.38191279200612,0.02876199483044376
Lower,149,black birch,2022,11.8,1.0,11.6,0.01724137931034492,normal,29.972,hardwood,186.8561637931355,685.7621211208073,179.65205395432386,0.04010034775691049
Lower,149,black birch,2023,11.38,1.0,11.8,-0.035593220338983045,normal,28.9052,hardwood,171.91192933554603,630.9167806614539,186.8561637931355,-0.07997720896236479
Lower,149,black birch,2024,11.94,1.0,11.38,0.04920913884007018,normal,30.3276,hardwood,191.99448914430434,704.6197751595969,171.91192933554603,0.11681888445077125
Lower,150,black birch,2015,2.88,,,,initial,7.3152,hardwood,7.29090657839054,26.75762714269328,,
Lower,150,black birch,2016,2.9,1.0,2.88,0.006944444444444451,normal,7.366,hardwood,7.4078845743540365,27.186936387879314,7.29090657839054,0.016044369065186907
Lower,150,black birch,2017,3.0,1.0,2.9,0.03448275862068969,normal,7.62,hardwood,8.00862018634041,29.391636083869304,7.4078845743540365,0.0810940837369564
Lower,150,black birch,2018,3.1,1.0,3.0,0.03333333333333336,normal,7.8740000000000006,hardwood,8.635961696844225,31.693979427418306,8.00862018634041,0.07833328287609584
Lower,150,black birch,2021,3.3,3.0,3.1,0.021505376344085992,annualized,8.382,hardwood,9.971508719079994,36.595436999023576,8.635961696844225,0.05154982807623336
Lower,150,black birch,2022,3.4,1.0,3.3,0.03030303030303033,normal,8.636,hardwood,10.680223002041938,39.19641841749391,9.971508719079994,0.07107392701827098
Lower,150,black birch,2023,3.5,1.0,3.4,0.02941176470588238,normal,8.89,hardwood,11.416561318986751,41.89878004068138,10.680223002041938,0.06894409571822928
Lower,150,black birch,2024,3.51,1.0,3.5,0.0028571428571427964,normal,8.9154,hardwood,11.491723804660406,42.17462636310369,11.416561318986751,0.006583636138199769
Lower,150,black birch,2025,3.56,1.0,3.51,0.014245014245014322,normal,9.0424,hardwood,11.87172442660931,43.56922864565617,11.491723804660406,0.0330673298809006
Lower,151,red oak,2015,18.7,,,,initial,47.498,hardwood,538.783772271165,1977.3364442351756,,
Lower,151,red oak,2016,18.5,1.0,18.7,-0.010695187165775364,normal,46.99,hardwood,525.6223056483336,1929.0338617293844,538.783772271165,-0.02442810511413729
Lower,151,red oak,2017,18.9,1.0,18.5,0.021621621621621546,normal,48.006,hardwood,552.1295118505296,2026.3153084914438,525.6223056483336,0.05043013950768406
Lower,151,red oak,2018,18.8,1.0,18.9,-0.005291005291005179,normal,47.752,hardwood,545.4335710223421,2001.7412056519954,552.1295118505296,-0.012127482202038551
Lower,151,red oak,2021,29.2,3.0,18.8,0.18439716312056734,annualized,74.16799999999999,hardwood,1501.6176694050903,5510.936846716681,545.4335710223421,0.5843571971502166
Lower,151,red oak,2022,29.16,1.0,29.2,-0.0013698630136986009,normal,74.0664,hardwood,1496.890757308802,5493.589079323303,1501.6176694050903,-0.003147879911509694
Lower,151,red oak,2023,19.56,1.0,29.16,-0.32921810699588483,normal,49.682399999999994,hardwood,597.4852214468093,2192.7707627097902,1496.890757308802,-0.6008491477888451
Lower,151,red oak,2024,19.68,1.0,19.56,0.0061349693251534256,normal,49.9872,hardwood,605.949634760807,2223.835159572162,597.4852214468093,0.014166732515159418
Lower,151,red oak,2025,20.0,1.0,19.68,0.016260162601626032,normal,50.8,hardwood,628.851066282241,2307.8834132558245,605.949634760807,0.03779428224339822
Lower,153,black birch,2015,1.9,,,,initial,4.826,hardwood,2.800993453630146,10.279645974822635,,
Lower,153,black birch,2016,1.94,1.0,1.9,0.02105263157894739,normal,4.9276,hardwood,2.9384803471622503,10.784222874085458,2.800993453630146,0.04908504636236062
Lower,153,black birch,2017,1.94,1.0,1.94,0.0,normal,4.9276,hardwood,2.9384803471622503,10.784222874085458,2.9384803471622503,0.0
Lower,153,black birch,2018,2.0,1.0,1.94,0.03092783505154642,normal,5.08,hardwood,3.1517212627355704,11.566817034239543,2.9384803471622503,0.0725684334691063
Lower,153,black birch,2021,2.0,3.0,2.0,0.0,annualized,5.08,hardwood,3.1517212627355704,11.566817034239543,3.1517212627355704,0.0
Lower,153,black birch,2022,4.5,1.0,2.0,1.25,normal,11.43,hardwood,20.350148995533267,74.68504681360709,3.1517212627355704,5.4568365344180645
Lower,153,black birch,2023,2.22,1.0,4.5,-0.5066666666666666,normal,5.638800000000001,hardwood,4.006735305536897,14.704718571320411,20.350148995533267,-0.803110271751998
Lower,153,black birch,2024,2.19,1.0,2.22,-0.013513513513513624,normal,5.5626,hardwood,3.883294035697568,14.251689111010073,4.006735305536897,-0.030808441393357346
Lower,153,black birch,2025,2.15,1.0,2.19,-0.018264840182648418,normal,5.460999999999999,hardwood,3.722093421977239,13.660082858656468,3.883294035697568,-0.04151130772959144
Lower,154,black birch,2015,1.81,,,,initial,4.5974,hardwood,2.5051834491849845,9.194023258508892,,
Lower,154,black birch,2016,1.81,1.0,1.81,0.0,normal,4.5974,hardwood,2.5051834491849845,9.194023258508892,2.5051834491849845,0.0
Lower,154,black birch,2017,1.8,1.0,1.81,-0.005524861878453044,normal,4.572,hardwood,2.473463883486683,9.077612452396126,2.5051834491849845,-0.012661574029087868
Lower,154,black birch,2018,1.8,1.0,1.8,0.0,normal,4.572,hardwood,2.473463883486683,9.077612452396126,2.473463883486683,0.0
Lower,154,black birch,2021,1.8,3.0,1.8,0.0,annualized,4.572,hardwood,2.473463883486683,9.077612452396126,2.473463883486683,0.0
Lower,154,black birch,2022,4.5,1.0,1.8,1.5,normal,11.43,hardwood,20.350148995533267,74.68504681360709,2.473463883486683,7.227388777088982
Lower,154,black birch,2023,1.9,1.0,4.5,-0.5777777777777778,normal,4.826,hardwood,2.800993453630146,10.279645974822635,20.350148995533267,-0.8623600517988863
Lower,154,black birch,2024,1.9,1.0,1.9,0.0,normal,4.826,hardwood,2.800993453630146,10.279645974822635,2.800993453630146,0.0
Lower,154,black birch,2025,2.0,1.0,1.9,0.052631578947368474,normal,5.08,hardwood,3.1517212627355704,11.566817034239543,2.800993453630146,0.12521550475274187
Lower,157,black birch,2015,2.25,,,,initial,5.715,hardwood,4.132364321957084,15.165777061582498,,
Lower,157,black birch,2016,2.25,1.0,2.25,0.0,normal,5.715,hardwood,4.132364321957084,15.165777061582498,4.132364321957084,0.0
Lower,157,black birch,2017,2.31,1.0,2.25,0.02666666666666669,normal,5.8674,hardwood,4.390220823715434,16.11211042303564,4.132364321957084,0.06239926629611138
Lower,157,black birch,2018,2.4,1.0,2.31,0.0389610389610389,normal,6.096,hardwood,4.7936317430245,17.592628496899916,4.390220823715434,0.0918885257729839
Lower,157,black birch,2021,2.5,3.0,2.4,0.013888888888888902,annualized,6.35,hardwood,5.265514724444983,19.324439038713088,4.7936317430245,0.032813185403540696
Lower,157,black birch,2022,6.25,1.0,2.5,1.5,normal,15.875,hardwood,43.32143674949544,158.98967287064826,5.265514724444983,7.227388777088983
Lower,157,black birch,2023,2.55,1.0,6.25,-0.5920000000000001,normal,6.476999999999999,hardwood,5.510883455237382,20.22494228072119,43.32143674949544,-0.8727908428544543
Lower,157,black birch,2024,2.52,1.0,2.55,-0.011764705882352865,normal,6.4008,hardwood,5.362904402304434,19.68185915645727,5.510883455237382,-0.02685214705317587
Lower,157,black birch,2025,2.56,1.0,2.52,0.015873015873015886,normal,6.502400000000001,hardwood,5.560716214113794,20.40782850579762,5.362904402304434,0.036885201929827506
Lower,160,Red maple,2015,2.29,,,,initial,5.8166,hardwood,4.303288084606035,15.79306727050415,,
Lower,160,Red maple,2016,2.25,1.0,2.29,-0.01746724890829696,normal,5.715,hardwood,4.132364321957084,15.165777061582498,4.303288084606035,-0.039719340022897696
Lower,160,Red maple,2017,2.25,1.0,2.25,0.0,normal,5.715,hardwood,4.132364321957084,15.165777061582498,4.132364321957084,0.0
Lower,160,Red maple,2018,2.25,1.0,2.25,0.0,normal,5.715,hardwood,4.132364321957084,15.165777061582498,4.132364321957084,0.0
Lower,160,Red maple,2021,2.2,3.0,2.25,-0.007407407407407381,annualized,5.588000000000001,hardwood,3.9241985910482433,14.401808829147052,4.132364321957084,-0.01679149551285236
Lower,160,Red maple,2022,5.8,1.0,2.2,1.636363636363636,normal,14.732,hardwood,36.480702833679814,133.8841793996049,3.9241985910482433,8.296344715300195
Lower,160,Red maple,2023,2.29,1.0,5.8,-0.6051724137931034,normal,5.8166,hardwood,4.303288084606035,15.79306727050415,36.480702833679814,-0.882039331746834
Lower,160,Red maple,2024,2.23,1.0,2.29,-0.026200873362445438,normal,5.6642,hardwood,4.0483681237414775,14.857511014131221,4.303288084606035,-0.05923841394130035
Lower,160,Red maple,2025,2.29,1.0,2.23,0.02690582959641258,normal,5.8166,hardwood,4.303288084606035,15.79306727050415,4.0483681237414775,0.06296857229202821
Lower,161,black birch,2015,3.06,,,,initial,7.7724,hardwood,8.381815414795094,30.761262572297994,,
Lower,161,black birch,2016,3.1,1.0,3.06,0.013071895424836612,normal,7.8740000000000006,hardwood,8.635961696844225,31.693979427418306,8.381815414795094,0.030321149950466208
Lower,161,black birch,2017,3.1,1.0,3.1,0.0,normal,7.8740000000000006,hardwood,8.635961696844225,31.693979427418306,8.635961696844225,0.0
Lower,161,black birch,2018,3.2,1.0,3.1,0.03225806451612906,normal,8.128,hardwood,9.290172151347615,34.094931795445746,8.635961696844225,0.07575420983426243
Lower,161,black birch,2021,3.2,3.0,3.2,0.0,annualized,8.128,hardwood,9.290172151347615,34.094931795445746,9.290172151347615,0.0
Lower,161,black birch,2022,8.5,1.0,3.2,1.6562499999999998,normal,21.59,hardwood,87.87034686380746,322.48417299017336,9.290172151347615,8.458419653833987
Lower,161,black birch,2023,3.35,1.0,8.5,-0.6058823529411765,normal,8.509,hardwood,10.322428130578198,37.88331123922198,87.87034686380746,-0.8825266031261125
Lower,161,black birch,2024,3.5,1.0,3.35,0.044776119402985044,normal,8.89,hardwood,11.416561318986751,41.89878004068138,10.322428130578198,0.1059957186979482
Lower,161,black birch,2025,3.5,1.0,3.5,0.0,normal,8.89,hardwood,11.416561318986751,41.89878004068138,11.416561318986751,0.0
Lower,163,Muscle Wood,2015,1.88,,,,initial,4.7752,hardwood,2.7336434258813203,10.032471372984444,,
Lower,163,Muscle Wood,2016,2.81,1.0,1.88,0.4946808510638299,normal,7.1374,hardwood,6.889748158522879,25.285375741778967,2.7336434258813203,1.5203536398686088
Lower,163,Muscle Wood,2017,6.88,1.0,2.81,1.4483985765124556,normal,17.4752,hardwood,54.02965812854221,198.2888453317499,6.889748158522879,6.842036731299892
Lower,163,Muscle Wood,2018,2.9,1.0,6.88,-0.5784883720930233,normal,7.366,hardwood,7.4078845743540365,27.186936387879314,54.02965812854221,-0.8628922552733925
Lower,163,Muscle Wood,2021,3.0,3.0,2.9,0.01149425287356323,annualized,7.62,hardwood,8.00862018634041,29.391636083869304,7.4078845743540365,0.02703136124565213
Lower,163,Muscle Wood,2022,3.14,1.0,3.0,0.04666666666666671,normal,7.9756,hardwood,8.894407075707047,32.642473967844865,8.00862018634041,0.11060418258783761
Lower,163,Muscle Wood,2023,1.5,1.0,3.14,-0.5222929936305732,normal,3.81,hardwood,1.6262552344654801,5.968356710488312,8.894407075707047,-0.8171597925951457
Lower,163,Muscle Wood,2024,2.98,1.0,1.5,0.9866666666666667,normal,7.5692,hardwood,7.886353116635208,28.94291593805121,1.6262552344654801,3.8493944551251853
Lower,163,Muscle Wood,2025,2.98,1.0,2.98,0.0,normal,7.5692,hardwood,7.886353116635208,28.94291593805121,7.886353116635208,0.0
Lower,164,black birch,2015,3.3,,,,initial,8.382,hardwood,9.971508719079994,36.595436999023576,,
Lower,164,black birch,2016,3.38,1.0,3.3,0.024242424242424267,normal,8.5852,hardwood,10.536278031024223,38.6681403738589,9.971508719079994,0.05663830096879626
Lower,164,black birch,2017,3.5,1.0,3.38,0.03550295857988169,normal,8.89,hardwood,11.416561318986751,41.89878004068138,10.536278031024223,0.08354784159743336
Lower,164,black birch,2018,3.5,1.0,3.5,0.0,normal,8.89,hardwood,11.416561318986751,41.89878004068138,11.416561318986751,0.0
Lower,164,black birch,2021,3.7,3.0,3.5,0.019047619047619063,annualized,9.398000000000001,hardwood,12.973070463439562,47.61116860082319,11.416561318986751,0.045445941819749126
Lower,164,black birch,2022,3.8,1.0,3.7,0.02702702702702693,normal,9.652,hardwood,13.793709769009748,50.62291485226577,12.973070463439562,0.06325713776726138
Lower,164,black birch,2023,4.0,1.0,3.8,0.052631578947368474,normal,10.16,hardwood,15.520896100149127,56.961688687547294,13.793709769009748,0.12521550475274162
Lower,164,black birch,2024,4.01,1.0,4.0,0.0024999999999999467,normal,10.1854,hardwood,15.610286312337914,57.28975076628014,15.520896100149127,0.005759346084916348
Lower,164,black birch,2025,4.25,1.0,4.01,0.05985037406483796,normal,10.795,hardwood,17.84322495219531,65.48463557455679,15.610286312337914,0.14304277289856926
Lower,165,black birch,2015,3.25,,,,initial,8.255,hardwood,9.627433818896398,35.332682115349776,,
Lower,165,black birch,2016,3.3,1.0,3.25,0.01538461538461533,normal,8.382,hardwood,9.971508719079994,36.595436999023576,9.627433818896398,0.035739004459138184
Lower,165,black birch,2017,3.38,1.0,3.3,0.024242424242424267,normal,8.5852,hardwood,10.536278031024223,38.6681403738589,9.971508719079994,0.05663830096879626
Lower,165,black birch,2018,3.4,1.0,3.38,0.0059171597633136145,normal,8.636,hardwood,10.680223002041938,39.19641841749391,10.536278031024223,0.01366184250205503
Lower,165,black birch,2021,3.5,3.0,3.4,0.00980392156862746,annualized,8.89,hardwood,11.416561318986751,41.89878004068138,10.680223002041938,0.022981365239409763
Lower,165,black birch,2022,3.6,1.0,3.5,0.0285714285714286,normal,9.144,hardwood,12.180764967060203,44.70340742911094,11.416561318986751,0.06693816349083263
Lower,165,black birch,2023,3.7,1.0,3.6,0.0277777777777778,normal,9.398000000000001,hardwood,12.973070463439562,47.61116860082319,12.180764967060203,0.06504562714426798
Lower,165,black birch,2024,3.81,1.0,3.7,0.029729729729729693,normal,9.6774,hardwood,13.877340858749765,50.92984095161164,12.973070463439562,0.06970365248987113
Lower,165,black birch,2025,3.88,1.0,3.81,0.01837270341207345,normal,9.8552,hardwood,14.470774652530535,53.107742974787065,13.877340858749765,0.042762788622188075
Lower,166,black birch,2015,3.06,,,,initial,7.7724,hardwood,8.381815414795094,30.761262572297994,,
Lower,166,black birch,2016,3.13,1.0,3.06,0.022875816993464,normal,7.9502,hardwood,8.829391782098607,32.40386784030189,8.381815414795094,0.05339849962735731
Lower,166,black birch,2017,3.25,1.0,3.13,0.03833865814696489,normal,8.255,hardwood,9.627433818896398,35.332682115349776,8.829391782098607,0.09038471238934062
Lower,166,black birch,2018,1.35,1.0,3.25,-0.5846153846153845,normal,3.4290000000000003,hardwood,1.276281514911054,4.683953159723568,9.627433818896398,-0.8674328446271932
Lower,166,black birch,2021,3.6,3.0,1.35,0.5555555555555555,annualized,9.144,hardwood,12.180764967060203,44.70340742911094,1.276281514911054,2.8479828117203176
Lower,166,black birch,2022,3.7,1.0,3.6,0.0277777777777778,normal,9.398000000000001,hardwood,12.973070463439562,47.61116860082319,12.180764967060203,0.06504562714426798
Lower,166,black birch,2023,3.75,1.0,3.7,0.013513513513513466,normal,9.525,hardwood,13.379834064723505,49.103991017535265,12.973070463439562,0.03135445864032543
Lower,166,black birch,2024,3.81,1.0,3.75,0.016000000000000014,normal,9.6774,hardwood,13.877340858749765,50.92984095161164,13.379834064723505,0.037183330646674985
Lower,166,black birch,2025,4.0,1.0,3.81,0.04986876640419946,normal,10.16,hardwood,15.520896100149127,56.961688687547294,13.877340858749765,0.11843445067237707
Lower,167,Musclewood,2024,4.5,,,,initial,11.43,hardwood,20.350148995533267,74.68504681360709,,
Lower,301,Black birch,2015,4.3,,,,initial,10.921999999999999,hardwood,18.32973808966056,67.27013878905424,,
Lower,301,Black birch,2016,8.13,1.0,4.3,0.8906976744186049,normal,20.6502,hardwood,79.32079649260268,291.1073231278518,18.32973808966056,3.3274375282724833
Lower,301,Black birch,2017,5.94,1.0,8.13,-0.2693726937269373,normal,15.087600000000002,hardwood,38.53786358273381,141.4339593486331,79.32079649260268,-0.5141518329770203
Lower,301,Black birch,2018,6.6,1.0,5.94,0.11111111111111098,normal,16.764,hardwood,49.10546900846182,180.21707126105485,38.53786358273381,0.27421357707183924
Lower,301,Black birch,2021,7.2,3.0,6.6,0.030303030303030335,annualized,18.288,hardwood,59.98512295785456,220.14540125532622,49.10546900846182,0.07385228956553337
Lower,301,Black birch,2022,5.1,1.0,7.2,-0.29166666666666674,normal,12.953999999999999,hardwood,27.138773514041727,99.59929879653313,59.98512295785456,-0.5475749289851521
Lower,301,Black birch,2023,14.9,1.0,5.1,1.9215686274509807,normal,37.846000000000004,hardwood,319.52675505808435,1172.6631910631695,27.138773514041727,10.77380970782485
Lower,301,Black birch,2024,14.0,1.0,14.9,-0.06040268456375841,normal,35.56,hardwood,276.8683379803203,1016.1068003877755,319.52675505808435,-0.13350499262576465
Lower,301,Black birch,2025,7.4,1.0,14.0,-0.4714285714285714,normal,18.796000000000003,hardwood,63.88689289997424,234.46489694290545,276.8683379803203,-0.7692517195501232
Lower,302,red oak,2015,16.0,,,,initial,40.64,hardwood,376.40446953732254,1381.4044032019738,,
Lower,302,red oak,2016,16.25,1.0,16.0,0.015625,normal,41.275,hardwood,390.06910319543573,1431.5536087272492,376.40446953732254,0.03630305898043611
Lower,302,red oak,2017,16.13,1.0,16.25,-0.007384615384615446,normal,40.9702,hardwood,383.47570682383997,1407.3558440434927,390.06910319543573,-0.016903149512696163
Lower,302,red oak,2018,16.35,1.0,16.13,0.013639181649101205,normal,41.529,hardwood,395.6121787592317,1451.8966960463804,383.47570682383997,0.031648606989769394
Lower,302,red oak,2021,16.7,3.0,16.35,0.007135575942915348,annualized,42.418,hardwood,415.3619362137748,1524.3783059045536,395.6121787592317,0.01664067194669011
Lower,302,red oak,2022,16.8,1.0,16.7,0.005988023952095894,normal,42.672000000000004,hardwood,421.1047687729014,1545.4545013965483,415.3619362137748,0.0138260925193948
Lower,302,red oak,2023,17.0,1.0,16.8,0.011904761904761862,normal,43.18,hardwood,432.7243465602261,1588.0983518760297,421.1047687729014,0.027593080508644174
Lower,302,red oak,2024,17.19,1.0,17.0,0.01117647058823537,normal,43.662600000000005,hardwood,443.92880724463976,1629.2187225878279,432.7243465602261,0.025892836336756132
Lower,302,red oak,2025,17.1,1.0,17.19,-0.005235602094240829,normal,43.434000000000005,hardwood,438.60125045486575,1609.6665891693572,443.92880724463976,-0.012000926055781066
Lower,303,sugar maple,2015,8.8,,,,initial,22.352000000000004,hardwood,95.16756503565735,349.2649636808625,,
Lower,303,sugar maple,2016,8.94,1.0,8.8,0.015909090909090772,normal,22.7076,hardwood,98.68589969991038,362.1772518986711,95.16756503565735,0.03696989266179905
Lower,303,sugar maple,2017,9.0,1.0,8.94,0.006711409395973211,normal,22.86,hardwood,100.21588898634975,367.7923125799036,98.68589969991038,0.01550362606098593
Lower,303,sugar maple,2018,9.05,1.0,9.0,0.005555555555555635,normal,22.987000000000002,hardwood,101.50105207117929,372.508861101228,100.21588898634975,0.01282394536264189
Lower,303,sugar maple,2021,9.4,3.0,9.05,0.012891344383057076,annualized,23.876,hardwood,110.75743127900908,406.4797727939633,101.50105207117929,0.030398303002608637
Lower,303,sugar maple,2022,9.16,1.0,9.4,-0.025531914893617044,normal,23.2664,hardwood,104.36104064486665,383.0050191666606,110.75743127900908,-0.05775134508157096
Lower,303,sugar maple,2023,9.34,1.0,9.16,0.01965065502183403,normal,23.7236,hardwood,109.13815984088042,400.53704661603115,104.36104064486665,0.04577492871377141
Lower,303,sugar maple,2024,9.55,1.0,9.34,0.022483940042826642,normal,24.257,hardwood,114.86469566709408,421.5534330982353,109.13815984088042,0.052470518419613726
Lower,303,sugar maple,2025,9.47,1.0,9.55,-0.008376963350785346,normal,24.053800000000003,hardwood,112.66363604897909,413.4755442997532,114.86469566709408,-0.01916219431333544
Lower,304,red oak,2015,20.3,,,,initial,51.562000000000005,hardwood,650.7582743123862,2388.2828667264575,,
Lower,304,red oak,2016,20.19,1.0,20.3,-0.005418719211822632,normal,51.2826,hardwood,642.6763894955851,2358.622349448797,650.7582743123862,-0.012419181032067102
Lower,304,red oak,2017,20.5,1.0,20.19,0.01535413571074783,normal,52.07,hardwood,665.5990478926494,2442.7485057660233,642.6763894955851,0.03566749731549268
Lower,304,red oak,2018,20.5,1.0,20.5,0.0,normal,52.07,hardwood,665.5990478926494,2442.7485057660233,665.5990478926494,0.0
Lower,304,red oak,2021,21.0,3.0,20.5,0.008130081300813009,annualized,53.34,hardwood,703.530920301992,2581.9584775083104,665.5990478926494,0.018996357506539153
Lower,304,red oak,2022,21.4,1.0,21.0,0.01904761904761898,normal,54.355999999999995,hardwood,734.7345970748848,2696.4759712648274,703.530920301992,0.04435295716569025
Lower,304,red oak,2023,21.0,1.0,21.4,-0.018691588785046665,normal,53.34,hardwood,703.530920301992,2581.9584775083104,734.7345970748848,-0.04246931735230726
Lower,304,red oak,2024,22.08,1.0,21.0,0.051428571428571344,normal,56.0832,hardwood,789.5446052222486,2897.6287011656523,703.530920301992,0.12225999233030883
Lower,304,red oak,2025,22.3,1.0,22.08,0.00996376811594214,normal,56.642,hardwood,807.7556354422637,2964.463182073108,789.5446052222486,0.02306523291979039
Lower,305,sugar maple,2015,3.2,,,,initial,8.128,hardwood,9.290172151347615,34.094931795445746,,
Lower,305,sugar maple,2016,3.31,1.0,3.2,0.03437499999999996,normal,8.4074,hardwood,10.041144045419015,36.850998646687785,9.290172151347615,0.08083508914982433
Lower,305,sugar maple,2017,3.11,1.0,3.31,-0.06042296072507558,normal,7.8994,hardwood,8.700169351526851,31.92962152010354,10.041144045419015,-0.1335479988959969
Lower,305,sugar maple,2018,3.25,1.0,3.11,0.04501607717041805,normal,8.255,hardwood,9.627433818896398,35.332682115349776,8.700169351526851,0.10658004803168744
Lower,305,sugar maple,2021,3.3,3.0,3.25,0.00512820512820511,annualized,8.382,hardwood,9.971508719079994,36.595436999023576,9.627433818896398,0.011913001486379395
Lower,305,sugar maple,2022,3.16,1.0,3.3,-0.04242424242424233,normal,8.0264,hardwood,9.025247109530362,33.122656891976426,9.971508719079994,-0.09489653333391833
Lower,305,sugar maple,2023,3.22,1.0,3.16,0.018987341772151913,normal,8.1788,hardwood,9.42426124627311,34.587038773822314,9.025247109530362,0.04421088219528109
Lower,305,sugar maple,2024,3.23,1.0,3.22,0.0031055900621117347,normal,8.2042,hardwood,9.49171332685186,34.83458790954633,9.42426124627311,0.007157280429320079
Lower,305,sugar maple,2025,3.15,1.0,3.23,-0.02476780185758516,normal,8.001,hardwood,8.95969209904525,32.88207000349607,9.49171332685186,-0.056051126860472325
Lower,307,beech ,2015,1.6,,,,initial,4.064,hardwood,1.8864911481235163,6.923422513613304,,
Lower,307,beech ,2016,1.7,1.0,1.6,0.06249999999999992,normal,4.318,hardwood,2.1687591817568883,7.95934619704778,1.8864911481235163,0.14962595181755436
Lower,307,beech ,2017,2.0,1.0,1.7,0.17647058823529416,normal,5.08,hardwood,3.1517212627355704,11.566817034239543,2.1687591817568883,0.4532370810217828
Lower,307,beech ,2018,2.0,1.0,2.0,0.0,normal,5.08,hardwood,3.1517212627355704,11.566817034239543,3.1517212627355704,0.0
Lower,307,beech ,2021,3.07,3.0,2.0,0.17833333333333332,annualized,7.7978,hardwood,8.444949856630238,30.992965973832973,3.1517212627355704,0.5598241037872697
Lower,307,beech ,2022,2.4,1.0,3.07,-0.21824104234527686,normal,6.096,hardwood,4.7936317430245,17.592628496899916,8.444949856630238,-0.4323670567136691
Lower,307,beech ,2023,6.2,1.0,2.4,1.5833333333333335,normal,15.748000000000001,hardwood,42.52846398772181,156.07946283493902,4.7936317430245,7.871867149496312
Lower,307,beech ,2024,2.59,1.0,6.2,-0.582258064516129,normal,6.5786,hardwood,5.711737882467078,20.962078028654176,42.52846398772181,-0.8656961162736542
Lower,307,beech ,2025,2.4,1.0,2.59,-0.07335907335907334,normal,6.096,hardwood,4.7936317430245,17.592628496899916,5.711737882467078,-0.1607402437462728
Lower,309,sugar maple,2015,2.6,,,,initial,6.604,hardwood,5.762587222808233,21.148695107706214,,
Lower,309,sugar maple,2016,2.75,1.0,2.6,0.057692307692307654,normal,6.985,hardwood,6.556076423102267,24.06080047278532,5.762587222808233,0.137696692408128
Lower,309,sugar maple,2017,2.88,1.0,2.75,0.04727272727272724,normal,7.3152,hardwood,7.29090657839054,26.75762714269328,6.556076423102267,0.1120838300021766
Lower,309,sugar maple,2018,2.9,1.0,2.88,0.006944444444444451,normal,7.366,hardwood,7.4078845743540365,27.186936387879314,7.29090657839054,0.016044369065186907
Lower,309,sugar maple,2021,3.0,3.0,2.9,0.01149425287356323,annualized,7.62,hardwood,8.00862018634041,29.391636083869304,7.4078845743540365,0.02703136124565213
Lower,309,sugar maple,2022,1.77,1.0,3.0,-0.41,normal,4.4958,hardwood,2.3796732255586144,8.733400737800114,8.00862018634041,-0.7028610209761963
Lower,309,sugar maple,2023,2.11,1.0,1.77,0.1920903954802259,normal,5.3594,hardwood,3.5647449201152663,13.082613856823027,2.3796732255586144,0.4979976585980469
Lower,309,sugar maple,2024,3.0,1.0,2.11,0.42180094786729866,normal,7.62,hardwood,8.00862018634041,29.391636083869304,3.5647449201152663,1.2466180233960331
Lower,309,sugar maple,2025,3.0,1.0,3.0,0.0,normal,7.62,hardwood,8.00862018634041,29.391636083869304,8.00862018634041,0.0
Lower,310,black birch,2015,2.57,,,,initial,6.5278,hardwood,5.610802673811741,20.59164581288909,,
Lower,310,black birch,2016,2.5,1.0,2.57,-0.02723735408560305,normal,6.35,hardwood,5.265514724444983,19.324439038713088,5.610802673811741,-0.06153984900919434
Lower,310,black birch,2017,2.38,1.0,2.5,-0.04800000000000004,normal,6.0451999999999995,hardwood,4.702251058134278,17.2572613833528,5.265514724444983,-0.10697219470221421
Lower,310,black birch,2018,2.7,1.0,2.38,0.13445378151260517,normal,6.8580000000000005,hardwood,6.285147427752522,23.066491059851753,4.702251058134278,0.33662523545612055
Lower,310,black birch,2021,2.5,3.0,2.7,-0.024691358024691374,annualized,6.35,hardwood,5.265514724444983,19.324439038713088,6.285147427752522,-0.05407630794282179
Lower,310,black birch,2022,1.28,1.0,2.5,-0.488,normal,3.2512000000000003,hardwood,1.1291762675927257,4.144076902065303,5.265514724444983,-0.7855525382256436
Lower,310,black birch,2023,2.46,1.0,1.28,0.9218749999999999,normal,6.2484,hardwood,5.073755766954629,18.620683664723487,1.1291762675927257,3.493324835608965
Lower,310,black birch,2024,2.5,1.0,2.46,0.016260162601626032,normal,6.35,hardwood,5.265514724444983,19.324439038713088,5.073755766954629,0.03779428224339844
Lower,310,black birch,2025,2.6,1.0,2.5,0.040000000000000036,normal,6.604,hardwood,5.762587222808233,21.148695107706214,5.265514724444983,0.09440150191881666
Lower,313,Sugar Maple,2015,3.8,,,,initial,9.652,hardwood,13.793709769009748,50.62291485226577,,
Lower,313,Sugar Maple,2016,3.81,1.0,3.8,0.002631578947368482,normal,9.6774,hardwood,13.877340858749765,50.92984095161164,13.793709769009748,0.006062987487812037
Lower,313,Sugar Maple,2017,3.75,1.0,3.81,-0.015748031496063006,normal,9.525,hardwood,13.379834064723505,49.103991017535265,13.877340858749765,-0.03585029719238882
Lower,313,Sugar Maple,2018,3.75,1.0,3.75,0.0,normal,9.525,hardwood,13.379834064723505,49.103991017535265,13.379834064723505,0.0
Lower,313,Sugar Maple,2021,3.75,3.0,3.75,0.0,annualized,9.525,hardwood,13.379834064723505,49.103991017535265,13.379834064723505,0.0
Lower,313,Sugar Maple,2022,2.63,1.0,3.75,-0.2986666666666667,normal,6.6802,hardwood,5.916665719450596,21.714163190383687,13.379834064723505,-0.5577922946705196
Lower,313,Sugar Maple,2023,3.85,1.0,2.63,0.4638783269961978,normal,9.779,hardwood,14.214725893525964,52.168044029240285,5.916665719450596,1.4024892680342096
Lower,313,Sugar Maple,2024,3.8,1.0,3.85,-0.012987012987013056,normal,9.652,hardwood,13.793709769009748,50.62291485226577,14.214725893525964,-0.029618307638838524
Lower,313,Sugar Maple,2025,3.8,1.0,3.8,0.0,normal,9.652,hardwood,13.793709769009748,50.62291485226577,13.793709769009748,0.0
Lower,314,Sugar Maple,2015,3.2,,,,initial,8.128,hardwood,9.290172151347615,34.094931795445746,,
Lower,314,Sugar Maple,2016,3.5,1.0,3.2,0.09374999999999994,normal,8.89,hardwood,11.416561318986751,41.89878004068138,9.290172151347615,0.22888587347982414
Lower,314,Sugar Maple,2017,2.73,1.0,3.5,-0.22,normal,6.9342,hardwood,6.4469291849195764,23.660230108654844,11.416561318986751,-0.4353002620677241
Lower,314,Sugar Maple,2018,3.75,1.0,2.73,0.37362637362637363,normal,9.525,hardwood,13.379834064723505,49.103991017535265,6.4469291849195764,1.075380957498514
Lower,314,Sugar Maple,2021,1.8,3.0,3.75,-0.17333333333333334,annualized,4.572,hardwood,2.473463883486683,9.077612452396126,13.379834064723505,-0.271711645263522
Lower,314,Sugar Maple,2022,2.25,1.0,1.8,0.24999999999999997,normal,5.715,hardwood,4.132364321957084,15.165777061582498,2.473463883486683,0.6706790624862311
Lower,314,Sugar Maple,2023,2.6,1.0,2.25,0.15555555555555559,normal,6.604,hardwood,5.762587222808233,21.148695107706214,4.132364321957084,0.394501252512769
Lower,314,Sugar Maple,2025,9.9,2.0,2.6,1.403846153846154,annualized,25.146,hardwood,124.77849961247537,457.9370935777846,5.762587222808233,10.326603987754316
Lower,317,white pine,2015,9.2,,,,initial,23.368,softwood,65.99239173239569,242.19207765789218,,
Lower,317,white pine,2016,9.19,1.0,9.2,-0.0010869565217391072,normal,23.342599999999997,softwood,65.81321074507414,241.5344834344221,65.99239173239569,-0.0027151764410681934
Lower,317,white pine,2017,9.38,1.0,9.19,0.020674646354733546,normal,23.825200000000002,softwood,69.2678002949366,254.21282708241733,65.81321074507414,0.052490822294686844
Lower,317,white pine,2018,9.13,1.0,9.38,-0.026652452025586353,normal,23.1902,softwood,64.74425591968057,237.61141922522768,69.2678002949366,-0.06530515414081517
Lower,317,white pine,2021,9.7,3.0,9.13,0.020810514786418346,annualized,24.637999999999998,softwood,75.32751418099076,276.45197704423606,64.74425591968057,0.05448750168889838
Lower,317,white pine,2022,8.5,1.0,9.7,-0.1237113402061855,normal,21.59,softwood,54.14665275383766,198.7182156065842,75.32751418099076,-0.28118359748685545
Lower,317,white pine,2023,9.75,1.0,8.5,0.14705882352941177,normal,24.765,softwood,76.30198555755129,280.02828699621324,54.14665275383766,0.40917271293641266
Lower,317,white pine,2024,9.8,1.0,9.75,0.005128205128205201,normal,24.892000000000003,softwood,77.28398178063577,283.6322131349333,76.30198555755129,0.012869864603245509
Lower,317,white pine,2025,2.95,1.0,9.8,-0.6989795918367347,normal,7.493,softwood,3.8421944485217794,14.10085362607493,77.28398178063577,-0.9502847244668691
Lower,318,Musclewood,2015,3.0,,,,initial,7.62,hardwood,8.00862018634041,29.391636083869304,,
Lower,318,Musclewood,2016,2.69,1.0,3.0,-0.10333333333333335,normal,6.8326,hardwood,6.231736128169562,22.87047159038229,8.00862018634041,-0.22187143563151132
Lower,318,Musclewood,2017,2.88,1.0,2.69,0.07063197026022303,normal,7.3152,hardwood,7.29090657839054,26.75762714269328,6.231736128169562,0.16996394398555612
Lower,318,Musclewood,2018,2.81,1.0,2.88,-0.0243055555555555,normal,7.1374,hardwood,6.889748158522879,25.285375741778967,7.29090657839054,-0.05502174737180841
Lower,318,Musclewood,2021,3.1,3.0,2.81,0.03440094899169633,annualized,7.8740000000000006,hardwood,8.635961696844225,31.693979427418306,6.889748158522879,0.08448366559239244
Lower,318,Musclewood,2022,2.9,1.0,3.1,-0.06451612903225812,normal,7.366,hardwood,7.4078845743540365,27.186936387879314,8.635961696844225,-0.14220502193044182
Lower,318,Musclewood,2023,2.9,1.0,2.9,0.0,normal,7.366,hardwood,7.4078845743540365,27.186936387879314,7.4078845743540365,0.0
Lower,318,Musclewood,2024,3.0,1.0,2.9,0.03448275862068969,normal,7.62,hardwood,8.00862018634041,29.391636083869304,7.4078845743540365,0.0810940837369564
Lower,318,Musclewood,2025,3.0,1.0,3.0,0.0,normal,7.62,hardwood,8.00862018634041,29.391636083869304,8.00862018634041,0.0
Lower,319,Musclewood,2015,2.63,,,,initial,6.6802,hardwood,5.916665719450596,21.714163190383687,,
Lower,319,Musclewood,2016,2.75,1.0,2.63,0.045627376425855556,normal,6.985,hardwood,6.556076423102267,24.06080047278532,5.916665719450596,0.10806943200283499
Lower,319,Musclewood,2017,3.99,1.0,2.75,0.450909090909091,normal,10.1346,hardwood,15.43179593467449,56.63469108025538,6.556076423102267,1.3538157487450895
Lower,319,Musclewood,2018,2.7,1.0,3.99,-0.3233082706766917,normal,6.8580000000000005,hardwood,6.285147427752522,23.066491059851753,15.43179593467449,-0.5927144543409816
Lower,319,Musclewood,2021,4.0,3.0,2.7,0.1604938271604938,annualized,10.16,hardwood,15.520896100149127,56.961688687547294,6.285147427752522,0.4898187236157999
Lower,319,Musclewood,2022,4.1,1.0,4.0,0.02499999999999991,normal,10.414,hardwood,16.427886061758493,60.29034184665367,15.520896100149127,0.05843670080367662
Lower,319,Musclewood,2023,2.92,1.0,4.1,-0.28780487804878047,normal,7.4168,hardwood,7.525916056949695,27.620111929005382,16.427886061758493,-0.541881649978762
Lower,319,Musclewood,2024,2.94,1.0,2.92,0.006849315068493157,normal,7.4676,hardwood,7.645003200576318,28.05716174611509,7.525916056949695,0.0158236077476115
Lower,319,Musclewood,2025,6.0,1.0,2.94,1.0408163265306123,normal,15.24,hardwood,39.43907200405727,144.7413942548902,7.645003200576318,4.15880385780403
Lower,321,Burning Bush,2015,1.75,,,,initial,4.445,hardwood,2.3182823223737237,8.508096123111565,,
Lower,321,Burning Bush,2016,1.75,1.0,1.75,0.0,normal,4.445,hardwood,2.3182823223737237,8.508096123111565,2.3182823223737237,0.0
Lower,321,Burning Bush,2017,5.0,1.0,1.75,1.8571428571428572,normal,12.7,hardwood,25.930436145543343,95.16470065414407,2.3182823223737237,10.185193406035545
Lower,321,Burning Bush,2018,4.2,1.0,5.0,-0.15999999999999998,normal,10.668000000000001,hardwood,17.36409605187606,63.726232510385145,25.930436145543343,-0.33035850402152134
Lower,321,Burning Bush,2021,5.3,3.0,4.2,0.08730158730158727,annualized,13.462,hardwood,29.64922266914349,108.81264719575661,17.36409605187606,0.2358338835215883
Lower,321,Burning Bush,2022,2.41,1.0,5.3,-0.5452830188679245,normal,6.1214,hardwood,4.839695183744366,17.761681324341822,29.64922266914349,-0.8367682270206318
Lower,321,Burning Bush,2023,6.36,1.0,2.41,1.6390041493775933,normal,16.154400000000003,hardwood,45.095185485865855,165.4993307331277,4.839695183744366,8.317773903888032
Lower,321,Burning Bush,2024,6.0,1.0,6.36,-0.05660377358490571,normal,15.24,hardwood,39.43907200405727,144.7413942548902,45.095185485865855,-0.12542610526752068
Lower,321,Burning Bush,2025,2.29,1.0,6.0,-0.6183333333333333,normal,5.8166,hardwood,4.303288084606035,15.79306727050415,39.43907200405727,-0.8908876942093531
Lower,322,Pignut hickory,2015,2.2,,,,initial,5.588000000000001,hardwood,3.9241985910482433,14.401808829147052,,
Lower,322,Pignut hickory,2016,1.94,1.0,2.2,-0.11818181818181828,normal,4.9276,hardwood,2.9384803471622503,10.784222874085458,3.9241985910482433,-0.25118969415426173
Lower,322,Pignut hickory,2017,2.05,1.0,1.94,0.05670103092783499,normal,5.207,hardwood,3.3358974551826344,12.242743660520269,2.9384803471622503,0.13524579410720844
Lower,322,Pignut hickory,2018,1.94,1.0,2.05,-0.0536585365853658,normal,4.9276,hardwood,2.9384803471622503,10.784222874085458,3.3358974551826344,-0.11913349057026881
Lower,322,Pignut hickory,2021,2.25,3.0,1.94,0.05326460481099657,annualized,5.715,hardwood,4.132364321957084,15.165777061582498,2.9384803471622503,0.13543099762975463
Lower,322,Pignut hickory,2022,2.3,1.0,2.25,0.022222222222222143,normal,5.842,hardwood,4.346631614612262,15.952138025627,4.132364321957084,0.05185101698721981
Lower,322,Pignut hickory,2023,2.33,1.0,2.3,0.013043478260869674,normal,5.918200000000001,hardwood,4.47813755810549,16.434764838247148,4.346631614612262,0.030254678830186323
Lower,322,Pignut hickory,2024,2.35,1.0,2.33,0.00858369098712447,normal,5.969,hardwood,4.567040835923054,16.761039867837606,4.47813755810549,0.01985273490686941
Lower,322,Pignut hickory,2025,2.9,1.0,2.35,0.23404255319148928,normal,7.366,hardwood,7.4078845743540365,27.186936387879314,4.567040835923054,0.6220316043784211
Lower,324,black birch,2015,2.7,,,,initial,6.8580000000000005,hardwood,6.285147427752522,23.066491059851753,,
Lower,324,black birch,2016,1.88,1.0,2.7,-0.3037037037037038,normal,4.7752,hardwood,2.7336434258813203,10.032471372984444,6.285147427752522,-0.5650629587763175
Lower,324,black birch,2017,1.94,1.0,1.88,0.03191489361702131,normal,4.9276,hardwood,2.9384803471622503,10.784222874085458,2.7336434258813203,0.0749318361500974
Lower,324,black birch,2018,2.13,1.0,1.94,0.09793814432989688,normal,5.4102,hardwood,3.64293900305432,13.369586141209354,2.9384803471622503,0.23973570439985406
Lower,324,black birch,2021,2.37,3.0,2.13,0.037558685446009425,annualized,6.0198,hardwood,4.656933190049562,17.090944807481893,3.64293900305432,0.0927816968794598
Lower,324,black birch,2022,1.38,1.0,2.37,-0.41772151898734183,normal,3.5052,hardwood,1.3424580094211813,4.9268208945757355,4.656933190049562,-0.7117291671073138
Lower,324,black birch,2023,2.3,1.0,1.38,0.6666666666666666,normal,5.842,hardwood,4.346631614612262,15.952138025627,1.3424580094211813,2.237815696363099
Lower,324,black birch,2024,2.44,1.0,2.3,0.06086956521739136,normal,6.1975999999999996,hardwood,4.979381623436866,18.274330558013297,4.346631614612262,0.1455724949631021
Lower,324,black birch,2025,5.0,1.0,2.44,1.0491803278688525,normal,12.7,hardwood,25.930436145543343,95.16470065414407,4.979381623436866,4.207561521995909
Lower,326,Musclewood,2015,2.5,,,,initial,6.35,hardwood,5.265514724444983,19.324439038713088,,
Lower,326,Musclewood,2016,4.35,1.0,2.5,0.7399999999999999,normal,11.049,hardwood,18.823661420095895,69.08283741175194,5.265514724444983,2.5748948403292182
Lower,326,Musclewood,2017,2.69,1.0,4.35,-0.3816091954022988,normal,6.8326,hardwood,6.231736128169562,22.87047159038229,18.823661420095895,-0.6689413398863708
Lower,326,Musclewood,2018,4.8,1.0,2.69,0.7843866171003717,normal,12.192,hardwood,23.606611760229864,86.63626516004359,6.231736128169562,2.788127622015311
Lower,326,Musclewood,2021,2.9,3.0,4.8,-0.13194444444444445,annualized,7.366,hardwood,7.4078845743540365,27.186936387879314,23.606611760229864,-0.22873150045708632
Lower,326,Musclewood,2022,2.0,1.0,2.9,-0.31034482758620685,normal,5.08,hardwood,3.1517212627355704,11.566817034239543,7.4078845743540365,-0.5745450362919027
Lower,326,Musclewood,2023,2.3,1.0,2.0,0.1499999999999999,normal,5.842,hardwood,4.346631614612262,15.952138025627,3.1517212627355704,0.3791294509462922
Lower,326,Musclewood,2024,3.0,1.0,2.3,0.3043478260869566,normal,7.62,hardwood,8.00862018634041,29.391636083869304,4.346631614612262,0.8424888273065242
Lower,326,Musclewood,2025,1.5,1.0,3.0,-0.5,normal,3.81,hardwood,1.6262552344654801,5.968356710488312,8.00862018634041,-0.796936900910941
Lower,329,Muscle Wood,2015,1.51,,,,initial,3.8354,hardwood,1.651299275639427,6.0602683415966965,,
Lower,329,Muscle Wood,2016,1.6,1.0,1.51,0.05960264900662257,normal,4.064,hardwood,1.8864911481235163,6.923422513613304,1.651299275639427,0.14242837500974304
Lower,329,Muscle Wood,2017,3.1,1.0,1.6,0.9375,normal,7.8740000000000006,hardwood,8.635961696844225,31.693979427418306,1.8864911481235163,3.577790733571358
Lower,329,Muscle Wood,2018,3.0,1.0,3.1,-0.03225806451612906,normal,7.62,hardwood,8.00862018634041,29.391636083869304,8.635961696844225,-0.0726429241497284
Lower,329,Muscle Wood,2021,1.6,3.0,3.0,-0.15555555555555556,annualized,4.064,hardwood,1.8864911481235163,6.923422513613304,8.00862018634041,-0.2548141417526939
Lower,329,Muscle Wood,2022,1.56,1.0,1.6,-0.025000000000000022,normal,3.9624,hardwood,1.7797761711023588,6.531778547945657,1.8864911481235163,-0.056567971245084496
Lower,329,Muscle Wood,2023,1.56,1.0,1.56,0.0,normal,3.9624,hardwood,1.7797761711023588,6.531778547945657,1.7797761711023588,0.0
Lower,329,Muscle Wood,2024,1.56,1.0,1.56,0.0,normal,3.9624,hardwood,1.7797761711023588,6.531778547945657,1.7797761711023588,0.0
Lower,329,Muscle Wood,2025,2.37,1.0,1.56,0.5192307692307693,normal,6.0198,hardwood,4.656933190049562,17.090944807481893,1.7797761711023588,1.6165836275721954
Lower,330,Musclewood ,2015,2.75,,,,initial,6.985,hardwood,6.556076423102267,24.06080047278532,,
Lower,330,Musclewood ,2016,2.44,1.0,2.75,-0.11272727272727275,normal,6.1975999999999996,hardwood,4.979381623436866,18.274330558013297,6.556076423102267,-0.24049365777821816
Lower,330,Musclewood ,2017,2.48,1.0,2.44,0.016393442622950834,normal,6.2992,hardwood,5.16913265435467,18.97071684148164,4.979381623436866,0.03810734851586545
Lower,330,Musclewood ,2018,2.5,1.0,2.48,0.008064516129032265,normal,6.35,hardwood,5.265514724444983,19.324439038713088,5.16913265435467,0.018645694845752615
Lower,330,Musclewood ,2021,2.5,3.0,2.5,0.0,annualized,6.35,hardwood,5.265514724444983,19.324439038713088,5.265514724444983,0.0
Lower,330,Musclewood ,2022,2.5,1.0,2.5,0.0,normal,6.35,hardwood,5.265514724444983,19.324439038713088,5.265514724444983,0.0
Lower,330,Musclewood ,2023,2.44,1.0,2.5,-0.02400000000000002,normal,6.1975999999999996,hardwood,4.979381623436866,18.274330558013297,5.265514724444983,-0.05434095543969391
Lower,330,Musclewood ,2024,2.45,1.0,2.44,0.0040983606557378,normal,6.223000000000001,hardwood,5.026443505177434,18.447047664001182,4.979381623436866,0.009451350649457731
Lower,330,Musclewood ,2025,2.28,1.0,2.45,-0.06938775510204097,normal,5.7912,hardwood,4.260189912756195,15.634896979815235,5.026443505177434,-0.15244448517763462
Lower,331,Musclewood ,2015,2.31,,,,initial,5.8674,hardwood,4.390220823715434,16.11211042303564,,
Lower,331,Musclewood ,2016,2.4,1.0,2.31,0.0389610389610389,normal,6.096,hardwood,4.7936317430245,17.592628496899916,4.390220823715434,0.0918885257729839
Lower,331,Musclewood ,2017,2.2,1.0,2.4,-0.08333333333333323,normal,5.588000000000001,hardwood,3.9241985910482433,14.401808829147052,4.7936317430245,-0.18137253727122885
Lower,331,Musclewood ,2018,2.3,1.0,2.2,0.04545454545454529,normal,5.842,hardwood,4.346631614612262,15.952138025627,3.9241985910482433,0.1076482277241675
Lower,331,Musclewood ,2021,6.1,3.0,2.3,0.5507246376811594,annualized,15.494,hardwood,40.967308485507594,150.35002214181287,4.346631614612262,2.8083567628004173
Lower,331,Musclewood ,2022,2.3,1.0,6.1,-0.6229508196721312,normal,5.842,hardwood,4.346631614612262,15.952138025627,40.967308485507594,-0.8938999955012933
Lower,331,Musclewood ,2023,2.28,1.0,2.3,-0.008695652173913052,normal,5.7912,hardwood,4.260189912756195,15.634896979815235,4.346631614612262,-0.01988705497044479
Lower,331,Musclewood ,2024,2.3,1.0,2.28,0.008771929824561412,normal,5.842,hardwood,4.346631614612262,15.952138025627,4.260189912756195,0.020290574745796364
Lower,331,Musclewood ,2025,2.0,1.0,2.3,-0.1304347826086956,normal,5.08,hardwood,3.1517212627355704,11.566817034239543,4.346631614612262,-0.27490490518214356
Lower,333,Red Maple ,2015,1.56,,,,initial,3.9624,hardwood,1.7797761711023588,6.531778547945657,,
Lower,333,Red Maple ,2016,1.5,1.0,1.56,-0.03846153846153849,normal,3.81,hardwood,1.6262552344654801,5.968356710488312,1.7797761711023588,-0.0862585639304243
Lower,333,Red Maple ,2017,1.56,1.0,1.5,0.040000000000000036,normal,3.9624,hardwood,1.7797761711023588,6.531778547945657,1.6262552344654801,0.09440150191881662
Lower,333,Red Maple ,2018,1.8,1.0,1.56,0.15384615384615383,normal,4.572,hardwood,2.473463883486683,9.077612452396126,1.7797761711023588,0.3897612091045514
Lower,333,Red Maple ,2021,1.7,3.0,1.8,-0.018518518518518535,annualized,4.318,hardwood,2.1687591817568883,7.95934619704778,2.473463883486683,-0.04106315624336402
Lower,333,Red Maple ,2022,1.9,1.0,1.7,0.11764705882352938,normal,4.826,hardwood,2.800993453630146,10.279645974822635,2.1687591817568883,0.29151889116664925
Lower,333,Red Maple ,2023,1.6,1.0,1.9,-0.15789473684210517,normal,4.064,hardwood,1.8864911481235163,6.923422513613304,2.800993453630146,-0.3264921252569925
Lower,333,Red Maple ,2024,1.99,1.0,1.6,0.24374999999999994,normal,5.0546,hardwood,3.115594204846891,11.434230731788091,1.8864911481235163,0.6515286636494202
Lower,333,Red Maple ,2025,2.9,1.0,1.99,0.457286432160804,normal,7.366,hardwood,7.4078845743540365,27.186936387879314,3.115594204846891,1.3776795331143197
Lower,334,Musclewood ,2015,2.8,,,,initial,7.111999999999999,hardwood,6.833485601954647,25.078892159173552,,
Lower,334,Musclewood ,2016,2.88,1.0,2.8,0.0285714285714286,normal,7.3152,hardwood,7.29090657839054,26.75762714269328,6.833485601954647,0.06693816349083292
Lower,334,Musclewood ,2017,2.8,1.0,2.88,-0.027777777777777804,normal,7.111999999999999,hardwood,6.833485601954647,25.078892159173552,7.29090657839054,-0.06273855953546839
Lower,334,Musclewood ,2018,2.9,1.0,2.8,0.03571428571428575,normal,7.366,hardwood,7.4078845743540365,27.186936387879314,6.833485601954647,0.08405651315561258
Lower,334,Musclewood ,2021,2.9,3.0,2.9,0.0,annualized,7.366,hardwood,7.4078845743540365,27.186936387879314,7.4078845743540365,0.0
Lower,334,Musclewood ,2022,1.59,1.0,2.9,-0.45172413793103444,normal,4.038600000000001,hardwood,1.8594829370740942,6.824302379061925,7.4078845743540365,-0.7489859732005557
Lower,334,Musclewood ,2023,2.88,1.0,1.59,0.811320754716981,normal,7.3152,hardwood,7.29090657839054,26.75762714269328,1.8594829370740942,2.9209322296136895
Lower,334,Musclewood ,2024,2.88,1.0,2.88,0.0,normal,7.3152,hardwood,7.29090657839054,26.75762714269328,7.29090657839054,0.0
Lower,334,Musclewood ,2025,3.49,1.0,2.88,0.21180555555555566,normal,8.864600000000001,hardwood,11.34167749056589,41.62395639037682,7.29090657839054,0.5555922118356857
Lower,335,Black Oak,2015,2.1,,,,initial,5.3340000000000005,hardwood,3.5260071571740457,12.940446266828747,,
Lower,335,Black Oak,2016,2.94,1.0,2.1,0.3999999999999999,normal,7.4676,hardwood,7.645003200576318,28.05716174611509,3.5260071571740457,1.1681757466151839
Lower,335,Black Oak,2017,3.0,1.0,2.94,0.02040816326530614,normal,7.62,hardwood,8.00862018634041,29.391636083869304,7.645003200576318,0.04756269895827916
Lower,335,Black Oak,2018,3.1,1.0,3.0,0.03333333333333336,normal,7.8740000000000006,hardwood,8.635961696844225,31.693979427418306,8.00862018634041,0.07833328287609584
Lower,335,Black Oak,2021,3.25,3.0,3.1,0.016129032258064505,annualized,8.255,hardwood,9.627433818896398,35.332682115349776,8.635961696844225,0.03826912612077622
Lower,335,Black Oak,2022,3.31,1.0,3.25,0.018461538461538477,normal,8.4074,hardwood,10.041144045419015,36.850998646687785,9.627433818896398,0.04297201458924613
Lower,335,Black Oak,2023,3.44,1.0,3.31,0.03927492447129906,normal,8.7376,hardwood,10.971429822304144,40.26514744785621,10.041144045419015,0.09264738885102884
Lower,335,Black Oak,2024,3.27,1.0,3.44,-0.04941860465116277,normal,8.3058,hardwood,9.764244431955508,35.83477706527671,10.971429822304144,-0.1100299058464115
Lower,335,Black Oak,2025,7.33,1.0,3.27,1.2415902140672785,normal,18.6182,hardwood,62.50545966023232,229.3950369530526,9.764244431955508,5.401464045253752
Lower,336,Pignut Hickory,2015,7.0,,,,initial,17.78,hardwood,56.22174274992082,206.33379589220942,,
Lower,336,Pignut Hickory,2016,7.3,1.0,7.0,0.04285714285714283,normal,18.541999999999998,hardwood,61.91863730426167,227.24139890664034,56.22174274992082,0.1013290281605309
Lower,336,Pignut Hickory,2017,7.2,1.0,7.3,-0.013698630136986254,normal,18.288,hardwood,59.98512295785456,220.14540125532622,61.91863730426167,-0.03122669410352216
Lower,336,Pignut Hickory,2018,7.3,1.0,7.2,0.01388888888888884,normal,18.541999999999998,hardwood,61.91863730426167,227.24139890664034,59.98512295785456,0.03223323135914215
Lower,336,Pignut Hickory,2021,7.1,3.0,7.3,-0.009132420091324209,annualized,18.034,hardwood,58.08620639542944,213.17637747122606,61.91863730426167,-0.02063154205628518
Lower,336,Pignut Hickory,2022,7.19,1.0,7.1,0.012676056338028275,normal,18.262600000000003,hardwood,59.793676780544274,219.44279378459748,58.08620639542944,0.029395453603752387
Lower,336,Pignut Hickory,2023,7.25,1.0,7.19,0.008344923504867817,normal,18.415,hardwood,60.947546409011,223.67749532107035,59.793676780544274,0.019297519246084725
Lower,336,Pignut Hickory,2024,7.19,1.0,7.25,-0.008275862068965464,normal,18.262600000000003,hardwood,59.793676780544274,219.44279378459748,60.947546409011,-0.01893217523020951
Lower,336,Pignut Hickory,2025,3.22,1.0,7.19,-0.5521557719054242,normal,8.1788,hardwood,9.42426124627311,34.587038773822314,59.793676780544274,-0.8423869921754069
Lower,337,Musclewood,2015,2.94,,,,initial,7.4676,hardwood,7.645003200576318,28.05716174611509,,
Lower,337,Musclewood,2016,3.1,1.0,2.94,0.05442176870748304,normal,7.8740000000000006,hardwood,8.635961696844225,31.693979427418306,7.645003200576318,0.12962172418622447
Lower,337,Musclewood,2017,3.1,1.0,3.1,0.0,normal,7.8740000000000006,hardwood,8.635961696844225,31.693979427418306,8.635961696844225,0.0
Lower,337,Musclewood,2018,3.13,1.0,3.1,0.009677419354838646,normal,7.9502,hardwood,8.829391782098607,32.40386784030189,8.635961696844225,0.022398210187183454
Lower,337,Musclewood,2021,3.5,3.0,3.13,0.03940362087326944,annualized,8.89,hardwood,11.416561318986751,41.89878004068138,8.829391782098607,0.09767262195543948
Lower,337,Musclewood,2022,3.19,1.0,3.5,-0.08857142857142859,normal,8.1026,hardwood,9.223534629485762,33.850372090212744,11.416561318986751,-0.1920917015400944
Lower,337,Musclewood,2023,3.31,1.0,3.19,0.037617554858934206,normal,8.4074,hardwood,10.041144045419015,36.850998646687785,9.223534629485762,0.0886438278574379
Lower,337,Musclewood,2024,3.12,1.0,3.31,-0.05740181268882173,normal,7.9248,hardwood,8.764645960228298,32.166250674037855,10.041144045419015,-0.1271267576101632
Lower,337,Musclewood,2025,3.81,1.0,3.12,0.22115384615384612,normal,9.6774,hardwood,13.877340858749765,50.92984095161164,8.764645960228298,0.5833315939652961
Lower,338,musclewood,2015,3.23,,,,initial,8.2042,hardwood,9.49171332685186,34.83458790954633,,
Lower,338,musclewood,2016,3.3,1.0,3.23,0.02167182662538695,normal,8.382,hardwood,9.971508719079994,36.595436999023576,9.49171332685186,0.050548870968405935
Lower,338,musclewood,2017,4.6,1.0,3.3,0.3939393939393939,normal,11.684,hardwood,21.405324916793116,78.55754244463074,9.971508719079994,1.1466485684192478
Lower,338,musclewood,2018,4.75,1.0,4.6,0.032608695652173995,normal,12.065,hardwood,23.044862105096374,84.5746439257037,21.405324916793116,0.07659482837455049
Lower,338,musclewood,2021,3.6,3.0,4.75,-0.0807017543859649,annualized,9.144,hardwood,12.180764967060203,44.70340742911094,23.044862105096374,-0.15714416932344577
Lower,338,musclewood,2022,6.17,1.0,3.6,0.7138888888888888,normal,15.6718,hardwood,42.05665122608745,154.34790999974095,12.180764967060203,2.452710181981101
Lower,338,musclewood,2023,3.88,1.0,6.17,-0.3711507293354943,normal,9.8552,hardwood,14.470774652530535,53.107742974787065,42.05665122608745,-0.6559218522954007
Lower,338,musclewood,2024,5.31,1.0,3.88,0.36855670103092775,normal,13.4874,hardwood,29.77804693536682,109.28543225279623,14.470774652530535,1.05780600212439
Lower,338,musclewood,2025,19.6,1.0,5.31,2.6911487758945394,normal,49.784000000000006,hardwood,600.2992154145862,2203.0981205715316,29.77804693536682,19.15911979444234
Lower,340,Red Oak,2015,17.6,,,,initial,44.70400000000001,hardwood,468.66006410115403,1719.9824352512353,,
Lower,340,Red Oak,2016,17.1,1.0,17.6,-0.028409090909090908,normal,43.434000000000005,hardwood,438.60125045486575,1609.6665891693572,468.66006410115403,-0.06413777479405731
Lower,340,Red Oak,2017,17.8,1.0,17.1,0.04093567251461984,normal,45.212,hardwood,480.99971265257443,1765.2689454349481,438.60125045486575,0.09666744486874575
Lower,340,Red Oak,2018,18.06,1.0,17.8,0.014606741573033596,normal,45.8724,hardwood,497.3127885212884,1825.1379338731283,480.99971265257443,0.033914938906620236
Lower,340,Red Oak,2021,18.5,3.0,18.06,0.008121077888519774,annualized,46.99,hardwood,525.6223056483336,1929.0338617293844,497.3127885212884,0.018974991045522114
Lower,340,Red Oak,2022,19.38,1.0,18.5,0.04756756756756751,normal,49.2252,hardwood,584.9146363342475,2146.636715346688,525.6223056483336,0.11280406110767915
Lower,340,Red Oak,2023,19.0,1.0,19.38,-0.019607843137254853,normal,48.26,hardwood,558.8716682502761,2051.0590224785133,584.9146363342475,-0.04452439119524645
Lower,340,Red Oak,2024,19.06,1.0,19.0,0.003157894736842038,normal,48.4124,hardwood,562.939176036406,2065.98677605361,558.8716682502761,0.007278071187370302
Lower,340,Red Oak,2025,2.43,1.0,19.06,-0.8725078698845751,normal,6.1722,hardwood,4.932569814705535,18.102531219969315,562.939176036406,-0.9912378281265922
Lower,342,Black Birch,2015,4.72,,,,initial,11.9888,hardwood,22.711478557264556,83.35112630516092,,
Lower,342,Black Birch,2016,4.75,1.0,4.72,0.006355932203389884,normal,12.065,hardwood,23.044862105096374,84.5746439257037,22.711478557264556,0.014679077233621217
Lower,342,Black Birch,2017,4.6,1.0,4.75,-0.03157894736842113,normal,11.684,hardwood,21.405324916793116,78.55754244463074,23.044862105096374,-0.07114545449767193
Lower,342,Black Birch,2018,3.8,1.0,4.6,-0.17391304347826084,normal,9.652,hardwood,13.793709769009748,50.62291485226577,21.405324916793116,-0.3555944690104577
Lower,342,Black Birch,2021,5.2,3.0,3.8,0.1228070175438597,annualized,13.208,hardwood,28.37830826309261,104.14839132554988,13.793709769009748,0.3524456373790997
Lower,342,Black Birch,2022,1.38,1.0,5.2,-0.7346153846153847,normal,3.5052,hardwood,1.3424580094211813,4.9268208945757355,28.37830826309261,-0.9526942199311044
Lower,342,Black Birch,2023,5.38,1.0,1.38,2.8985507246376816,normal,13.6652,hardwood,30.688668478542535,112.62741331625111,1.3424580094211813,21.860058387803402
Lower,342,Black Birch,2024,5.31,1.0,5.38,-0.01301115241635693,normal,13.4874,hardwood,29.77804693536682,109.28543225279623,30.688668478542535,-0.029672891927925122
Lower,342,Black Birch,2025,5.42,1.0,5.31,0.02071563088512247,normal,13.7668,hardwood,31.21599414956081,114.56269852888818,29.77804693536682,0.04828883564174141
Lower,343,musclewood,2015,3.44,,,,initial,8.7376,hardwood,10.971429822304144,40.26514744785621,,
Lower,343,musclewood,2016,3.5,1.0,3.44,0.017441860465116296,normal,8.89,hardwood,11.416561318986751,41.89878004068138,10.971429822304144,0.04057187658236549
Lower,343,musclewood,2017,3.4,1.0,3.5,-0.0285714285714286,normal,8.636,hardwood,10.680223002041938,39.19641841749391,11.416561318986751,-0.06449738203746322
Lower,343,musclewood,2018,3.5,1.0,3.4,0.02941176470588238,normal,8.89,hardwood,11.416561318986751,41.89878004068138,10.680223002041938,0.06894409571822928
Lower,343,musclewood,2021,3.5,3.0,3.5,0.0,annualized,8.89,hardwood,11.416561318986751,41.89878004068138,11.416561318986751,0.0
Lower,343,musclewood,2022,3.32,1.0,3.5,-0.051428571428571476,normal,8.4328,hardwood,10.111053401895585,37.1075659849568,11.416561318986751,-0.11435211361936023
Lower,343,musclewood,2023,2.5,1.0,3.32,-0.24698795180722888,normal,6.35,hardwood,5.265514724444983,19.324439038713088,10.111053401895585,-0.4792318351856571
Lower,343,musclewood,2024,3.5,1.0,2.5,0.4,normal,8.89,hardwood,11.416561318986751,41.89878004068138,5.265514724444983,1.1681757466151852
Lower,343,musclewood,2025,3.51,1.0,3.5,0.0028571428571427964,normal,8.9154,hardwood,11.491723804660406,42.17462636310369,11.416561318986751,0.006583636138199769
Lower,344,White Ash,2015,2.8,,,,initial,7.111999999999999,hardwood,6.833485601954647,25.078892159173552,,
Lower,344,White Ash,2016,3.31,1.0,2.8,0.18214285714285725,normal,8.4074,hardwood,10.041144045419015,36.850998646687785,6.833485601954647,0.46940297094455746
Lower,344,White Ash,2017,3.25,1.0,3.31,-0.018126888217522674,normal,8.255,hardwood,9.627433818896398,35.332682115349776,10.041144045419015,-0.04120150300118053
Lower,344,White Ash,2018,3.4,1.0,3.25,0.04615384615384613,normal,8.636,hardwood,10.680223002041938,39.19641841749391,9.627433818896398,0.1093530428720436
Lower,344,White Ash,2021,3.5,3.0,3.4,0.00980392156862746,annualized,8.89,hardwood,11.416561318986751,41.89878004068138,10.680223002041938,0.022981365239409763
Lower,344,White Ash,2022,3.45,1.0,3.5,-0.014285714285714235,normal,8.763,hardwood,11.044923960425043,40.53487093475991,11.416561318986751,-0.032552477771362054
Lower,344,White Ash,2023,3.5,1.0,3.45,0.014492753623188354,normal,8.89,hardwood,11.416561318986751,41.89878004068138,11.044923960425043,0.033647796933081495
Lower,344,White Ash,2024,3.5,1.0,3.5,0.0,normal,8.89,hardwood,11.416561318986751,41.89878004068138,11.416561318986751,0.0
Lower,344,White Ash,2025,3.6,1.0,3.5,0.0285714285714286,normal,9.144,hardwood,12.180764967060203,44.70340742911094,11.416561318986751,0.06693816349083263
Lower,346,Black Birch ,2015,9.31,,,,initial,23.6474,hardwood,108.33357569988588,397.58422281858117,,
Lower,346,Black Birch ,2016,9.3,1.0,9.31,-0.0010741138560687203,normal,23.622000000000003,hardwood,108.06612856699694,396.6026918408788,108.33357569988588,-0.0024687372419964207
Lower,346,Black Birch ,2017,9.38,1.0,9.3,0.008602150537634416,normal,23.825200000000002,hardwood,110.21617624914825,404.49336683437406,108.06612856699694,0.01989566676128646
Lower,346,Black Birch ,2018,9.4,1.0,9.38,0.0021321961620468627,normal,23.876,hardwood,110.75743127900908,406.4797727939633,110.21617624914825,0.004910849280756263
Lower,346,Black Birch ,2021,14.5,3.0,9.4,0.1808510638297872,annualized,36.83,hardwood,300.14092507413557,1101.5171950220774,110.75743127900908,0.5699647467086594
Lower,346,Black Birch ,2022,9.9,1.0,14.5,-0.3172413793103448,normal,25.146,hardwood,124.77849961247537,457.9370935777846,300.14092507413557,-0.5842669586573215
Lower,346,Black Birch ,2023,4.5,1.0,9.9,-0.5454545454545455,normal,11.43,hardwood,20.350148995533267,74.68504681360709,124.77849961247537,-0.8369098117164838
Lower,346,Black Birch ,2024,10.12,1.0,4.5,1.2488888888888887,normal,25.7048,hardwood,131.24839171552162,481.6815975959643,20.350148995533267,5.449505197447441
Lower,346,Black Birch ,2025,15.14,1.0,10.12,0.4960474308300397,normal,38.455600000000004,hardwood,331.4883916433261,1216.5623973310069,131.24839171552162,1.5256567894700064
Lower,347,Norway Maple,2015,3.29,,,,initial,8.3566,hardwood,9.902147174249505,36.34088012949568,,
Lower,347,Norway Maple,2016,3.3,1.0,3.29,0.0030395136778114855,normal,8.382,hardwood,9.971508719079994,36.595436999023576,9.902147174249505,0.007004697426722093
Lower,347,Norway Maple,2017,3.38,1.0,3.3,0.024242424242424267,normal,8.5852,hardwood,10.536278031024223,38.6681403738589,9.971508719079994,0.05663830096879626
Lower,347,Norway Maple,2018,3.5,1.0,3.38,0.03550295857988169,normal,8.89,hardwood,11.416561318986751,41.89878004068138,10.536278031024223,0.08354784159743336
Lower,347,Norway Maple,2021,3.8,3.0,3.5,0.028571428571428553,annualized,9.652,hardwood,13.793709769009748,50.62291485226577,11.416561318986751,0.06940643461149107
Lower,347,Norway Maple,2022,4.0,1.0,3.8,0.052631578947368474,normal,10.16,hardwood,15.520896100149127,56.961688687547294,13.793709769009748,0.12521550475274162
Lower,347,Norway Maple,2023,4.0,1.0,4.0,0.0,normal,10.16,hardwood,15.520896100149127,56.961688687547294,15.520896100149127,0.0
Lower,347,Norway Maple,2024,4.12,1.0,4.0,0.030000000000000027,normal,10.4648,hardwood,16.612783621256593,60.968915890011694,15.520896100149127,0.07034951552165698
Lower,347,Norway Maple,2025,4.29,1.0,4.12,0.04126213592233008,normal,10.8966,hardwood,18.231843474259765,66.91086555053333,16.612783621256593,0.09745867338761535
Lower,348,Musclewood,2015,5.1,,,,initial,12.953999999999999,hardwood,27.138773514041727,99.59929879653313,,
Lower,348,Musclewood,2016,3.25,1.0,5.1,-0.3627450980392156,normal,8.255,hardwood,9.627433818896398,35.332682115349776,27.138773514041727,-0.6452516981316375
Lower,348,Musclewood,2017,3.2,1.0,3.25,-0.01538461538461533,normal,8.128,hardwood,9.290172151347615,34.094931795445746,9.627433818896398,-0.03503131508282265
Lower,348,Musclewood,2018,3.3,1.0,3.2,0.03124999999999989,normal,8.382,hardwood,9.971508719079994,36.595436999023576,9.290172151347615,0.07333949862635698
Lower,348,Musclewood,2021,3.3,3.0,3.3,0.0,annualized,8.382,hardwood,9.971508719079994,36.595436999023576,9.971508719079994,0.0
Lower,348,Musclewood,2022,3.25,1.0,3.3,-0.015151515151515098,normal,8.255,hardwood,9.627433818896398,35.332682115349776,9.971508719079994,-0.03450580146665525
Lower,348,Musclewood,2023,3.3,1.0,3.25,0.01538461538461533,normal,8.382,hardwood,9.971508719079994,36.595436999023576,9.627433818896398,0.035739004459138184
Lower,348,Musclewood,2024,3.88,1.0,3.3,0.17575757575757578,normal,9.8552,hardwood,14.470774652530535,53.107742974787065,9.971508719079994,0.4512121545700919
Lower,348,Musclewood,2025,3.3,1.0,3.88,-0.14948453608247425,normal,8.382,hardwood,9.971508719079994,36.595436999023576,14.470774652530535,-0.3109208761442322
Lower,349,Musclewood,2015,2.4,,,,initial,6.096,hardwood,4.7936317430245,17.592628496899916,,
Lower,349,Musclewood,2016,2.88,1.0,2.4,0.2,normal,7.3152,hardwood,7.29090657839054,26.75762714269328,4.7936317430245,0.5209567545525318
Lower,349,Musclewood,2017,2.8,1.0,2.88,-0.027777777777777804,normal,7.111999999999999,hardwood,6.833485601954647,25.078892159173552,7.29090657839054,-0.06273855953546839
Lower,349,Musclewood,2018,2.8,1.0,2.8,0.0,normal,7.111999999999999,hardwood,6.833485601954647,25.078892159173552,6.833485601954647,0.0
Lower,349,Musclewood,2021,2.9,3.0,2.8,0.011904761904761918,annualized,7.366,hardwood,7.4078845743540365,27.186936387879314,6.833485601954647,0.028018837718537522
Lower,349,Musclewood,2022,2.78,1.0,2.9,-0.04137931034482763,normal,7.0611999999999995,hardwood,6.721742050465637,24.66879332520889,7.4078845743540365,-0.09262327416166995
Lower,349,Musclewood,2023,2.83,1.0,2.78,0.017985611510791463,normal,7.1882,hardwood,7.00305622771647,25.701216355719442,6.721742050465637,0.04185137946960419
Lower,349,Musclewood,2024,2.88,1.0,2.83,0.017667844522968136,normal,7.3152,hardwood,7.29090657839054,26.75762714269328,7.00305622771647,0.04110353270259706
Lower,349,Musclewood,2025,2.8,1.0,2.88,-0.027777777777777804,normal,7.111999999999999,hardwood,6.833485601954647,25.078892159173552,7.29090657839054,-0.06273855953546839
Lower,350,Musclewood,2015,3.44,,,,initial,8.7376,hardwood,10.971429822304144,40.26514744785621,,
Lower,350,Musclewood,2016,3.44,1.0,3.44,0.0,normal,8.7376,hardwood,10.971429822304144,40.26514744785621,10.971429822304144,0.0
Lower,350,Musclewood,2017,3.45,1.0,3.44,0.0029069767441861137,normal,8.763,hardwood,11.044923960425043,40.53487093475991,10.971429822304144,0.006698683700413539
Lower,350,Musclewood,2018,3.5,1.0,3.45,0.014492753623188354,normal,8.89,hardwood,11.416561318986751,41.89878004068138,11.044923960425043,0.033647796933081495
Lower,350,Musclewood,2021,10.6,3.0,3.5,0.6761904761904761,annualized,26.924,hardwood,146.0098993965418,535.8563307853084,11.416561318986751,3.929768760689626
Lower,350,Musclewood,2022,3.55,1.0,10.6,-0.6650943396226415,normal,9.017,hardwood,11.795165084982617,43.288255861886206,146.0098993965418,-0.919216675487539
Lower,350,Musclewood,2023,2.61,1.0,3.55,-0.2647887323943662,normal,6.6293999999999995,hardwood,5.8136914467490275,21.33624760956893,11.795165084982617,-0.5071123290888985
Lower,350,Musclewood,2024,3.5,1.0,2.61,0.3409961685823755,normal,8.89,hardwood,11.416561318986751,41.89878004068138,5.8136914467490275,0.9637370547710795
Lower,350,Musclewood,2025,6.2,1.0,3.5,0.7714285714285715,normal,15.748000000000001,hardwood,42.52846398772181,156.07946283493902,11.416561318986751,2.7251553072283867
Lower,351,Musclewood,2015,2.2,,,,initial,5.588000000000001,hardwood,3.9241985910482433,14.401808829147052,,
Lower,351,Musclewood,2016,2.25,1.0,2.2,0.022727272727272645,normal,5.715,hardwood,4.132364321957084,15.165777061582498,3.9241985910482433,0.05304668611412831
Lower,351,Musclewood,2017,2.25,1.0,2.25,0.0,normal,5.715,hardwood,4.132364321957084,15.165777061582498,4.132364321957084,0.0
Lower,351,Musclewood,2018,2.4,1.0,2.25,0.06666666666666662,normal,6.096,hardwood,4.7936317430245,17.592628496899916,4.132364321957084,0.1600215686583608
Lower,351,Musclewood,2021,2.6,3.0,2.4,0.027777777777777804,annualized,6.604,hardwood,5.762587222808233,21.148695107706214,4.7936317430245,0.06737796669464774
Lower,351,Musclewood,2022,2.3,1.0,2.6,-0.11538461538461549,normal,5.842,hardwood,4.346631614612262,15.952138025627,5.762587222808233,-0.24571525834639696
Lower,351,Musclewood,2023,1.28,1.0,2.3,-0.44347826086956516,normal,3.2512000000000003,hardwood,1.1291762675927257,4.144076902065303,4.346631614612262,-0.7402180889227593
Lower,351,Musclewood,2024,2.3,1.0,1.28,0.7968749999999998,normal,5.842,hardwood,4.346631614612262,15.952138025627,1.1291762675927257,2.849382722042841
Lower,351,Musclewood,2025,2.25,1.0,2.3,-0.021739130434782532,normal,5.715,hardwood,4.132364321957084,15.165777061582498,4.346631614612262,-0.049295020064471555
Lower,354,Musclewood,2015,2.6,,,,initial,6.604,hardwood,5.762587222808233,21.148695107706214,,
Lower,354,Musclewood,2016,2.69,1.0,2.6,0.03461538461538456,normal,6.8326,hardwood,6.231736128169562,22.87047159038229,5.762587222808233,0.08141289445553977
Lower,354,Musclewood,2017,2.7,1.0,2.69,0.003717472118959194,normal,6.8580000000000005,hardwood,6.285147427752522,23.066491059851753,6.231736128169562,0.00857085384946302
Lower,354,Musclewood,2018,3.8,1.0,2.7,0.4074074074074073,normal,9.652,hardwood,13.793709769009748,50.62291485226577,6.285147427752522,1.1946517448584624
Lower,354,Musclewood,2021,2.8,3.0,3.8,-0.08771929824561404,annualized,7.111999999999999,hardwood,6.833485601954647,25.078892159173552,13.793709769009748,-0.16819802367918454
Lower,354,Musclewood,2022,3.15,1.0,2.8,0.12500000000000003,normal,8.001,hardwood,8.95969209904525,32.88207000349607,6.833485601954647,0.31114523699039115
Lower,354,Musclewood,2023,2.97,1.0,3.15,-0.05714285714285705,normal,7.543800000000001,hardwood,7.825618011381311,28.720018101769412,8.95969209904525,-0.12657511833300464
Lower,354,Musclewood,2024,3.0,1.0,2.97,0.010101010101010034,normal,7.62,hardwood,8.00862018634041,29.391636083869304,7.825618011381311,0.023385012492680674
Lower,354,Musclewood,2025,3.0,1.0,3.0,0.0,normal,7.62,hardwood,8.00862018634041,29.391636083869304,8.00862018634041,0.0
Lower,355,Musclewood,2015,6.6,,,,initial,16.764,hardwood,49.10546900846182,180.21707126105485,,
Lower,355,Musclewood,2016,1.75,1.0,6.6,-0.7348484848484849,normal,4.445,hardwood,2.3182823223737237,8.508096123111565,49.10546900846182,-0.9527897326064793
Lower,355,Musclewood,2017,1.8,1.0,1.75,0.0285714285714286,normal,4.572,hardwood,2.473463883486683,9.077612452396126,2.3182823223737237,0.06693816349083262
Lower,355,Musclewood,2018,1.9,1.0,1.8,0.05555555555555548,normal,4.826,hardwood,2.800993453630146,10.279645974822635,2.473463883486683,0.13241736510895216
Lower,355,Musclewood,2021,1.9,3.0,1.9,0.0,annualized,4.826,hardwood,2.800993453630146,10.279645974822635,2.800993453630146,0.0
Lower,355,Musclewood,2022,2.0,1.0,1.9,0.052631578947368474,normal,5.08,hardwood,3.1517212627355704,11.566817034239543,2.800993453630146,0.12521550475274187
Lower,355,Musclewood,2023,1.97,1.0,2.0,-0.015000000000000013,normal,5.0038,hardwood,3.044045444974771,11.171646783057408,3.1517212627355704,-0.03416413089377742
Lower,355,Musclewood,2024,2.0,1.0,1.97,0.0152284263959391,normal,5.08,hardwood,3.1517212627355704,11.566817034239543,3.044045444974771,0.035372605208163016
Lower,355,Musclewood,2025,2.0,1.0,2.0,0.0,normal,5.08,hardwood,3.1517212627355704,11.566817034239543,3.1517212627355704,0.0
Lower,362,black birch ,2015,2.44,,,,initial,6.1975999999999996,hardwood,4.979381623436866,18.274330558013297,,
Lower,362,black birch ,2016,2.6,1.0,2.44,0.06557377049180334,normal,6.604,hardwood,5.762587222808233,21.148695107706214,4.979381623436866,0.1572897316576398
Lower,362,black birch ,2017,2.65,1.0,2.6,0.019230769230769162,normal,6.731,hardwood,6.020663040777856,22.09583335965473,5.762587222808233,0.04478471353078394
Lower,362,black birch ,2018,2.7,1.0,2.65,0.018867924528301987,normal,6.8580000000000005,hardwood,6.285147427752522,23.066491059851753,6.020663040777856,0.043929445176273355
Lower,362,black birch ,2021,2.8,3.0,2.7,0.012345679012345633,annualized,7.111999999999999,hardwood,6.833485601954647,25.078892159173552,6.285147427752522,0.029081162136886832
Lower,362,black birch ,2022,2.56,1.0,2.8,-0.08571428571428563,normal,6.502400000000001,hardwood,5.560716214113794,20.40782850579762,6.833485601954647,-0.18625478445096758
Lower,362,black birch ,2023,3.0,1.0,2.56,0.17187499999999997,normal,7.62,hardwood,8.00862018634041,29.391636083869304,5.560716214113794,0.44021379224739615
Lower,362,black birch ,2024,3.0,1.0,3.0,0.0,normal,7.62,hardwood,8.00862018634041,29.391636083869304,8.00862018634041,0.0
Lower,362,black birch ,2025,3.2,1.0,3.0,0.06666666666666672,normal,8.128,hardwood,9.290172151347615,34.094931795445746,8.00862018634041,0.16002156865836067
Lower,363,black birch,2015,2.38,,,,initial,6.0451999999999995,hardwood,4.702251058134278,17.2572613833528,,
Lower,363,black birch,2016,2.3,1.0,2.38,-0.033613445378151294,normal,5.842,hardwood,4.346631614612262,15.952138025627,4.702251058134278,-0.07562748971194154
Lower,363,black birch,2017,2.44,1.0,2.3,0.06086956521739136,normal,6.1975999999999996,hardwood,4.979381623436866,18.274330558013297,4.346631614612262,0.1455724949631021
Lower,363,black birch,2018,2.5,1.0,2.44,0.024590163934426253,normal,6.35,hardwood,5.265514724444983,19.324439038713088,4.979381623436866,0.057463581353425636
Lower,363,black birch,2021,2.5,3.0,2.5,0.0,annualized,6.35,hardwood,5.265514724444983,19.324439038713088,5.265514724444983,0.0
Lower,363,black birch,2022,2.6,1.0,2.5,0.040000000000000036,normal,6.604,hardwood,5.762587222808233,21.148695107706214,5.265514724444983,0.09440150191881666
Lower,363,black birch,2023,2.55,1.0,2.6,-0.019230769230769332,normal,6.476999999999999,hardwood,5.510883455237382,20.22494228072119,5.762587222808233,-0.04367895145684071
Lower,363,black birch,2024,2.6,1.0,2.55,0.01960784313725501,normal,6.604,hardwood,5.762587222808233,21.148695107706214,5.510883455237382,0.04567394132271831
Lower,363,black birch,2025,2.4,1.0,2.6,-0.07692307692307698,normal,6.096,hardwood,4.7936317430245,17.592628496899916,5.762587222808233,-0.16814591125816228
Lower,364,White Pine ,2015,10.1,,,,initial,25.654,softwood,83.33505659165701,305.8396576913812,,
Lower,364,White Pine ,2016,11.06,1.0,10.1,0.09504950495049513,normal,28.0924,softwood,104.5712062310204,383.77632686784483,83.33505659165701,0.2548285260478172
Lower,364,White Pine ,2017,11.2,1.0,11.06,0.012658227848101156,normal,28.447999999999997,softwood,107.91190439512755,396.0366891301181,104.5712062310204,0.03194663506823119
Lower,364,White Pine ,2018,11.25,1.0,11.2,0.004464285714285778,normal,28.575,softwood,109.1203138288181,400.47155175176243,107.91190439512755,0.0111981105371458
Lower,364,White Pine ,2021,11.6,3.0,11.25,0.01037037037037036,annualized,29.464,softwood,117.80650539312292,432.3498747927611,109.1203138288181,0.026533988828548877
Lower,364,White Pine ,2022,11.8,1.0,11.6,0.01724137931034492,normal,29.972,softwood,122.95022235269694,451.22731603439775,117.80650539312292,0.043662418661934876
Lower,364,White Pine ,2023,11.49,1.0,11.8,-0.026271186440678006,normal,29.1846,softwood,115.03351010266054,422.1729820767642,122.95022235269694,-0.06438957245092565
Lower,364,White Pine ,2024,11.76,1.0,11.49,0.02349869451697124,normal,29.8704,softwood,121.91091884660871,447.41307216705394,115.03351010266054,0.05978613308252951
Lower,364,White Pine ,2025,11.9,1.0,11.76,0.011904761904761953,normal,30.226000000000003,softwood,125.57167973036172,460.8480646104275,121.91091884660871,0.030028162517248123
Lower,365,Red Oak ,2015,24.1,,,,initial,61.214000000000006,hardwood,965.6461416061517,3543.9213396945765,,
Lower,365,Red Oak ,2016,27.94,1.0,24.1,0.15933609958506223,normal,70.9676,hardwood,1356.7490798347683,4979.2691229936,965.6461416061517,0.40501682901989144
Lower,365,Red Oak ,2017,27.5,1.0,27.94,-0.015748031496063037,normal,69.85,hardwood,1308.109222107191,4800.760845133391,1356.7490798347683,-0.03585029719238936
Lower,365,Red Oak ,2018,27.56,1.0,27.5,0.0021818181818181355,normal,70.0024,hardwood,1314.6828634654687,4824.88610891827,1308.109222107191,0.0050253000645377206
Lower,365,Red Oak ,2021,28.1,3.0,27.56,0.006531204644412225,annualized,71.37400000000001,hardwood,1374.6854860326932,5045.095733739984,1314.6828634654687,0.015213459264505113
Lower,365,Red Oak ,2022,28.6,1.0,28.1,0.01779359430604982,normal,72.644,hardwood,1431.5966973479653,5253.959879267033,1374.6854860326932,0.04139944146752898
Lower,365,Red Oak ,2023,28.28,1.0,28.6,-0.011188811188811197,normal,71.83120000000001,hardwood,1395.0232423360314,5119.735299373236,1431.5966973479653,-0.02554731725749736
Lower,365,Red Oak ,2024,28.81,1.0,28.28,0.018741159830268656,normal,73.17739999999999,hardwood,1455.8891372309947,5343.11313363775,1395.0232423360314,0.04363073893524562
Lower,365,Red Oak ,2025,28.61,1.0,28.81,-0.006942034015966654,normal,72.6694,hardwood,1432.7482430698885,5258.18605206649,1455.8891372309947,-0.01589468151752176
Lower,367,black birch,2015,11.9,,,,initial,30.226000000000003,hardwood,190.51835491677102,699.2023625445496,,
Lower,367,black birch,2016,12.1,1.0,11.9,0.01680672268907557,normal,30.733999999999998,hardwood,197.96351814207748,726.5261115814243,190.51835491677102,0.039078456396282234
Lower,367,black birch,2017,12.4,1.0,12.1,0.024793388429752126,normal,31.496000000000002,hardwood,209.43472338649661,768.6254348284425,197.96351814207748,0.05794605668801213
Lower,367,black birch,2018,12.6,1.0,12.4,0.016129032258064457,normal,32.004,hardwood,217.28565992568332,797.4383719272578,209.43472338649661,0.037486317513349354
Lower,367,black birch,2021,12.8,3.0,12.6,0.005291005291005319,annualized,32.512,hardwood,225.30028536849798,826.8520473023875,217.28565992568332,0.012295067309942509
Lower,367,black birch,2022,12.48,1.0,12.8,-0.025000000000000022,normal,31.6992,hardwood,212.55550530426345,780.0787044666469,225.30028536849798,-0.05656797124508453
Lower,367,black birch,2023,13.0,1.0,12.48,0.04166666666666663,normal,33.02,hardwood,233.4793749165397,856.8693059437007,212.55550530426345,0.09843955621062228
Lower,367,black birch,2024,12.79,1.0,13.0,-0.01615384615384622,normal,32.486599999999996,hardwood,224.89565448317308,825.3670519532452,233.4793749165397,-0.03676436274696641
Lower,367,black birch,2025,12.96,1.0,12.79,0.01329163408913227,normal,32.918400000000005,hardwood,231.8303629540023,850.8174320411885,224.89565448317308,0.030835226615497355
Lower,368,sugar maple,2015,4.0,,,,initial,10.16,hardwood,15.520896100149127,56.961688687547294,,
Lower,368,sugar maple,2016,4.6,1.0,4.0,0.1499999999999999,normal,11.684,hardwood,21.405324916793116,78.55754244463074,15.520896100149127,0.3791294509462924
Lower,368,sugar maple,2017,4.25,1.0,4.6,-0.07608695652173907,normal,10.795,hardwood,17.84322495219531,65.48463557455679,21.405324916793116,-0.16641186146178197
Lower,368,sugar maple,2018,9.5,1.0,4.25,1.2352941176470589,normal,24.13,hardwood,113.48621294797347,416.49440151906265,17.84322495219531,5.360185070356964
Lower,368,sugar maple,2021,5.0,3.0,9.5,-0.15789473684210525,annualized,12.7,hardwood,25.930436145543343,95.16470065414407,113.48621294797347,-0.25717008415394954
Lower,368,sugar maple,2022,12.5,1.0,5.0,1.5,normal,31.75,hardwood,213.33977932886583,782.9569901369376,25.930436145543343,7.227388777088984
Lower,368,sugar maple,2023,11.1,1.0,12.5,-0.11200000000000003,normal,28.194,hardwood,162.33855010300397,595.7824788780246,213.33977932886583,-0.23906103862253864
Lower,368,sugar maple,2024,4.63,1.0,11.1,-0.5828828828828829,normal,11.7602,hardwood,21.727766776672528,79.74090407038818,162.33855010300397,-0.8661576885903796
Lower,368,sugar maple,2025,4.7,1.0,4.63,0.01511879049676032,normal,11.938,hardwood,22.490747242659054,82.54104238055872,21.727766776672528,0.03511545727772084
Lower,370,Black Birch,2015,6.63,,,,initial,16.8402,hardwood,49.620361846010255,182.10672797485762,,
Lower,370,Black Birch,2016,6.75,1.0,6.63,0.018099547511312233,normal,17.145,hardwood,51.71035140944077,189.77698967264763,49.620361846010255,0.042119595377327144
Lower,370,Black Birch,2017,6.9,1.0,6.75,0.022222222222222275,normal,17.526,hardwood,54.39158571878679,199.6171195879475,51.71035140944077,0.05185101698721991
Lower,370,Black Birch,2018,6.9,1.0,6.9,0.0,normal,17.526,hardwood,54.39158571878679,199.6171195879475,54.39158571878679,0.0
Lower,370,Black Birch,2021,7.4,3.0,6.9,0.024154589371980673,annualized,18.796000000000003,hardwood,63.88689289997424,234.46489694290545,54.39158571878679,0.05819102995255986
Lower,370,Black Birch,2022,7.6,1.0,7.4,0.02702702702702693,normal,19.304,hardwood,67.92819488567018,249.29647523040956,63.88689289997424,0.06325713776726129
Lower,370,Black Birch,2023,7.59,1.0,7.6,-0.0013157894736841825,normal,19.2786,hardwood,67.72279851210013,248.54267053940745,67.92819488567018,-0.0030237278337184688
Lower,370,Black Birch,2024,7.78,1.0,7.59,0.025032938076416388,normal,19.761200000000002,hardwood,71.68559341544938,263.0861278346992,67.72279851210013,0.05851493131432261
Lower,370,Black Birch,2025,7.94,1.0,7.78,0.02056555269922881,normal,20.1676,hardwood,75.12179682578291,275.69699435062324,71.68559341544938,0.0479343651439032
Lower,371,red oak,2015,16.7,,,,initial,42.418,hardwood,415.3619362137748,1524.3783059045536,,
Lower,371,red oak,2016,17.8,1.0,16.7,0.06586826347305398,normal,45.212,hardwood,480.99971265257443,1765.2689454349481,415.3619362137748,0.15802549708121966
Lower,371,red oak,2017,16.9,1.0,17.8,-0.050561797752809105,normal,42.925999999999995,hardwood,426.8922123892106,1566.6944194684029,480.99971265257443,-0.11248967273800765
Lower,371,red oak,2018,17.0,1.0,16.9,0.005917159763313694,normal,43.18,hardwood,432.7243465602261,1588.0983518760297,426.8922123892106,0.013661842502055611
Lower,371,red oak,2021,17.4,3.0,17.0,0.007843137254901933,annualized,44.196,hardwood,456.5013673091518,1675.3600180245871,432.7243465602261,0.01831575608346816
Lower,371,red oak,2022,54.0,1.0,17.4,2.1034482758620694,normal,137.16,hardwood,6175.675375228168,22664.728627087377,456.5013673091518,12.52827355508418
Lower,371,red oak,2023,17.25,1.0,54.0,-0.6805555555555556,normal,43.815,hardwood,447.5007219108198,1642.3276494127085,6175.675375228168,-0.927538172795508
Lower,371,red oak,2024,17.94,1.0,17.25,0.04000000000000008,normal,45.567600000000006,hardwood,489.745462168956,1797.3658461600685,447.5007219108198,0.09440150191881697
Lower,371,red oak,2025,18.28,1.0,17.94,0.01895206243032329,normal,46.431200000000004,hardwood,511.35681916974863,1876.6795263529775,489.745462168956,0.0441277330168237
Lower,372,white pine,2015,6.5,,,,initial,16.51,softwood,27.689026811438836,101.61872839798053,,
Lower,372,white pine,2016,6.5,1.0,6.5,0.0,normal,16.51,softwood,27.689026811438836,101.61872839798053,27.689026811438836,0.0
Lower,372,white pine,2017,6.6,1.0,6.5,0.01538461538461533,normal,16.764,softwood,28.766308858213947,105.57235350964518,27.689026811438836,0.038906461180862655
Lower,372,white pine,2018,6.4,1.0,6.6,-0.030303030303030196,normal,16.256,softwood,26.636320702776494,97.75529697918974,28.766308858213947,-0.07404454168714991
Lower,372,white pine,2021,6.5,3.0,6.4,0.005208333333333314,annualized,16.51,softwood,27.689026811438836,101.61872839798053,26.636320702776494,0.013173817815769262
Lower,372,white pine,2022,6.6,1.0,6.5,0.01538461538461533,normal,16.764,softwood,28.766308858213947,105.57235350964518,27.689026811438836,0.038906461180862655
Lower,372,white pine,2023,6.35,1.0,6.6,-0.03787878787878788,normal,16.128999999999998,softwood,26.119124376036623,95.85718646005441,28.766308858213947,-0.09202378015285213
Lower,372,white pine,2024,6.44,1.0,6.35,0.01417322834645681,normal,16.3576,softwood,27.05446614675792,99.28989075860157,26.119124376036623,0.035810609776009215
Lower,372,white pine,2025,6.4,1.0,6.44,-0.006211180124223607,normal,16.256,softwood,26.636320702776494,97.75529697918974,27.05446614675792,-0.01545569007768188
Lower,373,black oak,2015,10.4,,,,initial,26.416,hardwood,139.75118271314534,512.8868405572434,,
Lower,373,black oak,2016,10.4,1.0,10.4,0.0,normal,26.416,hardwood,139.75118271314534,512.8868405572434,139.75118271314534,0.0
Lower,373,black oak,2017,10.69,1.0,10.4,0.027884615384615303,normal,27.1526,hardwood,148.8769742197109,546.378495386339,139.75118271314534,0.06530028103803055
Lower,373,black oak,2018,10.6,1.0,10.69,-0.008419083255378846,normal,26.924,hardwood,146.0098993965418,535.8563307853084,148.8769742197109,-0.01925801379424787
Lower,373,black oak,2021,10.6,3.0,10.6,0.0,annualized,26.924,hardwood,146.0098993965418,535.8563307853084,146.0098993965418,0.0
Lower,373,black oak,2022,10.7,1.0,10.6,0.00943396226415091,normal,27.177999999999997,hardwood,149.19748428997713,547.5547673442161,146.0098993965418,0.021831292991842246
Lower,373,black oak,2023,10.68,1.0,10.7,-0.001869158878504633,normal,27.1272,hardwood,148.55685368159183,545.203653011442,149.19748428997713,-0.0042938432335774355
Lower,373,black oak,2024,10.63,1.0,10.68,-0.004681647940074807,normal,27.000200000000003,hardwood,146.96209014335213,539.3508708261023,148.55685368159183,-0.010735038463172005
Lower,373,black oak,2025,10.87,1.0,10.63,0.022577610536218103,normal,27.6098,hardwood,154.7058595206403,567.7705044407498,146.96209014335213,0.052692292071612634
Lower,374,Shagbark Hickory,2015,12.7,,,,initial,32.257999999999996,hardwood,221.2724628837397,812.0699387833247,,
Lower,374,Shagbark Hickory,2016,12.7,1.0,12.7,0.0,normal,32.257999999999996,hardwood,221.2724628837397,812.0699387833247,221.2724628837397,0.0
Lower,374,Shagbark Hickory,2017,12.93,1.0,12.7,0.018110236220472475,normal,32.8422,hardwood,230.59793763625453,846.2944311250541,221.2724628837397,0.04214475959177344
Lower,374,Shagbark Hickory,2018,12.38,1.0,12.93,-0.04253673627223503,normal,31.445200000000003,hardwood,208.6586025198142,765.777071247718,230.59793763625453,-0.09514107255827876
Lower,374,Shagbark Hickory,2021,13.3,3.0,12.38,0.024771136241249325,annualized,33.782000000000004,hardwood,246.0580544890023,903.0330599746384,208.6586025198142,0.05974584243918509
Lower,374,Shagbark Hickory,2022,13.45,1.0,13.3,0.011278195488721696,normal,34.163,hardwood,252.4876066241652,926.6295163106863,246.0580544890023,0.02613022422092783
Lower,374,Shagbark Hickory,2023,14.0,1.0,13.45,0.04089219330855024,normal,35.56,hardwood,276.8683379803203,1016.1068003877755,252.4876066241652,0.09656209143146767
Lower,374,Shagbark Hickory,2024,13.65,1.0,14.0,-0.024999999999999974,normal,34.671,hardwood,261.2064577987751,958.6277001215045,276.8683379803203,-0.05656797124508488
Lower,374,Shagbark Hickory,2025,13.84,1.0,13.65,0.013919413919413882,normal,35.1536,hardwood,269.64465682409036,989.5958905444116,261.2064577987751,0.032304710597223375
Lower,375,Red Oak,2015,25.6,,,,initial,65.024,hardwood,1109.5087506257664,4071.8971147965626,,
Lower,375,Red Oak,2016,25.7,1.0,25.6,0.0039062499999999167,normal,65.278,hardwood,1119.502313178319,4108.57348936443,1109.5087506257664,0.009007195794459553
Lower,375,Red Oak,2017,26.38,1.0,25.7,0.026459143968871585,normal,67.0052,hardwood,1188.8055704038693,4362.916443382201,1119.502313178319,0.06190541672825601
Lower,375,Red Oak,2018,28.88,1.0,26.38,0.09476876421531463,normal,73.3552,hardwood,1464.0379893305064,5373.019420842958,1188.8055704038693,0.2315201289249791
Lower,375,Red Oak,2021,27.17,3.0,28.88,-0.019736842105263126,annualized,69.01180000000001,hardwood,1272.2866786860968,4669.292110777975,1464.0379893305064,-0.043658090851430256
Lower,375,Red Oak,2022,28.3,1.0,27.17,0.04158998895840997,normal,71.882,hardwood,1397.2934180770787,5128.0668443428785,1272.2866786860968,0.09825359448082693
Lower,375,Red Oak,2023,27.75,1.0,28.3,-0.01943462897526504,normal,70.485,hardwood,1335.6223652063522,4901.734080307313,1397.2934180770787,-0.044136079131895364
Lower,375,Red Oak,2024,28.0,1.0,27.75,0.009009009009009009,normal,71.12,hardwood,1363.4596301462536,5003.896842636751,1335.6223652063522,0.02084216741578789
Lower,375,Red Oak,2025,28.13,1.0,28.0,0.0046428571428571075,normal,71.4502,hardwood,1378.0633909802284,5057.492644897438,1363.4596301462536,0.010710812781753046
Lower,376,black birch,2015,3.5,,,,initial,8.89,hardwood,11.416561318986751,41.89878004068138,,
Lower,376,black birch,2016,3.56,1.0,3.5,0.017142857142857158,normal,9.0424,hardwood,11.87172442660931,43.56922864565617,11.416561318986751,0.03986866928709804
Lower,376,black birch,2017,3.75,1.0,3.56,0.05337078651685392,normal,9.525,hardwood,13.379834064723505,49.103991017535265,11.87172442660931,0.12703374707164825
Lower,376,black birch,2018,3.9,1.0,3.75,0.03999999999999997,normal,9.906,hardwood,14.642910495857947,53.739481519798666,13.379834064723505,0.09440150191881645
Lower,376,black birch,2021,4.3,3.0,3.9,0.034188034188034185,annualized,10.921999999999999,hardwood,18.32973808966056,67.27013878905424,14.642910495857947,0.08392747682335211
Lower,376,black birch,2022,4.7,1.0,4.3,0.09302325581395357,normal,11.938,hardwood,22.490747242659054,82.54104238055872,18.32973808966056,0.22700865296845885
Lower,376,black birch,2023,3.25,1.0,4.7,-0.30851063829787234,normal,8.255,hardwood,9.627433818896398,35.332682115349776,22.490747242659054,-0.5719380189985116
Lower,376,black birch,2024,4.63,1.0,3.25,0.42461538461538456,normal,11.7602,hardwood,21.727766776672528,79.74090407038818,9.627433818896398,1.2568596352255375
Lower,376,black birch,2025,4.75,1.0,4.63,0.025917926565874754,normal,12.065,hardwood,23.044862105096374,84.5746439257037,21.727766776672528,0.060618071887531155
Lower,378,Red oak,2015,14.1,,,,initial,35.814,hardwood,281.4380225865499,1032.877542892638,,
Lower,378,Red oak,2016,14.44,1.0,14.1,0.024113475177304954,normal,36.6776,hardwood,297.2920912975672,1091.0619750620715,281.4380225865499,0.056332362504933904
Lower,378,Red oak,2017,14.5,1.0,14.44,0.004155124653739647,normal,36.83,hardwood,300.14092507413557,1101.5171950220774,297.2920912975672,0.00958260868674404
Lower,378,Red oak,2018,14.3,1.0,14.5,-0.013793103448275813,normal,36.322,hardwood,290.7044620091394,1066.8853755735415,300.14092507413557,-0.03144010788487228
Lower,378,Red oak,2021,14.6,3.0,14.3,0.006993006993006967,annualized,37.083999999999996,hardwood,304.9231375962875,1119.0679149783753,290.7044620091394,0.01630370065974555
Lower,378,Red oak,2022,14.9,1.0,14.6,0.020547945205479503,normal,37.846000000000004,hardwood,319.52675505808435,1172.6631910631695,304.9231375962875,0.047892782348093715
Lower,378,Red oak,2023,15.05,1.0,14.9,0.010067114093959755,normal,38.227000000000004,hardwood,326.97365459782503,1199.993312374018,319.52675505808435,0.023306028123957784
Lower,378,Red oak,2024,15.27,1.0,15.05,0.014617940199335471,normal,38.7858,hardwood,338.0715282563517,1240.7225087008107,326.97365459782503,0.03394118609395909
Lower,378,Red oak,2025,15.28,1.0,15.27,0.0006548788474132146,normal,38.8112,hardwood,338.5809555802039,1242.5921069793483,338.0715282563517,0.001506862546158933
Lower,379,sugar maple,2015,7.4,,,,initial,18.796000000000003,hardwood,63.88689289997424,234.46489694290545,,
Lower,379,sugar maple,2016,7.8,1.0,7.4,0.05405405405405398,normal,19.812,hardwood,72.1101498083406,264.64424979661,63.88689289997424,0.12871586854664
Lower,379,sugar maple,2017,7.8,1.0,7.8,0.0,normal,19.812,hardwood,72.1101498083406,264.64424979661,72.1101498083406,0.0
Lower,379,sugar maple,2018,7.75,1.0,7.8,-0.0064102564102563875,normal,19.685,hardwood,71.05141434398648,260.7586906424304,72.1101498083406,-0.014682197543176598
Lower,379,sugar maple,2021,8.0,3.0,7.75,0.010752688172043012,annualized,20.32,hardwood,76.43385809522198,280.5122592094647,71.05141434398648,0.02525140327808759
Lower,379,sugar maple,2022,7.13,1.0,8.0,-0.10875000000000001,normal,18.1102,hardwood,58.65225718897592,215.25378388354164,76.43385809522198,-0.23264036840968538
Lower,379,sugar maple,2023,8.1,1.0,7.13,0.1360448807854137,normal,20.573999999999998,hardwood,78.64920825647395,288.6425943012594,58.65225718897592,0.34094086103231147
Lower,379,sugar maple,2024,8.49,1.0,8.1,0.04814814814814822,normal,21.564600000000002,hardwood,87.63276184317327,321.6122359644459,78.64920825647395,0.11422306448914367
Lower,379,sugar maple,2025,8.25,1.0,8.49,-0.02826855123674914,normal,20.955000000000002,hardwood,82.0394789260037,301.08488765843356,87.63276184317327,-0.06382639094702114
Lower,380,red oak,2015,26.88,,,,initial,68.2752,hardwood,1241.2696014425158,4555.459437294033,,
Lower,380,red oak,2016,26.2,1.0,26.88,-0.025297619047619038,normal,66.548,hardwood,1170.2314932373492,4294.749580181072,1241.2696014425158,-0.05723020053227038
Lower,380,red oak,2017,26.94,1.0,26.2,0.02824427480916038,normal,68.4276,hardwood,1247.6514389217746,4578.880780842913,1170.2314932373492,0.0661578039318096
Lower,380,red oak,2018,27.0,1.0,26.94,0.0022271714922048524,normal,68.58,hardwood,1254.0517806618188,4602.3700350288755,1247.6514389217746,0.0051299117208372476
Lower,380,red oak,2021,26.68,3.0,27.0,-0.003950617283950621,annualized,67.7672,hardwood,1220.1302927162405,4477.878174268602,1254.0517806618188,-0.009016503802226418
Lower,380,red oak,2022,27.2,1.0,26.68,0.019490254872563704,normal,69.088,hardwood,1275.520053488052,4681.158596301151,1220.1302927162405,0.04539659502142471
Lower,380,red oak,2023,27.1,1.0,27.2,-0.003676470588235216,normal,68.834,hardwood,1264.76017102021,4641.66982764417,1275.520053488052,-0.00843568271499769
Lower,380,red oak,2024,27.69,1.0,27.1,0.021771217712177115,normal,70.3326,hardwood,1328.9896839852722,4877.392140225949,1264.76017102021,0.050783946582735856
Lower,380,red oak,2025,27.32,1.0,27.69,-0.0133622246298303,normal,69.39280000000001,hardwood,1288.499962179604,4728.794861199146,1328.9896839852722,-0.030466543340088862
Lower,381,white pine,2015,7.1,,,,initial,18.034,softwood,34.527900542399,126.71739499060433,,
Lower,381,white pine,2016,7.1,1.0,7.1,0.0,normal,18.034,softwood,34.527900542399,126.71739499060433,34.527900542399,0.0
Lower,381,white pine,2017,7.13,1.0,7.1,0.0042253521126760915,normal,18.1102,softwood,34.89378853846375,128.06020393616197,34.527900542399,0.010596879344443562
Lower,381,white pine,2018,7.25,1.0,7.13,0.016830294530154295,normal,18.415,softwood,36.38055470968538,133.51663578454534,34.89378853846375,0.042608333273492165
Lower,381,white pine,2021,7.06,3.0,7.25,-0.008735632183908064,annualized,17.932399999999998,softwood,34.04364497775352,124.94017706835542,36.38055470968538,-0.021411710647627123
Lower,381,white pine,2022,6.13,1.0,7.06,-0.131728045325779,normal,15.5702,softwood,23.915280912028003,87.76908094714277,34.04364497775352,-0.2975111528846014
Lower,381,white pine,2023,7.35,1.0,6.13,0.199021207177814,normal,18.669,softwood,37.6480639842999,138.16839482238063,23.915280912028003,0.5742262916663088
Lower,381,white pine,2024,7.4,1.0,7.35,0.006802721088435471,normal,18.796000000000003,softwood,38.29160758189502,140.53019982555472,37.6480639842999,0.017093670417248855
Lower,381,white pine,2025,7.45,1.0,7.4,0.006756756756756733,normal,18.923000000000002,softwood,38.94170675800805,142.91606380188955,38.29160758189502,0.01697758901144724
Lower,383,red oak,2015,20.1,,,,initial,51.054,hardwood,636.1063685944783,2334.5103727417354,,
Lower,383,red oak,2016,20.5,1.0,20.1,0.019900497512437738,normal,52.07,hardwood,665.5990478926494,2442.7485057660233,636.1063685944783,0.04636438299358207
Lower,383,red oak,2017,20.5,1.0,20.5,0.0,normal,52.07,hardwood,665.5990478926494,2442.7485057660233,665.5990478926494,0.0
Lower,383,red oak,2018,20.65,1.0,20.5,0.007317073170731638,normal,52.451,hardwood,676.853907418,2484.05384022406,665.5990478926494,0.016909368426809644
Lower,383,red oak,2021,20.9,3.0,20.65,0.004035512510088782,annualized,53.086,hardwood,695.8494201422396,2553.7673719220193,676.853907418,0.009354806857658065
Lower,383,red oak,2022,21.25,1.0,20.9,0.01674641148325366,normal,53.975,hardwood,722.9435056262056,2653.2026656481744,695.8494201422396,0.03893670771246401
Lower,383,red oak,2023,21.1,1.0,21.25,-0.007058823529411698,normal,53.594,hardwood,711.2601201582737,2610.3246409808644,722.9435056262056,-0.01616085541540603
Lower,383,red oak,2024,21.67,1.0,21.1,0.027014218009478685,normal,55.0418,hardwood,756.2307062971148,2775.3666921104113,711.2601201582737,0.06322663799684704
Lower,383,red oak,2025,21.3,1.0,21.67,-0.017074296262113566,normal,54.102000000000004,hardwood,726.8618908524584,2667.5831394285224,756.2307062971148,-0.038835788073802106
Lower,384,sugar maple,2015,10.3,,,,initial,26.162000000000003,hardwood,136.67982952173418,501.61497434476445,,
Lower,384,sugar maple,2016,10.19,1.0,10.3,-0.010679611650485553,normal,25.8826,hardwood,133.34582873533412,489.37919145867625,136.67982952173418,-0.024392778349711777
Lower,384,sugar maple,2017,10.19,1.0,10.19,0.0,normal,25.8826,hardwood,133.34582873533412,489.37919145867625,133.34582873533412,0.0
Lower,384,sugar maple,2018,10.4,1.0,10.19,0.020608439646712547,normal,26.416,hardwood,139.75118271314534,512.8868405572434,133.34582873533412,0.048035653147610755
Lower,384,sugar maple,2021,9.1,3.0,10.4,-0.041666666666666685,annualized,23.114,hardwood,102.79547885319684,377.2594073912324,139.75118271314534,-0.08814643077906097
Lower,384,sugar maple,2022,10.6,1.0,9.1,0.16483516483516483,normal,26.924,hardwood,146.0098993965418,535.8563307853084,102.79547885319684,0.4203922295557364
Lower,384,sugar maple,2023,10.45,1.0,10.6,-0.014150943396226448,normal,26.543,hardwood,141.3013397534078,518.5759168950066,146.0098993965418,-0.03224822195340496
Lower,384,sugar maple,2024,10.5,1.0,10.45,0.004784688995215379,normal,26.67,hardwood,142.8611689815002,524.3004901621058,141.3013397534078,0.011039026458026152
Lower,384,sugar maple,2025,10.6,1.0,10.5,0.00952380952380949,normal,26.924,hardwood,146.0098993965418,535.8563307853084,142.8611689815002,0.022040491740966662
Lower,385,red oak,2015,57.0,,,,initial,144.78,hardwood,6993.442036184125,25665.932272795737,,
Lower,385,red oak,2016,48.06,1.0,57.0,-0.15684210526315787,normal,122.0724,hardwood,4723.690934455868,17335.945729453037,6993.442036184125,-0.32455421664818934
Lower,385,red oak,2017,49.2,1.0,48.06,0.0237203495630462,normal,124.968,hardwood,4985.383224512231,18296.35643395989,4723.690934455868,0.055399960261478885
Lower,385,red oak,2018,49.15,1.0,49.2,-0.0010162601626017126,normal,124.841,hardwood,4973.738094584439,18253.61880712489,4985.383224512231,-0.002335854517770141
Lower,385,red oak,2021,50.6,3.0,49.15,0.009833841980332336,annualized,128.524,hardwood,5317.714295976894,19516.011466235203,4973.738094584439,0.023052829002461788
Lower,385,red oak,2022,49.0,1.0,50.6,-0.03162055335968382,normal,124.46000000000001,hardwood,4938.895027797287,18125.744752016042,5317.714295976894,-0.0712372359805419
Lower,385,red oak,2023,48.5,1.0,49.0,-0.01020408163265306,normal,123.19,hardwood,4823.7502090723,17703.163267295342,4938.895027797287,-0.023313882574325713
Lower,385,red oak,2024,51.13,1.0,48.5,0.05422680412371139,normal,129.8702,hardwood,5446.695981194122,19989.37425098243,4823.7502090723,0.12914138276692125
Lower,385,red oak,2025,52.3,1.0,51.13,0.022882847643262167,normal,132.84199999999998,hardwood,5737.632078875869,21057.10972947444,5446.695981194122,0.053415152724930096
Lower,386,sugar maple,2015,9.0,,,,initial,22.86,hardwood,100.21588898634975,367.7923125799036,,
Lower,386,sugar maple,2016,9.2,1.0,9.0,0.022222222222222143,normal,23.368,hardwood,105.4121847485703,386.862718027253,100.21588898634975,0.05185101698721969
Lower,386,sugar maple,2017,9.06,1.0,9.2,-0.015217391304347697,normal,23.012400000000003,hardwood,101.75919584056739,373.4562487348823,105.4121847485703,-0.034654332577548214
Lower,386,sugar maple,2018,9.25,1.0,9.06,0.020971302428256015,normal,23.495,hardwood,106.7344943352872,391.715594210504,101.75919584056739,0.04889286372226178
Lower,386,sugar maple,2021,9.4,3.0,9.25,0.005405405405405418,annualized,23.876,hardwood,110.75743127900908,406.4797727939633,106.7344943352872,0.012563688895439793
Lower,386,sugar maple,2022,9.6,1.0,9.4,0.021276595744680774,normal,24.384,hardwood,116.25259274643757,426.64701537942585,110.75743127900908,0.049614381662442364
Lower,386,sugar maple,2023,24.75,1.0,9.6,1.578125,normal,62.865,hardwood,1026.601227333682,3767.6265043146122,116.25259274643757,7.830781345004805
Lower,386,sugar maple,2024,11.19,1.0,24.75,-0.5478787878787879,normal,28.4226,hardwood,165.38191279200612,606.9516199466624,1026.601227333682,-0.8389034530754061
Lower,386,sugar maple,2025,9.7,1.0,11.19,-0.13315460232350315,normal,24.637999999999998,hardwood,119.05668897201343,436.9380485272893,165.38191279200612,-0.28011058185216403
Lower,387,red oak,2015,17.2,,,,initial,43.687999999999995,hardwood,444.52300291672253,1631.3994207043716,,
Lower,387,red oak,2016,17.81,1.0,17.2,0.03546511627906974,normal,45.237399999999994,hardwood,481.62145610623054,1767.550743909866,444.52300291672253,0.08345676814492786
Lower,387,red oak,2017,17.63,1.0,17.81,-0.01010668163952834,normal,44.7802,hardwood,470.49946063851905,1726.733020543365,481.62145610623054,-0.023092815585147693
Lower,387,red oak,2018,17.9,1.0,17.63,0.015314804310833782,normal,45.465999999999994,hardwood,487.23758604354987,1788.161940779828,470.49946063851905,0.03557522761517166
Lower,387,red oak,2021,16.8,3.0,17.9,-0.02048417132216011,annualized,42.672000000000004,hardwood,421.1047687729014,1545.4545013965483,487.23758604354987,-0.04524337418743213
Lower,387,red oak,2022,18.3,1.0,16.8,0.08928571428571429,normal,46.482,hardwood,512.6445184971672,1881.4053828846033,421.1047687729014,0.21737998833642375
Lower,387,red oak,2023,27.4,1.0,18.3,0.4972677595628414,normal,69.596,hardwood,1297.1945223216103,4760.7038969203095,512.6445184971672,1.5303977230155021
Lower,387,red oak,2024,27.0,1.0,27.4,-0.01459854014598535,normal,68.58,hardwood,1254.0517806618188,4602.3700350288755,1297.1945223216103,-0.03325849818004025
Lower,387,red oak,2025,18.85,1.0,27.0,-0.3018518518518518,normal,47.879000000000005,hardwood,548.7757690770036,2014.0070725126031,1254.0517806618188,-0.5623978391168264
Lower,388,sugar maple,2015,7.75,,,,initial,19.685,hardwood,71.05141434398648,260.7586906424304,,
Lower,388,sugar maple,2016,7.88,1.0,7.75,0.016774193548387082,normal,20.0152,hardwood,73.82256176254042,270.9288016685233,71.05141434398648,0.03900200219995306
Lower,388,sugar maple,2017,7.9,1.0,7.88,0.0025380710659899065,normal,20.066000000000003,hardwood,74.25421677940489,272.5129755804159,73.82256176254042,0.005847196393061257
Lower,388,sugar maple,2018,8.0,1.0,7.9,0.01265822784810122,normal,20.32,hardwood,76.43385809522198,280.5122592094647,74.25421677940489,0.029353771547983493
Lower,388,sugar maple,2021,8.3,3.0,8.0,0.01250000000000003,annualized,21.082,hardwood,83.18756728330311,305.2983719297224,76.43385809522198,0.029453392150144163
Lower,388,sugar maple,2022,7.03,1.0,8.3,-0.15301204819277112,normal,17.8562,hardwood,56.77747296417937,208.37332577853826,83.18756728330311,-0.31747645930288687
Lower,388,sugar maple,2023,8.3,1.0,7.03,0.18065433854907545,normal,21.082,hardwood,83.18756728330311,305.2983719297224,56.77747296417937,0.4651509294150119
Lower,388,sugar maple,2024,8.31,1.0,8.3,0.001204819277108408,normal,21.107400000000002,hardwood,83.41826759733642,306.1450420822247,83.18756728330311,0.002773254725043732
Lower,388,sugar maple,2025,8.3,1.0,8.31,-0.00120336943441634,normal,21.082,hardwood,83.18756728330311,305.2983719297224,83.41826759733642,-0.002765585053227359
Lower,389,Red Oak ,2015,30.4,,,,initial,77.216,hardwood,1647.3582451417144,6045.804759670092,,
Lower,389,Red Oak ,2016,32.25,1.0,30.4,0.06085526315789479,normal,81.915,hardwood,1887.1097794403402,6925.692890546048,1647.3582451417144,0.14553697412550423
Lower,389,Red Oak ,2017,31.69,1.0,32.25,-0.017364341085271278,normal,80.49260000000001,hardwood,1812.5915946670625,6652.211152428119,1887.1097794403402,-0.03948799671600319
Lower,389,Red Oak ,2018,30.8,1.0,31.69,-0.028084569264752304,normal,78.232,hardwood,1697.6394527119674,6230.33679145292,1812.5915946670625,-0.06341866656190118
Lower,389,Red Oak ,2021,30.6,3.0,30.8,-0.0021645021645021567,annualized,77.724,hardwood,1672.3920428165893,6137.678797136883,1697.6394527119674,-0.004957356101152785
Lower,389,Red Oak ,2022,30.63,1.0,30.6,0.0009803921568626662,normal,77.8002,hardwood,1676.1655262879751,6151.527481476868,1672.3920428165893,0.002256339048965239
Lower,389,Red Oak ,2023,31.1,1.0,30.63,0.01534443356186753,normal,78.994,hardwood,1735.9120040948753,6370.7970550281925,1676.1655262879751,0.035644736077596315
Lower,389,Red Oak ,2024,33.1,1.0,31.1,0.06430868167202572,normal,84.074,hardwood,2003.4716312998712,7352.740886870527,1735.9120040948753,0.15413202199987353
Lower,389,Red Oak ,2025,33.2,1.0,33.1,0.0030211480362538194,normal,84.328,hardwood,2017.420381744014,7403.932801000532,2003.4716312998712,0.0069622899701818125
Lower,390,sugar maple,2015,10.3,,,,initial,26.162000000000003,hardwood,136.67982952173418,501.61497434476445,,
Lower,390,sugar maple,2016,10.63,1.0,10.3,0.03203883495145632,normal,27.000200000000003,hardwood,146.96209014335213,539.3508708261023,136.67982952173418,0.07522880777359263
Lower,390,sugar maple,2017,10.5,1.0,10.63,-0.012229539040451624,normal,26.67,hardwood,142.8611689815002,524.3004901621058,146.96209014335213,-0.027904619197044137
Lower,390,sugar maple,2018,10.44,1.0,10.5,-0.005714285714285762,normal,26.517599999999998,hardwood,140.99053501467685,517.435263503864,142.8611689815002,-0.01309406873931992
Lower,390,sugar maple,2021,10.8,3.0,10.44,0.011494252873563256,annualized,27.432000000000002,hardwood,152.42403326727535,559.3962020909005,140.99053501467685,0.027031361245652155
Lower,390,sugar maple,2022,9.66,1.0,10.8,-0.1055555555555556,normal,24.5364,hardwood,117.93051697541438,432.8049972997708,152.42403326727535,-0.2262997215890268
Lower,390,sugar maple,2023,10.3,1.0,9.66,0.06625258799171849,normal,26.162000000000003,hardwood,136.67982952173418,501.61497434476445,117.93051697541438,0.15898609645057837
Lower,390,sugar maple,2024,11.2,1.0,10.3,0.08737864077669888,normal,28.447999999999997,hardwood,165.72203734228694,608.199877046193,136.67982952173418,0.21248349461786978
Lower,390,sugar maple,2025,11.1,1.0,11.2,-0.008928571428571397,normal,28.194,hardwood,162.33855010300397,595.7824788780246,165.72203734228694,-0.020416640378941406
Lower,391,red maple,2015,7.44,,,,initial,18.8976,hardwood,64.68395456286956,237.39011324573127,,
Lower,391,red maple,2016,7.5,1.0,7.44,0.008064516129032206,normal,19.05,hardwood,65.89003184106538,241.81641685670994,64.68395456286956,0.018645694845753038
Lower,391,red maple,2017,7.31,1.0,7.5,-0.025333333333333385,normal,18.5674,hardwood,62.113897152402394,227.95800254931677,65.89003184106538,-0.05730965038492428
Lower,391,red maple,2018,7.25,1.0,7.31,-0.008207934336525256,normal,18.415,hardwood,60.947546409011,223.67749532107035,62.113897152402394,-0.018777613333931447
Lower,391,red maple,2021,7.5,3.0,7.25,0.011494252873563218,annualized,19.05,hardwood,65.89003184106538,241.81641685670994,60.947546409011,0.027031361245652183
Lower,391,red maple,2022,7.32,1.0,7.5,-0.023999999999999962,normal,18.5928,hardwood,62.309504556870024,228.675881723713,65.89003184106538,-0.05434095543969404
Lower,391,red maple,2023,7.3,1.0,7.32,-0.002732240437158533,normal,18.541999999999998,hardwood,61.91863730426167,227.24139890664034,62.309504556870024,-0.006272995675187991
Lower,391,red maple,2024,7.64,1.0,7.3,0.04657534246575341,normal,19.4056,hardwood,68.75329813265121,252.32460414682993,61.91863730426167,0.11038131854880354
Lower,391,red maple,2025,7.3,1.0,7.64,-0.044502617801047105,normal,18.541999999999998,hardwood,61.91863730426167,227.24139890664034,68.75329813265121,-0.0994084795059996
Lower,392,sugar maple,2015,5.4,,,,initial,13.716000000000001,hardwood,30.951696570906748,113.59272641522776,,
Lower,392,sugar maple,2016,7.0,1.0,5.4,0.2962962962962962,normal,17.78,hardwood,56.22174274992082,206.33379589220942,30.951696570906748,0.8164349285708241
Lower,392,sugar maple,2017,5.4,1.0,7.0,-0.2285714285714285,normal,13.716000000000001,hardwood,30.951696570906748,113.59272641522776,56.22174274992082,-0.4494710576905705
Lower,392,sugar maple,2018,5.63,1.0,5.4,0.0425925925925925,normal,14.3002,hardwood,34.068116192315905,125.02998642579936,30.951696570906748,0.1006865524889662
Lower,392,sugar maple,2021,5.8,3.0,5.63,0.010065127294256952,annualized,14.732,hardwood,36.480702833679814,133.8841793996049,34.068116192315905,0.023605518502449217
Lower,392,sugar maple,2022,4.48,1.0,5.8,-0.22758620689655162,normal,11.3792,hardwood,20.142725940431713,73.92380420138439,36.480702833679814,-0.4478525802459186
Lower,392,sugar maple,2023,5.76,1.0,4.48,0.28571428571428553,normal,14.6304,hardwood,35.90463560882084,131.7700126843725,20.142725940431713,0.7825112507116455
Lower,392,sugar maple,2024,6.05,1.0,5.76,0.05034722222222223,normal,15.366999999999999,hardwood,40.19908550050339,147.53064378684743,35.90463560882084,0.11960711531709603
Lower,392,sugar maple,2025,5.9,1.0,6.05,-0.02479338842975198,normal,14.986,hardwood,37.9435917037269,139.25298155267774,40.19908550050339,-0.056108087253582926
Lower,395,white pine,2015,20.5,,,,initial,52.07,softwood,489.11271494472794,1795.0436638471515,,
Lower,395,white pine,2016,19.88,1.0,20.5,-0.030243902439024438,normal,50.4952,softwood,452.9656304046413,1662.3838635850334,489.11271494472794,-0.07390338348527999
Lower,395,white pine,2017,19.25,1.0,19.88,-0.03169014084507037,normal,48.895,softwood,417.9276787857866,1533.794581143837,452.9656304046413,-0.07735234036974221
Lower,395,white pine,2018,18.6,1.0,19.25,-0.033766233766233694,normal,47.24400000000001,softwood,383.53646470362617,1407.578825462308,417.9276787857866,-0.08228986934313111
Lower,395,white pine,2021,19.8,3.0,18.6,0.021505376344086006,annualized,50.292,softwood,448.422376397807,1645.7101213799517,383.53646470362617,0.056392648996509157
Lower,395,white pine,2022,18.75,1.0,19.8,-0.053030303030303066,normal,47.625,softwood,391.31588721475873,1436.1293060781645,448.422376397807,-0.1273497759897415
Lower,395,white pine,2023,19.23,1.0,18.75,0.025600000000000022,normal,48.8442,softwood,416.84299806564997,1529.8138029009353,391.31588721475873,0.06523402623027584
Lower,395,white pine,2024,20.0,1.0,19.23,0.04004160166406654,normal,50.8,softwood,459.83210436506056,1687.5838230197721,416.84299806564997,0.1031302108921117
Lower,395,white pine,2025,20.3,1.0,20.0,0.015000000000000036,normal,51.562000000000005,softwood,477.2702840216828,1751.5819423595758,459.83210436506056,0.03792292771880514
Lower,396,Red Oak ,2015,26.8,,,,initial,68.072,hardwood,1232.7892478204246,4524.336539500959,,
Lower,396,Red Oak ,2016,26.56,1.0,26.8,-0.008955223880597088,normal,67.4624,hardwood,1207.5451396043582,4431.6906623479945,1232.7892478204246,-0.02047722938912563
Lower,396,Red Oak ,2017,27.1,1.0,26.56,0.020331325301204923,normal,68.834,hardwood,1264.76017102021,4641.66982764417,1207.5451396043582,0.047381277551742595
Lower,396,Red Oak ,2018,26.4,1.0,27.1,-0.02583025830258313,normal,67.056,hardwood,1190.8795661182157,4370.528007653852,1264.76017102021,-0.058414714975092076
Lower,396,Red Oak ,2021,27.1,3.0,26.4,0.008838383838383876,annualized,68.834,hardwood,1264.76017102021,4641.66982764417,1190.8795661182157,0.02067956240187944
Lower,396,Red Oak ,2022,27.2,1.0,27.1,0.0036900369003689247,normal,69.088,hardwood,1275.520053488052,4681.158596301151,1264.76017102021,0.008507448854246182
Lower,396,Red Oak ,2023,27.34,1.0,27.2,0.0051470588235294325,normal,69.4436,hardwood,1290.6705040517697,4736.7607498699945,1275.520053488052,0.011877861521884381
Lower,396,Red Oak ,2024,28.3,1.0,27.34,0.035113386978785695,normal,71.882,hardwood,1397.2934180770787,5128.0668443428785,1290.6705040517697,0.08261048322603666
Lower,396,Red Oak ,2025,27.62,1.0,28.3,-0.02402826855123674,normal,70.15480000000001,hardwood,1321.2751358264416,4849.07974848304,1397.2934180770787,-0.05440395071441165
Lower,397,Red Oak ,2015,33.25,,,,initial,84.455,hardwood,2024.415276015166,7429.604062975659,,
Lower,397,Red Oak ,2016,32.9,1.0,33.25,-0.010526315789473727,normal,83.566,hardwood,1975.7381094055606,7250.9588615184075,2024.415276015166,-0.02404505003806378
Lower,397,Red Oak ,2017,33.7,1.0,32.9,0.024316109422492533,normal,85.59800000000001,hardwood,2087.9860059489138,7662.908641832513,1975.7381094055606,0.05681314543106379
Lower,397,Red Oak ,2018,33.3,1.0,33.7,-0.011869436201780582,normal,84.582,hardwood,2031.4238578920294,7455.325558463748,2087.9860059489138,-0.0270893329245178
Lower,397,Red Oak ,2021,34.0,3.0,33.3,0.0070070070070070364,annualized,86.36,hardwood,2130.984647143807,7820.713655017771,2031.4238578920294,0.016336782509303552
Lower,397,Red Oak ,2022,34.5,1.0,34.0,0.014705882352941176,normal,87.63,hardwood,2203.7520549932906,8087.770041825376,2130.984647143807,0.03414731680353264
Lower,397,Red Oak ,2023,34.47,1.0,34.5,-0.0008695652173913373,normal,87.5538,hardwood,2199.3470418646207,8071.603643643158,2203.7520549932906,-0.001998869663530872
Lower,397,Red Oak ,2024,35.63,1.0,34.47,0.03365245140702071,normal,90.5002,hardwood,2373.314010460839,8710.06241839128,2199.3470418646207,0.07909937144286615
Lower,397,Red Oak ,2025,35.1,1.0,35.63,-0.014875105248386223,normal,89.15400000000001,hardwood,2292.90034414697,8414.944263019379,2373.314010460839,-0.03388243863198487
Lower,398,white pine,2015,21.13,,,,initial,53.6702,softwood,527.5614373784318,1936.1504751788448,,
Lower,398,white pine,2016,21.38,1.0,21.13,0.011831519167061051,normal,54.3052,softwood,543.3048130600306,1993.9286639303123,527.5614373784318,0.02984178631370602
Lower,398,white pine,2017,21.15,1.0,21.38,-0.010757717492984117,normal,53.721,softwood,528.8106943771242,1940.7352483640457,543.3048130600306,-0.026677692401199046
Lower,398,white pine,2018,21.5,1.0,21.15,0.016548463356974064,normal,54.61,softwood,550.9604821231455,2022.024969391944,528.8106943771242,0.041886043496361575
Lower,398,white pine,2021,22.5,3.0,21.5,0.015503875968992248,annualized,57.15,softwood,617.2777109884918,2265.409199327765,550.9604821231455,0.040122193283137396
Lower,398,white pine,2022,21.55,1.0,22.5,-0.04222222222222219,normal,54.737,softwood,554.1693299840292,2033.801441041387,617.2777109884918,-0.10223661065519847
Lower,398,white pine,2023,22.0,1.0,21.55,0.02088167053364266,normal,55.88,softwood,583.5539354742392,2141.642943190458,554.1693299840292,0.05302459717692575
Lower,398,white pine,2024,23.3,1.0,22.0,0.059090909090909124,normal,59.182,softwood,673.6186501965921,2472.1804462214927,583.5539354742392,0.15433828691286192
Lower,398,white pine,2025,23.5,1.0,23.3,0.008583690987124432,normal,59.69,softwood,688.1671791304149,2525.5735474086223,673.6186501965921,0.021597574428167773
Lower,400,sugar maple,2015,6.63,,,,initial,16.8402,hardwood,49.620361846010255,182.10672797485762,,
Lower,400,sugar maple,2016,6.44,1.0,6.63,-0.028657616892910937,normal,16.3576,hardwood,46.41050633300854,170.32655824214135,49.620361846010255,-0.06468827299089523
Lower,400,sugar maple,2017,6.6,1.0,6.44,0.024844720496894294,normal,16.764,hardwood,49.10546900846182,180.21707126105485,46.41050633300854,0.05806794384263241
Lower,400,sugar maple,2018,6.6,1.0,6.6,0.0,normal,16.764,hardwood,49.10546900846182,180.21707126105485,49.10546900846182,0.0
Lower,400,sugar maple,2021,6.7,3.0,6.6,0.005050505050505078,annualized,17.018,hardwood,50.833598900463016,186.55930796469926,49.10546900846182,0.011730736086330216
Lower,400,sugar maple,2022,6.0,1.0,6.7,-0.10447761194029853,normal,15.24,hardwood,39.43907200405727,144.7413942548902,50.833598900463016,-0.22415345643178447
Lower,400,sugar maple,2023,6.98,1.0,6.0,0.1633333333333334,normal,17.729200000000002,hardwood,55.85297152187993,204.98040548529934,39.43907200405727,0.41618371538088134
Lower,400,sugar maple,2024,7.06,1.0,6.98,0.011461318051575813,normal,17.932399999999998,hardwood,57.33629474761316,210.42420172374028,55.85297152187993,0.02655764206121335
Lower,400,sugar maple,2025,7.0,1.0,7.06,-0.008498583569405044,normal,17.78,hardwood,56.22174274992082,206.33379589220942,57.33629474761316,-0.019438856357887262
Lower,402,Burning Bush,2024,2.1,,,,initial,5.3340000000000005,hardwood,3.5260071571740457,12.940446266828747,,
Lower,402,Burning Bush,2025,1.52,1.0,2.1,-0.2761904761904762,normal,3.8608000000000002,hardwood,1.676559859116108,6.152974682956116,3.5260071571740457,-0.5245160363032831
Lower,405,black birch,2021,1.3,,,,initial,3.302,hardwood,1.1701688202344531,4.294519570260443,,
Lower,405,black birch,2022,2.0,1.0,1.3,0.5384615384615384,normal,5.08,hardwood,3.1517212627355704,11.566817034239543,1.1701688202344531,1.6933902256121443
Lower,405,black birch,2023,1.0,1.0,2.0,-0.5,normal,2.54,hardwood,0.639998287075967,2.348793713568799,3.1517212627355704,-0.7969369009109412
Lower,405,black birch,2024,1.39,1.0,1.0,0.3899999999999999,normal,3.5305999999999997,hardwood,1.3649377720447975,5.009321623404407,0.639998287075967,1.1327209769278355
Lower,405,black birch,2025,1.5,1.0,1.39,0.07913669064748209,normal,3.81,hardwood,1.6262552344654801,5.968356710488312,1.3649377720447975,0.1914500922845779
Lower,406,musclewood,2021,1.0,,,,initial,2.54,hardwood,0.639998287075967,2.348793713568799,,
Lower,406,musclewood,2022,1.0,1.0,1.0,0.0,normal,2.54,hardwood,0.639998287075967,2.348793713568799,0.639998287075967,0.0
Lower,406,musclewood,2023,0.6,1.0,1.0,-0.4,normal,1.524,hardwood,0.19766359394540273,0.725425389779628,0.639998287075967,-0.6911498078401258
Lower,406,musclewood,2024,0.9,1.0,0.6,0.5000000000000001,normal,2.286,hardwood,0.5022692416656648,1.8433281169129898,0.19766359394540273,1.5410306047779245
Lower,407,Autumn Olive,2021,0.9,,,,initial,2.286,hardwood,0.5022692416656648,1.8433281169129898,,
Lower,407,Autumn Olive,2022,0.9,1.0,0.9,0.0,normal,2.286,hardwood,0.5022692416656648,1.8433281169129898,0.5022692416656648,0.0
Lower,407,Autumn Olive,2023,0.93,1.0,0.9,0.03333333333333336,normal,2.3622,hardwood,0.5416136402530234,1.9877220597285958,0.5022692416656648,0.07833328287609573
Lower,407,Autumn Olive,2024,0.95,1.0,0.93,0.02150537634408592,normal,2.413,hardwood,0.5687784112223037,2.0874167691858543,0.5416136402530234,0.050155256349507404
Lower,407,Autumn Olive,2025,1.1,1.0,0.95,0.15789473684210542,normal,2.7940000000000005,hardwood,0.7968599273391748,2.9244759333347714,0.5687784112223037,0.40100241432638833
Lower,408,Beech,2021,1.0,,,,initial,2.54,hardwood,0.639998287075967,2.348793713568799,,
Lower,408,Beech,2022,1.1,1.0,1.0,0.10000000000000009,normal,2.7940000000000005,hardwood,0.7968599273391748,2.9244759333347714,0.639998287075967,0.24509696889952542
Lower,408,Beech,2023,1.0,1.0,1.1,-0.09090909090909098,normal,2.54,hardwood,0.639998287075967,2.348793713568799,0.7968599273391748,-0.19684970329351417
Lower,408,Beech,2024,1.0,1.0,1.0,0.0,normal,2.54,hardwood,0.639998287075967,2.348793713568799,0.639998287075967,0.0
Lower,408,Beech,2025,0.9,1.0,1.0,-0.09999999999999998,normal,2.286,hardwood,0.5022692416656648,1.8433281169129898,0.639998287075967,-0.21520220943021667
Lower,409,sugar maple,2021,0.9,,,,initial,2.286,hardwood,0.5022692416656648,1.8433281169129898,,
Lower,409,sugar maple,2022,0.49,1.0,0.9,-0.4555555555555556,normal,1.2446,hardwood,0.12405943406974144,0.4552981230359511,0.5022692416656648,-0.7530021275873359
Lower,409,sugar maple,2023,1.24,1.0,0.49,1.530612244897959,normal,3.1496,hardwood,1.0496600963957126,3.852252553772265,0.12405943406974144,7.460945386915388
Lower,409,sugar maple,2024,7.32,1.0,1.24,4.903225806451613,normal,18.5928,hardwood,62.309504556870024,228.675881723713,1.0496600963957126,58.361601694516445
Lower,409,sugar maple,2025,1.5,1.0,7.32,-0.7950819672131147,normal,3.81,hardwood,1.6262552344654801,5.968356710488312,62.309504556870024,-0.9739003664684703
Lower,410,Musclewood,2021,1.5,,,,initial,3.81,hardwood,1.6262552344654801,5.968356710488312,,
Lower,410,Musclewood,2022,0.52,1.0,1.5,-0.6533333333333333,normal,1.3208,hardwood,0.14222845813401352,0.5219784413518296,1.6262552344654801,-0.9125423518278413
Lower,410,Musclewood,2023,0.83,1.0,0.52,0.596153846153846,normal,2.1082,hardwood,0.41692546718901285,1.5301164645836771,0.14222845813401352,1.9313786611971036
Lower,410,Musclewood,2024,0.81,1.0,0.83,-0.024096385542168565,normal,2.0574000000000003,hardwood,0.3941797911303745,1.4466398334484742,0.41692546718901285,-0.05455573681308997
Lower,410,Musclewood,2025,0.85,1.0,0.81,0.049382716049382616,normal,2.159,hardwood,0.4403949606254053,1.6162495054952373,0.3941797911303745,0.11724388346368873
Lower,411,Buckthorn,2021,2.0,,,,initial,5.08,hardwood,3.1517212627355704,11.566817034239543,,
Lower,411,Buckthorn,2022,2.4,1.0,2.0,0.19999999999999996,normal,6.096,hardwood,4.7936317430245,17.592628496899916,3.1517212627355704,0.5209567545525317
Lower,411,Buckthorn,2023,2.17,1.0,2.4,-0.09583333333333333,normal,5.5118,hardwood,3.802210873240097,13.954113904791157,4.7936317430245,-0.20682040735129031
Lower,411,Buckthorn,2024,2.12,1.0,2.17,-0.023041474654377798,normal,5.3848,hardwood,3.603722088800329,13.225660065897207,3.802210873240097,-0.052203518178523214
Lower,411,Buckthorn,2025,1.24,1.0,2.12,-0.41509433962264153,normal,3.1496,hardwood,1.0496600963957126,3.852252553772265,3.603722088800329,-0.7087289001397047
Lower,412,sugar maple,2021,1.1,,,,initial,2.7940000000000005,hardwood,0.7968599273391748,2.9244759333347714,,
Lower,412,sugar maple,2022,1.4,1.0,1.1,0.27272727272727254,normal,3.5559999999999996,hardwood,1.3876287639133735,5.092597563562081,0.7968599273391748,0.7413709942057914
Lower,412,sugar maple,2023,1.08,1.0,1.4,-0.22857142857142848,normal,2.7432000000000003,hardwood,0.763929795715371,2.8036223502754116,1.3876287639133735,-0.4494710576905702
Lower,412,sugar maple,2024,1.06,1.0,1.08,-0.018518518518518535,normal,2.6924,hardwood,0.7317829756074916,2.6856435204794944,0.763929795715371,-0.04208085649778324
Lower,412,sugar maple,2025,1.1,1.0,1.06,0.03773584905660381,normal,2.7940000000000005,hardwood,0.7968599273391748,2.9244759333347714,0.7317829756074916,0.08892930541006279
Lower,413,black birch,2021,1.1,,,,initial,2.7940000000000005,hardwood,0.7968599273391748,2.9244759333347714,,
Lower,413,black birch,2022,1.6,1.0,1.1,0.45454545454545453,normal,4.064,hardwood,1.8864911481235163,6.923422513613304,0.7968599273391748,1.3674062195883918
Lower,413,black birch,2023,1.2,1.0,1.6,-0.25000000000000006,normal,3.048,hardwood,0.9734097176302422,3.5724136637029886,1.8864911481235163,-0.484010450513649
Lower,413,black birch,2024,1.14,1.0,1.2,-0.050000000000000044,normal,2.8956,hardwood,0.8650873663922204,3.174870634659449,0.9734097176302422,-0.11128135385963854
Lower,413,black birch,2025,1.25,1.0,1.14,0.09649122807017553,normal,3.175,hardwood,1.0692317382448702,3.9240804793586737,0.8650873663922204,0.2359812196819126
Lower,414,black birch,2021,1.3,,,,initial,3.302,hardwood,1.1701688202344531,4.294519570260443,,
Lower,414,black birch,2022,1.5,1.0,1.3,0.1538461538461538,normal,3.81,hardwood,1.6262552344654801,5.968356710488312,1.1701688202344531,0.38976120910455153
Lower,414,black birch,2023,1.3,1.0,1.5,-0.1333333333333333,normal,3.302,hardwood,1.1701688202344531,4.294519570260443,1.6262552344654801,-0.2804519269577842
Lower,414,black birch,2024,1.28,1.0,1.3,-0.015384615384615398,normal,3.2512000000000003,hardwood,1.1291762675927257,4.144076902065303,1.1701688202344531,-0.03503131508282216
Lower,414,black birch,2025,1.25,1.0,1.28,-0.02343750000000002,normal,3.175,hardwood,1.0692317382448702,3.9240804793586737,1.1291762675927257,-0.0530869546839223
Lower,415,Muscle Wood,2021,2.1,,,,initial,5.3340000000000005,hardwood,3.5260071571740457,12.940446266828747,,
Lower,415,Muscle Wood,2022,2.13,1.0,2.1,0.014285714285714192,normal,5.4102,hardwood,3.64293900305432,13.369586141209354,3.5260071571740457,0.03316267967362568
Lower,415,Muscle Wood,2023,2.13,1.0,2.13,0.0,normal,5.4102,hardwood,3.64293900305432,13.369586141209354,3.64293900305432,0.0
Lower,415,Muscle Wood,2024,2.07,1.0,2.13,-0.028169014084507067,normal,5.2578,hardwood,3.411226887568473,12.519202677376295,3.64293900305432,-0.06360581807479469
Lower,418,black birch,2021,1.3,,,,initial,3.302,hardwood,1.1701688202344531,4.294519570260443,,
Lower,418,black birch,2022,2.0,1.0,1.3,0.5384615384615384,normal,5.08,hardwood,3.1517212627355704,11.566817034239543,1.1701688202344531,1.6933902256121443
Lower,418,black birch,2023,1.3,1.0,2.0,-0.35,normal,3.302,hardwood,1.1701688202344531,4.294519570260443,3.1517212627355704,-0.6287207139571751
Lower,418,black birch,2024,1.33,1.0,1.3,0.023076923076923096,normal,3.3782,hardwood,1.233211556410517,4.525886412026598,1.1701688202344531,0.053874906839025835
Lower,418,black birch,2025,1.34,1.0,1.33,0.0075187969924812095,normal,3.4036000000000004,hardwood,1.2546420754204939,4.604536416793213,1.233211556410517,0.017377812345802365
Lower,419,black birch,2021,1.69,,,,initial,4.2926,hardwood,2.1395292698437465,7.852072420326549,,
Lower,419,black birch,2022,1.38,1.0,1.69,-0.18343195266272194,normal,3.5052,hardwood,1.3424580094211813,4.9268208945757355,2.1395292698437465,-0.3725451535798698
Lower,419,black birch,2023,1.81,1.0,1.38,0.3115942028985509,normal,4.5974,hardwood,2.5051834491849845,9.194023258508892,1.3424580094211813,0.8661168033591812
Lower,419,black birch,2024,1.67,1.0,1.81,-0.07734806629834261,normal,4.2418,hardwood,2.0817409976504937,7.639989461377311,2.5051834491849845,-0.16902652445362834
Lower,419,black birch,2025,1.83,1.0,1.67,0.09580838323353302,normal,4.6482,hardwood,2.569308880597804,9.42936359179394,2.0817409976504937,0.23421159668642347
Lower,422,musclewood,2022,1.06,,,,initial,2.6924,hardwood,0.7317829756074916,2.6856435204794944,,
Lower,422,musclewood,2023,1.06,1.0,1.06,0.0,normal,2.6924,hardwood,0.7317829756074916,2.6856435204794944,0.7317829756074916,0.0
Lower,422,musclewood,2024,1.03,1.0,1.06,-0.028301886792452855,normal,2.6162,hardwood,0.6850218565064515,2.514030213378677,0.7317829756074916,-0.06390025548520203
Lower,422,musclewood,2025,1.0,1.0,1.03,-0.029126213592233035,normal,2.54,hardwood,0.639998287075967,2.348793713568799,0.6850218565064515,-0.0657257414531277
Lower,423,black birch,2021,1.2,,,,initial,3.048,hardwood,0.9734097176302422,3.5724136637029886,,
Lower,423,black birch,2022,1.6,1.0,1.2,0.3333333333333335,normal,4.064,hardwood,1.8864911481235163,6.923422513613304,0.9734097176302422,0.9380237467899573
Lower,423,black birch,2023,1.2,1.0,1.6,-0.25000000000000006,normal,3.048,hardwood,0.9734097176302422,3.5724136637029886,1.8864911481235163,-0.484010450513649
Lower,423,black birch,2024,1.2,1.0,1.2,0.0,normal,3.048,hardwood,0.9734097176302422,3.5724136637029886,0.9734097176302422,0.0
Lower,423,black birch,2025,1.25,1.0,1.2,0.041666666666666706,normal,3.175,hardwood,1.0692317382448702,3.9240804793586737,0.9734097176302422,0.09843955621062206
Lower,425,Beech,2021,1.1,,,,initial,2.7940000000000005,hardwood,0.7968599273391748,2.9244759333347714,,
Lower,425,Beech,2022,1.3,1.0,1.1,0.18181818181818177,normal,3.302,hardwood,1.1701688202344531,4.294519570260443,0.7968599273391748,0.4684749227405728
Lower,425,Beech,2023,1.2,1.0,1.3,-0.07692307692307698,normal,3.048,hardwood,0.9734097176302422,3.5724136637029886,1.1701688202344531,-0.1681459112581624
Lower,425,Beech,2024,1.3,1.0,1.2,0.08333333333333341,normal,3.302,hardwood,1.1701688202344531,4.294519570260443,0.9734097176302422,0.20213390008394339
Lower,425,Beech,2025,1.2,1.0,1.3,-0.07692307692307698,normal,3.048,hardwood,0.9734097176302422,3.5724136637029886,1.1701688202344531,-0.1681459112581624
Lower,426,Beech,2021,1.2,,,,initial,3.048,hardwood,0.9734097176302422,3.5724136637029886,,
Lower,426,Beech,2022,1.2,1.0,1.2,0.0,normal,3.048,hardwood,0.9734097176302422,3.5724136637029886,0.9734097176302422,0.0
Lower,426,Beech,2023,1.1,1.0,1.2,-0.08333333333333323,normal,2.7940000000000005,hardwood,0.7968599273391748,2.9244759333347714,0.9734097176302422,-0.18137253727122882
Lower,426,Beech,2024,1.2,1.0,1.1,0.09090909090909079,normal,3.048,hardwood,0.9734097176302422,3.5724136637029886,0.7968599273391748,0.2215568686965996
Lower,426,Beech,2025,1.2,1.0,1.2,0.0,normal,3.048,hardwood,0.9734097176302422,3.5724136637029886,0.9734097176302422,0.0
Lower,427,Musclewood,2025,1.0,,,,initial,2.54,hardwood,0.639998287075967,2.348793713568799,,
Lower,428,Musclewood,2021,1.0,,,,initial,2.54,hardwood,0.639998287075967,2.348793713568799,,
Lower,428,Musclewood,2022,1.1,1.0,1.0,0.10000000000000009,normal,2.7940000000000005,hardwood,0.7968599273391748,2.9244759333347714,0.639998287075967,0.24509696889952542
Lower,428,Musclewood,2023,1.05,1.0,1.1,-0.04545454545454549,normal,2.6670000000000003,hardwood,0.716001940745964,2.6277271225376877,0.7968599273391748,-0.10147076521115414
Lower,428,Musclewood,2024,1.1,1.0,1.05,0.04761904761904766,normal,2.7940000000000005,hardwood,0.7968599273391748,2.9244759333347714,0.716001940745964,0.11292984277244997
Lower,428,Musclewood,2025,1.1,1.0,1.1,0.0,normal,2.7940000000000005,hardwood,0.7968599273391748,2.9244759333347714,0.7968599273391748,0.0
Lower,429,Musclewood,2021,1.0,,,,initial,2.54,hardwood,0.639998287075967,2.348793713568799,,
Lower,429,Musclewood,2022,1.0,1.0,1.0,0.0,normal,2.54,hardwood,0.639998287075967,2.348793713568799,0.639998287075967,0.0
Lower,429,Musclewood,2023,1.0,1.0,1.0,0.0,normal,2.54,hardwood,0.639998287075967,2.348793713568799,0.639998287075967,0.0
Lower,429,Musclewood,2024,1.04,1.0,1.0,0.040000000000000036,normal,2.6416,hardwood,0.7004150866014082,2.570523367827168,0.639998287075967,0.09440150191881656
Lower,429,Musclewood,2025,1.5,1.0,1.04,0.44230769230769224,normal,3.81,hardwood,1.6262552344654801,5.968356710488312,0.7004150866014082,1.3218449539065233
Lower,430,sugar maple,2021,1.2,,,,initial,3.048,hardwood,0.9734097176302422,3.5724136637029886,,
Lower,430,sugar maple,2022,1.24,1.0,1.2,0.03333333333333337,normal,3.1496,hardwood,1.0496600963957126,3.852252553772265,0.9734097176302422,0.07833328287609587
Lower,430,sugar maple,2023,1.47,1.0,1.24,0.1854838709677419,normal,3.7338,hardwood,1.5524180424548015,5.697374215809122,1.0496600963957126,0.4789721432542232
Lower,430,sugar maple,2024,1.61,1.0,1.47,0.09523809523809533,normal,4.0894,hardwood,1.9137196952931343,7.023351281725803,1.5524180424548015,0.23273476792824127
Lower,430,sugar maple,2025,2.5,1.0,1.61,0.5527950310559006,normal,6.35,hardwood,5.265514724444983,19.324439038713088,1.9137196952931343,1.7514555749181628
Lower,432,Burning Bush,2021,5.1,,,,initial,12.953999999999999,hardwood,27.138773514041727,99.59929879653313,,
Lower,432,Burning Bush,2022,1.9,1.0,5.1,-0.6274509803921569,normal,4.826,hardwood,2.800993453630146,10.279645974822635,27.138773514041727,-0.8967899764452916
Lower,432,Burning Bush,2023,1.38,1.0,1.9,-0.2736842105263158,normal,3.5052,hardwood,1.3424580094211813,4.9268208945757355,2.800993453630146,-0.5207207615279045
Lower,432,Burning Bush,2024,1.4,1.0,1.38,0.01449275362318842,normal,3.5559999999999996,hardwood,1.3876287639133735,5.092597563562081,1.3424580094211813,0.03364779693308112
Lower,432,Burning Bush,2025,5.2,1.0,1.4,2.714285714285715,normal,13.208,hardwood,28.37830826309261,104.14839132554988,1.3876287639133735,19.450936879587633
Lower,433,Muscle Wood,2021,1.1,,,,initial,2.7940000000000005,hardwood,0.7968599273391748,2.9244759333347714,,
Lower,433,Muscle Wood,2022,5.33,1.0,1.1,3.8454545454545457,normal,13.5382,hardwood,30.03664297237745,110.23447970862524,0.7968599273391748,36.693755127923104
Lower,433,Muscle Wood,2023,1.0,1.0,5.33,-0.8123827392120075,normal,2.54,hardwood,0.639998287075967,2.348793713568799,30.03664297237745,-0.9786927491309688
Lower,433,Muscle Wood,2024,1.2,1.0,1.0,0.19999999999999996,normal,3.048,hardwood,0.9734097176302422,3.5724136637029886,0.639998287075967,0.5209567545525318
Lower,433,Muscle Wood,2025,1.4,1.0,1.2,0.16666666666666663,normal,3.5559999999999996,hardwood,1.3876287639133735,5.092597563562081,0.9734097176302422,0.42553411865616475
Lower,434,Red Maple,2021,0.7,,,,initial,1.7779999999999998,hardwood,0.2817761971853697,1.034118643670307,,
Lower,434,Red Maple,2022,1.09,1.0,0.7,0.5571428571428574,normal,2.7686,hardwood,0.7802966760367919,2.863688801055026,0.2817761971853697,1.7692072071065132
Lower,434,Red Maple,2023,0.69,1.0,1.09,-0.36697247706422026,normal,1.7526,hardwood,0.2726036837899941,1.0004555195092784,0.7802966760367919,-0.6506409777694087
Lower,434,Red Maple,2024,0.75,1.0,0.69,0.08695652173913052,normal,1.905,hardwood,0.33023242782036455,1.2119530101007379,0.2726036837899941,0.2114011932236614
Lower,434,Red Maple,2025,0.7,1.0,0.75,-0.06666666666666672,normal,1.7779999999999998,hardwood,0.2817761971853697,1.034118643670307,0.33023242782036455,-0.14673371405352537
Lower,435,red maple,2021,1.17,,,,initial,2.9718,hardwood,0.9183459047136487,3.3703294702990907,,
Lower,435,red maple,2022,0.5,1.0,1.17,-0.5726495726495726,normal,1.27,hardwood,0.12996003558533506,0.4769533305981797,0.9183459047136487,-0.8584846571228973
Lower,435,red maple,2023,1.13,1.0,0.5,1.2599999999999998,normal,2.8701999999999996,hardwood,0.8477332775894633,3.11118112875333,0.12996003558533506,5.52303051296735
Lower,435,red maple,2024,1.06,1.0,1.13,-0.061946902654867124,normal,2.6924,hardwood,0.7317829756074916,2.6856435204794944,0.8477332775894633,-0.13677686726145435
Lower,435,red maple,2025,1.2,1.0,1.06,0.1320754716981131,normal,3.048,hardwood,0.9734097176302422,3.5724136637029886,0.7317829756074916,0.33018907254867946
Lower,436,shagbark hickory,2022,1.5,,,,initial,3.81,hardwood,1.6262552344654801,5.968356710488312,,
Lower,436,shagbark hickory,2023,1.13,1.0,1.5,-0.24666666666666673,normal,2.8701999999999996,hardwood,0.8477332775894633,3.11118112875333,1.6262552344654801,-0.4787206462901271
Lower,436,shagbark hickory,2024,1.14,1.0,1.13,0.008849557522123902,normal,2.8956,hardwood,0.8650873663922204,3.174870634659449,0.8477332775894633,0.020471166181070095
Lower,436,shagbark hickory,2025,1.15,1.0,1.14,0.008771929824561412,normal,2.921,hardwood,0.8826404862616459,3.2392905845802407,0.8650873663922204,0.020290574745796437
Lower,437,black birch,2021,1.3,,,,initial,3.302,hardwood,1.1701688202344531,4.294519570260443,,
Lower,437,black birch,2022,1.0,1.0,1.3,-0.23076923076923078,normal,2.54,hardwood,0.639998287075967,2.348793713568799,1.1701688202344531,-0.45307183373101845
Lower,437,black birch,2023,1.31,1.0,1.0,0.31000000000000005,normal,3.3274000000000004,hardwood,1.1909754015080454,4.370879723534526,0.639998287075967,0.8609040454614189
Lower,437,black birch,2024,1.3,1.0,1.31,-0.007633587786259549,normal,3.302,hardwood,1.1701688202344531,4.294519570260443,1.1909754015080454,-0.01747020236290892
Lower,437,black birch,2025,1.31,1.0,1.3,0.007692307692307699,normal,3.3274000000000004,hardwood,1.1909754015080454,4.370879723534526,1.1701688202344531,0.017780837186743257
Lower,439,Muscle Wood,2021,1.5,,,,initial,3.81,hardwood,1.6262552344654801,5.968356710488312,,
Lower,439,Muscle Wood,2022,2.5,1.0,1.5,0.6666666666666666,normal,6.35,hardwood,5.265514724444983,19.324439038713088,1.6262552344654801,2.237815696363098
Lower,439,Muscle Wood,2023,1.0,1.0,2.5,-0.6,normal,2.54,hardwood,0.639998287075967,2.348793713568799,5.265514724444983,-0.8784547531308202
Lower,439,Muscle Wood,2024,0.58,1.0,1.0,-0.42000000000000004,normal,1.4731999999999998,hardwood,0.18283662533990588,0.6710104149974546,0.639998287075967,-0.7143170082919247
Lower,440,Muscle Wood,2022,1.53,,,,initial,3.8862,hardwood,1.7020374141207373,6.2464773098231055,,
Lower,440,Muscle Wood,2023,1.4,1.0,1.53,-0.08496732026143798,normal,3.5559999999999996,hardwood,1.3876287639133735,5.092597563562081,1.7020374141207373,-0.18472487596272108
Lower,440,Muscle Wood,2024,1.31,1.0,1.4,-0.06428571428571418,normal,3.3274000000000004,hardwood,1.1909754015080454,4.370879723534526,1.3876287639133735,-0.1417190011619021
Lower,440,Muscle Wood,2025,1.3,1.0,1.31,-0.007633587786259549,normal,3.302,hardwood,1.1701688202344531,4.294519570260443,1.1909754015080454,-0.01747020236290892
Lower,441,Musclewood,2021,0.75,,,,initial,1.905,hardwood,0.33023242782036455,1.2119530101007379,,
Lower,441,Musclewood,2022,1.38,1.0,0.75,0.8399999999999999,normal,3.5052,hardwood,1.3424580094211813,4.9268208945757355,0.33023242782036455,3.0651913510790463
Lower,441,Musclewood,2023,0.81,1.0,1.38,-0.41304347826086946,normal,2.0574000000000003,hardwood,0.3941797911303745,1.4466398334484742,1.3424580094211813,-0.7063745842595626
Lower,441,Musclewood,2024,0.75,1.0,0.81,-0.07407407407407414,normal,1.905,hardwood,0.33023242782036455,1.2119530101007379,0.3941797911303745,-0.16222892382846543
Lower,441,Musclewood,2025,0.8,1.0,0.75,0.06666666666666672,normal,2.032,hardwood,0.3830767389420381,1.4058916319172798,0.33023242782036455,0.16002156865836048
Lower,442,Musclewood ,2018,1.5,,,,initial,3.81,hardwood,1.6262552344654801,5.968356710488312,,
Lower,442,Musclewood ,2021,1.6,3.0,1.5,0.02222222222222224,annualized,4.064,hardwood,1.8864911481235163,6.923422513613304,1.6262552344654801,0.05334052288612019
Lower,442,Musclewood ,2022,1.25,1.0,1.6,-0.21875000000000006,normal,3.175,hardwood,1.0692317382448702,3.9240804793586737,1.8864911481235163,-0.4332166682528938
Lower,442,Musclewood ,2023,0.32,1.0,1.25,-0.744,normal,0.8128000000000001,hardwood,0.04656115680455039,0.17087944547269993,1.0692317382448702,-0.9564536338203168
Lower,442,Musclewood ,2024,1.69,1.0,0.32,4.281249999999999,normal,4.2926,hardwood,2.1395292698437465,7.852072420326549,0.04656115680455039,44.95094745658578
Lower,442,Musclewood ,2025,1.7,1.0,1.69,0.0059171597633136145,normal,4.318,hardwood,2.1687591817568883,7.95934619704778,2.1395292698437465,0.013661842502054926
Lower,445,black birch,2018,1.31,,,,initial,3.3274000000000004,hardwood,1.1909754015080454,4.370879723534526,,
Lower,445,black birch,2021,1.4,3.0,1.31,0.022900763358778588,annualized,3.5559999999999996,hardwood,1.3876287639133735,5.092597563562081,1.1909754015080454,0.05503986120852995
Lower,445,black birch,2022,1.6,1.0,1.4,0.142857142857143,normal,4.064,hardwood,1.8864911481235163,6.923422513613304,1.3876287639133735,0.35950709381611345
Lower,445,black birch,2023,1.45,1.0,1.6,-0.09375000000000008,normal,3.683,hardwood,1.5042679993623647,5.520663557659878,1.8864911481235163,-0.20261062403677174
Lower,445,black birch,2024,1.41,1.0,1.45,-0.027586206896551748,normal,3.5814,hardwood,1.4105314397768274,5.176650383980957,1.5042679993623647,-0.0623137363988802
Lower,445,black birch,2025,1.48,1.0,1.41,0.04964539007092203,normal,3.7592,hardwood,1.5768150521300262,5.7869112413171955,1.4105314397768274,0.1178872073773187
Lower,446,black birch,2018,1.4,,,,initial,3.5559999999999996,hardwood,1.3876287639133735,5.092597563562081,,
Lower,446,black birch,2021,1.5,3.0,1.4,0.023809523809523836,annualized,3.81,hardwood,1.6262552344654801,5.968356710488312,1.3876287639133735,0.057322360936349
Lower,446,black birch,2022,1.5,1.0,1.5,0.0,normal,3.81,hardwood,1.6262552344654801,5.968356710488312,1.6262552344654801,0.0
Lower,446,black birch,2023,1.61,1.0,1.5,0.0733333333333334,normal,4.0894,hardwood,1.9137196952931343,7.023351281725803,1.6262552344654801,0.17676466444834438
Lower,446,black birch,2024,1.58,1.0,1.61,-0.018633540372670822,normal,4.0132,hardwood,1.8326946481058064,6.7259893585483095,1.9137196952931343,-0.042339036059780386
Lower,446,black birch,2025,1.63,1.0,1.58,0.03164556962025305,normal,4.1402,hardwood,1.9688394451307334,7.225640763629792,1.8326946481058064,0.07428667790656798
Lower,448,Musclewood,2018,1.31,,,,initial,3.3274000000000004,hardwood,1.1909754015080454,4.370879723534526,,
Lower,448,Musclewood,2021,1.06,3.0,1.31,-0.06361323155216285,annualized,2.6924,hardwood,0.7317829756074916,2.6856435204794944,1.1909754015080454,-0.1285199860324884
Lower,448,Musclewood,2022,1.32,1.0,1.06,0.24528301886792453,normal,3.3528000000000002,hardwood,1.2119894889187572,4.448001424331839,0.7317829756074916,0.6562143822936314
Lower,448,Musclewood,2023,1.45,1.0,1.32,0.0984848484848484,normal,3.683,hardwood,1.5042679993623647,5.520663557659878,1.2119894889187572,0.2411559779320822
Lower,448,Musclewood,2024,1.54,1.0,1.45,0.062068965517241434,normal,3.9116,hardwood,1.7277323679063363,6.340777790216254,1.5042679993623647,0.14855356135920905
Lower,448,Musclewood,2025,1.6,1.0,1.54,0.038961038961038995,normal,4.064,hardwood,1.8864911481235163,6.923422513613304,1.7277323679063363,0.09188852577298393
Lower,449,shagbark hickory,2018,2.06,,,,initial,5.2324,hardwood,3.373443326628323,12.380537008725945,,
Lower,449,shagbark hickory,2021,1.3,3.0,2.06,-0.12297734627831716,annualized,3.302,hardwood,1.1701688202344531,4.294519570260443,3.373443326628323,-0.21770777343950923
Lower,449,shagbark hickory,2022,1.6,1.0,1.3,0.23076923076923078,normal,4.064,hardwood,1.8864911481235163,6.923422513613304,1.1701688202344531,0.6121529778460018
Lower,449,shagbark hickory,2023,2.35,1.0,1.6,0.46875,normal,5.969,hardwood,4.567040835923054,16.761039867837606,1.8864911481235163,1.420918243091608
Lower,449,shagbark hickory,2024,2.35,1.0,2.35,0.0,normal,5.969,hardwood,4.567040835923054,16.761039867837606,4.567040835923054,0.0
Lower,450,Shagbark hickory,2018,1.25,,,,initial,3.175,hardwood,1.0692317382448702,3.9240804793586737,,
Lower,450,Shagbark hickory,2021,0.7,3.0,1.25,-0.14666666666666667,annualized,1.7779999999999998,hardwood,0.2817761971853697,1.034118643670307,1.0692317382448702,-0.24548951454062967
Lower,450,Shagbark hickory,2022,1.06,1.0,0.7,0.5142857142857145,normal,2.6924,hardwood,0.7317829756074916,2.6856435204794944,0.2817761971853697,1.5970361688360772
Lower,450,Shagbark hickory,2023,1.34,1.0,1.06,0.2641509433962264,normal,3.4036000000000004,hardwood,1.2546420754204939,4.604536416793213,0.7317829756074916,0.7145002237568445
Lower,450,Shagbark hickory,2024,1.5,1.0,1.34,0.1194029850746268,normal,3.81,hardwood,1.6262552344654801,5.968356710488312,1.2546420754204939,0.2961905760417288
Lower,450,Shagbark hickory,2025,1.45,1.0,1.5,-0.03333333333333336,normal,3.683,hardwood,1.5042679993623647,5.520663557659878,1.6262552344654801,-0.0750111252636247
Lower,453,black birch,2017,1.7,,,,initial,4.318,hardwood,2.1687591817568883,7.95934619704778,,
Lower,453,black birch,2018,1.38,1.0,1.7,-0.1882352941176471,normal,3.5052,hardwood,1.3424580094211813,4.9268208945757355,2.1687591817568883,-0.38100180936932304
Lower,453,black birch,2021,2.0,3.0,1.38,0.14975845410628022,annualized,5.08,hardwood,3.1517212627355704,11.566817034239543,1.3424580094211813,0.44924142645238163
Lower,453,black birch,2022,1.4,1.0,2.0,-0.30000000000000004,normal,3.5559999999999996,hardwood,1.3876287639133735,5.092597563562081,3.1517212627355704,-0.5597235135225866
Lower,453,black birch,2023,0.8,1.0,1.4,-0.4285714285714285,normal,2.032,hardwood,0.3830767389420381,1.4058916319172798,1.3876287639133735,-0.7239342762961402
Lower,453,black birch,2024,1.85,1.0,0.8,1.3125,normal,4.699000000000001,hardwood,2.6343518930067713,9.668071447334851,0.3830767389420381,5.876825516167311
Lower,453,black birch,2025,1.72,1.0,1.85,-0.07027027027027033,normal,4.3688,hardwood,2.227892541155202,8.176365626039592,2.6343518930067713,-0.1542919732669611
Lower,458,Shagbark hickory,2015,2.3,,,,initial,5.842,hardwood,4.346631614612262,15.952138025627,,
Lower,458,Shagbark hickory,2016,2.06,1.0,2.3,-0.10434782608695643,normal,5.2324,hardwood,3.373443326628323,12.380537008725945,4.346631614612262,-0.22389481655457738
Lower,458,Shagbark hickory,2017,1.6,1.0,2.06,-0.2233009708737864,normal,4.064,hardwood,1.8864911481235163,6.923422513613304,3.373443326628323,-0.44078172790618075
Lower,458,Shagbark hickory,2018,1.7,1.0,1.6,0.06249999999999992,normal,4.318,hardwood,2.1687591817568883,7.95934619704778,1.8864911481235163,0.14962595181755436
Lower,458,Shagbark hickory,2021,1.7,3.0,1.7,0.0,annualized,4.318,hardwood,2.1687591817568883,7.95934619704778,2.1687591817568883,0.0
Lower,458,Shagbark hickory,2022,1.48,1.0,1.7,-0.12941176470588234,normal,3.7592,hardwood,1.5768150521300262,5.7869112413171955,2.1687591817568883,-0.27294138261461315
Lower,458,Shagbark hickory,2023,1.69,1.0,1.48,0.14189189189189186,normal,4.2926,hardwood,2.1395292698437465,7.852072420326549,1.5768150521300262,0.3568676091426087
Lower,459,red maple,2017,2.05,,,,initial,5.207,hardwood,3.3358974551826344,12.242743660520269,,
Lower,459,red maple,2018,3.0,1.0,2.05,0.4634146341463416,normal,7.62,hardwood,8.00862018634041,29.391636083869304,3.3358974551826344,1.400739319459073
Lower,459,red maple,2021,2.9,3.0,3.0,-0.01111111111111112,annualized,7.366,hardwood,7.4078845743540365,27.186936387879314,8.00862018634041,-0.025003708421208228
Lower,459,red maple,2022,4.0,1.0,2.9,0.37931034482758624,normal,10.16,hardwood,15.520896100149127,56.961688687547294,7.4078845743540365,1.0951860067963521
Lower,459,red maple,2023,2.23,1.0,4.0,-0.4425,normal,5.6642,hardwood,4.0483681237414775,14.857511014131221,15.520896100149127,-0.739166598525031
Lower,459,red maple,2024,1.82,1.0,2.23,-0.18385650224215244,normal,4.6228,hardwood,2.5371316554776446,9.311273175602956,4.0483681237414775,-0.3732952197210656
Lower,459,red maple,2025,4.6,1.0,1.82,1.5274725274725272,normal,11.684,hardwood,21.405324916793116,78.55754244463074,2.5371316554776446,7.436820718617109
Lower,464,Musclewood,2015,2.1,,,,initial,5.3340000000000005,hardwood,3.5260071571740457,12.940446266828747,,
Lower,464,Musclewood,2016,2.2,1.0,2.1,0.04761904761904766,normal,5.588000000000001,hardwood,3.9241985910482433,14.401808829147052,3.5260071571740457,0.11292984277244979
Lower,464,Musclewood,2017,2.1,1.0,2.2,-0.04545454545454549,normal,5.3340000000000005,hardwood,3.5260071571740457,12.940446266828747,3.9241985910482433,-0.101470765211154
Lower,464,Musclewood,2018,2.2,1.0,2.1,0.04761904761904766,normal,5.588000000000001,hardwood,3.9241985910482433,14.401808829147052,3.5260071571740457,0.11292984277244979
Lower,464,Musclewood,2021,2.5,3.0,2.2,0.04545454545454542,annualized,6.35,hardwood,5.265514724444983,19.324439038713088,3.9241985910482433,0.11393546157904334
Lower,464,Musclewood,2022,2.2,1.0,2.5,-0.11999999999999993,normal,5.588000000000001,hardwood,3.9241985910482433,14.401808829147052,5.265514724444983,-0.25473599516676354
Lower,464,Musclewood,2023,1.39,1.0,2.2,-0.3681818181818183,normal,3.5305999999999997,hardwood,1.3649377720447975,5.009321623404407,3.9241985910482433,-0.6521741343166347
Lower,464,Musclewood,2024,2.13,1.0,1.39,0.5323741007194245,normal,5.4102,hardwood,3.64293900305432,13.369586141209354,1.3649377720447975,1.6689414548158301
Lower,464,Musclewood,2025,2.2,1.0,2.13,0.03286384976525835,normal,5.588000000000001,hardwood,3.9241985910482433,14.401808829147052,3.64293900305432,0.07720677940479076
Lower,467,Musclewood,2015,3.7,,,,initial,9.398000000000001,hardwood,12.973070463439562,47.61116860082319,,
Lower,467,Musclewood,2016,4.0,1.0,3.7,0.08108108108108103,normal,10.16,hardwood,15.520896100149127,56.961688687547294,12.973070463439562,0.19639341695474435
Lower,467,Musclewood,2017,4.63,1.0,4.0,0.15749999999999997,normal,11.7602,hardwood,21.727766776672528,79.74090407038818,15.520896100149127,0.39990414448195194
Lower,467,Musclewood,2018,5.2,1.0,4.63,0.12311015118790503,normal,13.208,hardwood,28.37830826309261,104.14839132554988,21.727766776672528,0.30608490761048984
Lower,467,Musclewood,2021,4.6,3.0,5.2,-0.03846153846153849,annualized,11.684,hardwood,21.405324916793116,78.55754244463074,28.37830826309261,-0.08190508611546567
Lower,467,Musclewood,2022,2.25,1.0,4.6,-0.5108695652173912,normal,5.715,hardwood,4.132364321957084,15.165777061582498,21.405324916793116,-0.80694690045489
Lower,467,Musclewood,2023,3.3,1.0,2.25,0.46666666666666656,normal,8.382,hardwood,9.971508719079994,36.595436999023576,4.132364321957084,1.4130274927834765
Lower,467,Musclewood,2024,3.5,1.0,3.3,0.06060606060606066,normal,8.89,hardwood,11.416561318986751,41.89878004068138,9.971508719079994,0.14491815036391836
Lower,467,Musclewood,2025,4.81,1.0,3.5,0.37428571428571417,normal,12.2174,hardwood,23.719879983396844,87.05195953906642,11.416561318986751,1.0776728929707218
Lower,468,Sugar maple,2016,1.4,,,,initial,3.5559999999999996,hardwood,1.3876287639133735,5.092597563562081,,
Lower,468,Sugar maple,2017,1.44,1.0,1.4,0.0285714285714286,normal,3.6576,hardwood,1.4805140849767895,5.433486691864817,1.3876287639133735,0.06693816349083304
Lower,468,Sugar maple,2018,1.75,1.0,1.44,0.21527777777777782,normal,4.445,hardwood,2.3182823223737237,8.508096123111565,1.4805140849767895,0.5658630646597788
Lower,468,Sugar maple,2021,1.7,3.0,1.75,-0.009523809523809532,annualized,4.318,hardwood,2.1687591817568883,7.95934619704778,2.3182823223737237,-0.021499127345821052
Lower,468,Sugar maple,2022,4.7,1.0,1.7,1.7647058823529411,normal,11.938,hardwood,22.490747242659054,82.54104238055872,2.1687591817568883,9.370329463891672
Lower,468,Sugar maple,2023,1.66,1.0,4.7,-0.6468085106382978,normal,4.2164,hardwood,2.0531818388438894,7.535177348557074,22.490747242659054,-0.9087099322805272
Lower,468,Sugar maple,2024,1.68,1.0,1.66,0.012048192771084348,normal,4.2672,hardwood,2.1105233412854263,7.745620662517514,2.0531818388438894,0.027928116914293817
Lower,468,Sugar maple,2025,2.3,1.0,1.68,0.369047619047619,normal,5.842,hardwood,4.346631614612262,15.952138025627,2.1105233412854263,1.0595041663765354
Lower,469,Musclewood,2015,1.4,,,,initial,3.5559999999999996,hardwood,1.3876287639133735,5.092597563562081,,
Lower,469,Musclewood,2016,1.4,1.0,1.4,0.0,normal,3.5559999999999996,hardwood,1.3876287639133735,5.092597563562081,1.3876287639133735,0.0
Lower,469,Musclewood,2017,1.44,1.0,1.4,0.0285714285714286,normal,3.6576,hardwood,1.4805140849767895,5.433486691864817,1.3876287639133735,0.06693816349083304
Lower,469,Musclewood,2018,1.31,1.0,1.44,-0.0902777777777777,normal,3.3274000000000004,hardwood,1.1909754015080454,4.370879723534526,1.4805140849767895,-0.19556631470566746
Lower,469,Musclewood,2021,1.55,3.0,1.31,0.061068702290076333,annualized,3.9370000000000003,hardwood,1.7536451457755964,6.435877684996439,1.1909754015080454,0.15748149053710747
Lower,469,Musclewood,2022,1.65,1.0,1.55,0.06451612903225798,normal,4.191,hardwood,2.0248454630899557,7.4311828495401375,1.7536451457755964,0.15464948422869995
Lower,469,Musclewood,2023,1.8,1.0,1.65,0.090909090909091,normal,4.572,hardwood,2.473463883486683,9.077612452396126,2.0248454630899557,0.22155686869659993
Lower,469,Musclewood,2024,1.5,1.0,1.8,-0.16666666666666669,normal,3.81,hardwood,1.6262552344654801,5.968356710488312,2.473463883486683,-0.34251911041730976
Lower,469,Musclewood,2025,1.7,1.0,1.5,0.1333333333333333,normal,4.318,hardwood,2.1687591817568883,7.95934619704778,1.6262552344654801,0.33359089999776026
Lower,470,sugar maple,2015,2.6,,,,initial,6.604,hardwood,5.762587222808233,21.148695107706214,,
Lower,470,sugar maple,2016,2.63,1.0,2.6,0.011538461538461463,normal,6.6802,hardwood,5.916665719450596,21.714163190383687,5.762587222808233,0.026737729197837144
Lower,470,sugar maple,2017,2.63,1.0,2.63,0.0,normal,6.6802,hardwood,5.916665719450596,21.714163190383687,5.916665719450596,0.0
Lower,470,sugar maple,2018,2.65,1.0,2.63,0.0076045627376425924,normal,6.731,hardwood,6.020663040777856,22.09583335965473,5.916665719450596,0.01757701486926601
Lower,470,sugar maple,2021,2.8,3.0,2.65,0.018867924528301876,annualized,7.111999999999999,hardwood,6.833485601954647,25.078892159173552,6.020663040777856,0.045001829846732636
Lower,470,sugar maple,2022,1.6,1.0,2.8,-0.4285714285714285,normal,4.064,hardwood,1.8864911481235163,6.923422513613304,6.833485601954647,-0.72393427629614
Lower,470,sugar maple,2023,2.68,1.0,1.6,0.675,normal,6.807200000000001,hardwood,6.178582327605647,22.675397142312725,1.8864911481235163,2.275171650686754
Lower,470,sugar maple,2024,2.87,1.0,2.68,0.07089552238805968,normal,7.2898000000000005,hardwood,7.232811955522304,26.544419876766856,6.178582327605647,0.17062645960164727
Lower,470,sugar maple,2025,2.75,1.0,2.87,-0.04181184668989551,normal,6.985,hardwood,6.556076423102267,24.06080047278532,7.232811955522304,-0.09356465183687575
Lower,471,black birch,2016,1.25,,,,initial,3.175,hardwood,1.0692317382448702,3.9240804793586737,,
Lower,471,black birch,2017,1.31,1.0,1.25,0.04800000000000004,normal,3.3274000000000004,hardwood,1.1909754015080454,4.370879723534526,1.0692317382448702,0.11386087684136259
Lower,471,black birch,2018,1.25,1.0,1.31,-0.045801526717557293,normal,3.175,hardwood,1.0692317382448702,3.9240804793586737,1.1909754015080454,-0.10222181172593496
Lower,471,black birch,2021,1.2,3.0,1.25,-0.013333333333333345,annualized,3.048,hardwood,0.9734097176302422,3.5724136637029886,1.0692317382448702,-0.02987254530120806
Lower,471,black birch,2022,2.48,1.0,1.2,1.0666666666666667,normal,6.2992,hardwood,5.16913265435467,18.97071684148164,0.9734097176302422,4.310335987747154
Lower,471,black birch,2023,1.45,1.0,2.48,-0.4153225806451613,normal,3.683,hardwood,1.5042679993623647,5.520663557659878,5.16913265435467,-0.7089902504059141
Lower,474,Muscle Wood,2021,1.2,,,,initial,3.048,hardwood,0.9734097176302422,3.5724136637029886,,
Lower,474,Muscle Wood,2022,1.32,1.0,1.2,0.10000000000000009,normal,3.3528000000000002,hardwood,1.2119894889187572,4.448001424331839,0.9734097176302422,0.24509696889952515
Lower,474,Muscle Wood,2023,1.6,1.0,1.32,0.21212121212121213,normal,4.064,hardwood,1.8864911481235163,6.923422513613304,1.2119894889187572,0.5565243472585698
Lower,474,Muscle Wood,2024,1.18,1.0,1.6,-0.26250000000000007,normal,2.9972,hardwood,0.9364992381768609,3.436952204109079,1.8864911481235163,-0.5035761290963956
Lower,474,Muscle Wood,2025,1.2,1.0,1.18,0.0169491525423729,normal,3.048,hardwood,0.9734097176302422,3.5724136637029886,0.9364992381768609,0.03941325091223477
Lower,481,Musclewood,2015,2.06,,,,initial,5.2324,hardwood,3.373443326628323,12.380537008725945,,
Lower,481,Musclewood,2016,2.2,1.0,2.06,0.06796116504854374,normal,5.588000000000001,hardwood,3.9241985910482433,14.401808829147052,3.373443326628323,0.163262047437562
Lower,481,Musclewood,2017,2.3,1.0,2.2,0.04545454545454529,normal,5.842,hardwood,4.346631614612262,15.952138025627,3.9241985910482433,0.1076482277241675
Lower,481,Musclewood,2018,2.5,1.0,2.3,0.08695652173913052,normal,6.35,hardwood,5.265514724444983,19.324439038713088,4.346631614612262,0.2114011932236611
Lower,481,Musclewood,2021,2.7,3.0,2.5,0.02666666666666669,annualized,6.8580000000000005,hardwood,6.285147427752522,23.066491059851753,5.265514724444983,0.06454783350833851
Lower,481,Musclewood,2022,1.52,1.0,2.7,-0.43703703703703706,normal,3.8608000000000002,hardwood,1.676559859116108,6.152974682956116,6.285147427752522,-0.7332505118793018
Lower,481,Musclewood,2023,2.5,1.0,1.52,0.6447368421052632,normal,6.35,hardwood,5.265514724444983,19.324439038713088,1.676559859116108,2.1406661061424863
Lower,481,Musclewood,2024,3.04,1.0,2.5,0.21600000000000003,normal,7.7216000000000005,hardwood,8.256349216756544,30.300801625496515,5.265514724444983,0.5680042025951818
Lower,481,Musclewood,2025,3.0,1.0,3.04,-0.013157894736842117,normal,7.62,hardwood,8.00862018634041,29.391636083869304,8.256349216756544,-0.030004669607889004
Lower,482,White Pine ,2015,7.4,,,,initial,18.796000000000003,softwood,38.29160758189502,140.53019982555472,,
Lower,482,White Pine ,2016,7.44,1.0,7.4,0.00540540540540541,normal,18.8976,softwood,38.81116141415151,142.43696238993604,38.29160758189502,0.013568347349881075
Lower,482,White Pine ,2017,7.5,1.0,7.44,0.008064516129032206,normal,19.05,softwood,39.598383622662425,145.3260678951711,38.81116141415151,0.020283397348265664
Lower,482,White Pine ,2018,7.5,1.0,7.5,0.0,normal,19.05,softwood,39.598383622662425,145.3260678951711,39.598383622662425,0.0
Lower,482,White Pine ,2021,7.7,3.0,7.5,0.008888888888888898,annualized,19.558,softwood,42.29130759009021,155.20909885563108,39.598383622662425,0.022668635443043768
Lower,482,White Pine ,2022,2.9,1.0,7.7,-0.6233766233766235,normal,7.366,softwood,3.681453293535091,13.510933587273785,42.29130759009021,-0.9129501189885711
Lower,482,White Pine ,2023,6.5,1.0,2.9,1.2413793103448276,normal,16.51,softwood,27.689026811438836,101.61872839798053,3.681453293535091,6.521221812066134
Lower,482,White Pine ,2024,7.76,1.0,6.5,0.1938461538461538,normal,19.7104,softwood,43.119985224902344,158.2503457753916,27.689026811438836,0.5572950800527485
Lower,482,White Pine ,2025,7.75,1.0,7.76,-0.0012886597938144056,normal,19.685,softwood,42.981201980914705,157.74101126995697,43.119985224902344,-0.003218536445775264
Lower,483,sugar maple,2015,5.4,,,,initial,13.716000000000001,hardwood,30.951696570906748,113.59272641522776,,
Lower,483,sugar maple,2016,5.44,1.0,5.4,0.007407407407407414,normal,13.8176,hardwood,31.481562623222665,115.53733482722718,30.951696570906748,0.017119127899889282
Lower,483,sugar maple,2017,5.63,1.0,5.44,0.0349264705882352,normal,14.3002,hardwood,34.068116192315905,125.02998642579936,31.481562623222665,0.08216090160611168
Lower,483,sugar maple,2018,5.7,1.0,5.63,0.012433392539964526,normal,14.478000000000002,hardwood,35.05023867647802,128.63437594267432,34.068116192315905,0.028828200497438432
Lower,483,sugar maple,2021,5.9,3.0,5.7,0.011695906432748548,annualized,14.986,hardwood,37.9435917037269,139.25298155267774,35.05023867647802,0.02751624655070319
Lower,483,sugar maple,2022,7.9,1.0,5.9,0.3389830508474576,normal,20.066000000000003,hardwood,74.25421677940489,272.5129755804159,37.9435917037269,0.9569633090931524
Lower,483,sugar maple,2023,5.9,1.0,7.9,-0.2531645569620253,normal,14.986,hardwood,37.9435917037269,139.25298155267774,74.25421677940489,-0.4890042161989254
Lower,483,sugar maple,2024,6.12,1.0,5.9,0.03728813559322029,normal,15.5448,hardwood,41.27690088645312,151.48622625328295,37.9435917037269,0.08784906839483024
Lower,483,sugar maple,2025,6.1,1.0,6.12,-0.003267973856209226,normal,15.494,hardwood,40.967308485507594,150.35002214181287,41.27690088645312,-0.0075003790085203005
Lower,484,red oak,2015,20.3,,,,initial,51.562000000000005,hardwood,650.7582743123862,2388.2828667264575,,
Lower,484,red oak,2016,20.69,1.0,20.3,0.01921182266009855,normal,52.552600000000005,hardwood,679.8732283998137,2495.1347482273163,650.7582743123862,0.044740044401573434
Lower,484,red oak,2017,20.44,1.0,20.69,-0.01208313194780087,normal,51.91760000000001,hardwood,661.1269515180758,2426.335912071338,679.8732283998137,-0.02757319467610184
Lower,484,red oak,2018,20.8,1.0,20.44,0.0176125244618395,normal,52.832,hardwood,688.2155514225341,2525.7510737207,661.1269515180758,0.040973371063239256
Lower,484,red oak,2021,20.7,3.0,20.8,-0.0016025641025641253,annualized,52.577999999999996,hardwood,680.6292456573955,2497.9093315626415,688.2155514225341,-0.0036743845487835864
Lower,484,red oak,2022,6.0,1.0,20.7,-0.7101449275362319,normal,15.24,hardwood,39.43907200405727,144.7413942548902,680.6292456573955,-0.9420549847722683
Lower,484,red oak,2023,21.1,1.0,6.0,2.516666666666667,normal,53.594,hardwood,711.2601201582737,2610.3246409808644,39.43907200405727,17.034403042878473
Lower,484,red oak,2024,21.65,1.0,21.1,0.026066350710900337,normal,54.991,hardwood,754.6263802399336,2769.4788154805565,711.2601201582737,0.06097102712859789
Lower,484,red oak,2025,21.15,1.0,21.65,-0.023094688221709007,normal,53.721,hardwood,715.1426287406039,2624.573447478016,754.6263802399336,-0.05232225182318152
Lower,485,black birch,2015,3.69,,,,initial,9.3726,hardwood,12.892568685000205,47.315727073950754,,
Lower,485,black birch,2016,3.6,1.0,3.69,-0.024390243902438987,normal,9.144,hardwood,12.180764967060203,44.70340742911094,12.892568685000205,-0.05521038788555355
Lower,485,black birch,2017,3.75,1.0,3.6,0.041666666666666644,normal,9.525,hardwood,13.379834064723505,49.103991017535265,12.180764967060203,0.0984395562106224
Lower,485,black birch,2018,3.95,1.0,3.75,0.05333333333333338,normal,10.033000000000001,hardwood,15.078291379656756,55.337329363340295,13.379834064723505,0.12694158288639054
Lower,485,black birch,2021,3.9,3.0,3.95,-0.004219409282700444,annualized,9.906,hardwood,14.642910495857947,53.739481519798666,15.078291379656756,-0.009624894333987413
Lower,485,black birch,2022,21.1,1.0,3.9,4.4102564102564115,normal,53.594,hardwood,711.2601201582737,2610.3246409808644,14.642910495857947,47.5736848804388
Lower,485,black birch,2023,4.2,1.0,21.1,-0.8009478672985783,normal,10.668000000000001,hardwood,17.36409605187606,63.726232510385145,711.2601201582737,-0.9755868555543193
Lower,485,black birch,2024,4.06,1.0,4.2,-0.033333333333333465,normal,10.312399999999998,hardwood,16.061595667839168,58.94605610096974,17.36409605187606,-0.07501112526362509
Lower,485,black birch,2025,4.16,1.0,4.06,0.024630541871921315,normal,10.5664,hardwood,16.98609200312911,62.33895765148383,16.061595667839168,0.057559432724427276
Lower,486,sugar maple,2015,7.2,,,,initial,18.288,hardwood,59.98512295785456,220.14540125532622,,
Lower,486,sugar maple,2016,9.0,1.0,7.2,0.24999999999999997,normal,22.86,hardwood,100.21588898634975,367.7923125799036,59.98512295785456,0.6706790624862312
Lower,486,sugar maple,2017,7.06,1.0,9.0,-0.2155555555555556,normal,17.932399999999998,hardwood,57.33629474761316,210.42420172374028,100.21588898634975,-0.427872213402978
Lower,486,sugar maple,2018,7.35,1.0,7.06,0.041076487252124656,normal,18.669,hardwood,62.89841353323096,230.83717766695761,57.33629474761316,0.09700868900059752
Lower,486,sugar maple,2021,7.2,3.0,7.35,-0.0068027210884353505,annualized,18.288,hardwood,59.98512295785456,220.14540125532622,62.89841353323096,-0.015439131194394006
Lower,486,sugar maple,2022,4.0,1.0,7.2,-0.4444444444444445,normal,10.16,hardwood,15.520896100149127,56.961688687547294,59.98512295785456,-0.7412542421384368
Lower,486,sugar maple,2023,7.3,1.0,4.0,0.825,normal,18.541999999999998,hardwood,61.91863730426167,227.24139890664034,15.520896100149127,2.989372579052749
Lower,486,sugar maple,2024,7.32,1.0,7.3,0.0027397260273973236,normal,18.5928,hardwood,62.309504556870024,228.675881723713,61.91863730426167,0.006312594553521446
Lower,486,sugar maple,2025,7.25,1.0,7.32,-0.009562841530054683,normal,18.415,hardwood,60.947546409011,223.67749532107035,62.309504556870024,-0.021857951809197352
Lower,487,black birch,2015,1.9,,,,initial,4.826,hardwood,2.800993453630146,10.279645974822635,,
Lower,487,black birch,2016,1.81,1.0,1.9,-0.047368421052631504,normal,4.5974,hardwood,2.5051834491849845,9.194023258508892,2.800993453630146,-0.10560895958603028
Lower,487,black birch,2017,1.88,1.0,1.81,0.03867403314917118,normal,4.7752,hardwood,2.7336434258813203,10.032471372984444,2.5051834491849845,0.09119490900782577
Lower,487,black birch,2018,1.95,1.0,1.88,0.03723404255319152,normal,4.953,hardwood,2.9734347849726235,10.912505660849527,2.7336434258813203,0.0877185944666485
Lower,487,black birch,2021,1.9,3.0,1.95,-0.008547008547008555,annualized,4.826,hardwood,2.800993453630146,10.279645974822635,2.9734347849726235,-0.019331328223953316
Lower,487,black birch,2022,7.8,1.0,1.9,3.105263157894737,normal,19.812,hardwood,72.1101498083406,264.64424979661,2.800993453630146,24.744490660941867
Lower,487,black birch,2023,1.95,1.0,7.8,-0.75,normal,4.953,hardwood,2.9734347849726235,10.912505660849527,72.1101498083406,-0.958765377788347
Lower,487,black birch,2024,1.92,1.0,1.95,-0.0153846153846154,normal,4.8768,hardwood,2.869271454142023,10.530226236701225,2.9734347849726235,-0.03503131508282248
Lower,487,black birch,2025,1.9,1.0,1.92,-0.010416666666666676,normal,4.826,hardwood,2.800993453630146,10.279645974822635,2.869271454142023,-0.023796284737476577
Lower,488,sugar maple,2015,3.1,,,,initial,7.8740000000000006,hardwood,8.635961696844225,31.693979427418306,,
Lower,488,sugar maple,2016,3.06,1.0,3.1,-0.012903225806451623,normal,7.7724,hardwood,8.381815414795094,30.761262572297994,8.635961696844225,-0.029428833865949397
Lower,488,sugar maple,2017,3.13,1.0,3.06,0.022875816993464,normal,7.9502,hardwood,8.829391782098607,32.40386784030189,8.381815414795094,0.05339849962735731
Lower,488,sugar maple,2018,3.2,1.0,3.13,0.02236421725239626,normal,8.128,hardwood,9.290172151347615,34.094931795445746,8.829391782098607,0.052187101968136675
Lower,488,sugar maple,2021,3.2,3.0,3.2,0.0,annualized,8.128,hardwood,9.290172151347615,34.094931795445746,9.290172151347615,0.0
Lower,488,sugar maple,2022,2.4,1.0,3.2,-0.25000000000000006,normal,6.096,hardwood,4.7936317430245,17.592628496899916,9.290172151347615,-0.48401045051364905
Lower,488,sugar maple,2023,3.25,1.0,2.4,0.35416666666666674,normal,8.255,hardwood,9.627433818896398,35.332682115349776,4.7936317430245,1.0083799371751598
Lower,488,sugar maple,2024,3.26,1.0,3.25,0.0030769230769230114,normal,8.2804,hardwood,9.695702734583227,35.58322903592044,9.627433818896398,0.007091081275763574
Lower,488,sugar maple,2025,3.2,1.0,3.26,-0.018404907975460003,normal,8.128,hardwood,9.290172151347615,34.094931795445746,9.695702734583227,-0.04182580616762725
Lower,489,black birch,2015,3.88,,,,initial,9.8552,hardwood,14.470774652530535,53.107742974787065,,
Lower,489,black birch,2016,4.0,1.0,3.88,0.03092783505154642,normal,10.16,hardwood,15.520896100149127,56.961688687547294,14.470774652530535,0.0725684334691063
Lower,489,black birch,2017,4.0,1.0,4.0,0.0,normal,10.16,hardwood,15.520896100149127,56.961688687547294,15.520896100149127,0.0
Lower,489,black birch,2018,4.15,1.0,4.0,0.03750000000000009,normal,10.541,hardwood,16.892325218227136,61.99483355089359,15.520896100149127,0.08836017645043265
Lower,489,black birch,2021,4.5,3.0,4.15,0.028112449799196755,annualized,11.43,hardwood,20.350148995533267,74.68504681360709,16.892325218227136,0.06823263883914721
Lower,489,black birch,2022,3.3,1.0,4.5,-0.2666666666666667,normal,8.382,hardwood,9.971508719079994,36.595436999023576,20.350148995533267,-0.5100031591282855
Lower,489,black birch,2023,1.64,1.0,3.3,-0.503030303030303,normal,4.1655999999999995,hardwood,1.996731466915194,7.328004483578762,9.971508719079994,-0.799756333452876
Lower,489,black birch,2024,4.75,1.0,1.64,1.8963414634146345,normal,12.065,hardwood,23.044862105096374,84.5746439257037,1.996731466915194,10.541292600901924
Lower,489,black birch,2025,5.6,1.0,4.75,0.17894736842105255,normal,14.223999999999998,hardwood,33.652030490077536,123.50295189858456,23.044862105096374,0.4602834391721261
Lower,490,black birch,2015,2.13,,,,initial,5.4102,hardwood,3.64293900305432,13.369586141209354,,
Lower,490,black birch,2016,2.0,1.0,2.13,-0.06103286384976521,normal,5.08,hardwood,3.1517212627355704,11.566817034239543,3.64293900305432,-0.13484105550680422
Lower,490,black birch,2017,2.1,1.0,2.0,0.050000000000000044,normal,5.3340000000000005,hardwood,3.5260071571740457,12.940446266828747,3.1517212627355704,0.11875602670320211
Lower,490,black birch,2018,2.25,1.0,2.1,0.07142857142857138,normal,5.715,hardwood,4.132364321957084,15.165777061582498,3.5260071571740457,0.1719670828090461
Lower,490,black birch,2021,2.2,3.0,2.25,-0.007407407407407381,annualized,5.588000000000001,hardwood,3.9241985910482433,14.401808829147052,4.132364321957084,-0.01679149551285236
Lower,490,black birch,2022,4.9,1.0,2.2,1.2272727272727273,normal,12.446000000000002,hardwood,24.75311136157214,90.84391869696975,3.9241985910482433,5.307813120884899
Lower,490,black birch,2023,2.31,1.0,4.9,-0.5285714285714286,normal,5.8674,hardwood,4.390220823715434,16.11211042303564,24.75311136157214,-0.8226396367072055
Lower,490,black birch,2024,2.21,1.0,2.31,-0.04329004329004333,normal,5.6134,hardwood,3.9653455709762877,14.552818245482976,4.390220823715434,-0.09677764964441475
Lower,490,black birch,2025,2.6,1.0,2.21,0.17647058823529418,normal,6.604,hardwood,5.762587222808233,21.148695107706214,3.9653455709762877,0.45323708102178234
Lower,491,black birch,2015,1.25,,,,initial,3.175,hardwood,1.0692317382448702,3.9240804793586737,,
Lower,491,black birch,2016,1.3,1.0,1.25,0.040000000000000036,normal,3.302,hardwood,1.1701688202344531,4.294519570260443,1.0692317382448702,0.09440150191881683
Lower,491,black birch,2017,1.35,1.0,1.3,0.03846153846153849,normal,3.4290000000000003,hardwood,1.276281514911054,4.683953159723568,1.1701688202344531,0.09068152632484287
Lower,491,black birch,2018,1.4,1.0,1.35,0.0370370370370369,normal,3.5559999999999996,hardwood,1.3876287639133735,5.092597563562081,1.276281514911054,0.08724348641066032
Lower,491,black birch,2021,1.4,3.0,1.4,0.0,annualized,3.5559999999999996,hardwood,1.3876287639133735,5.092597563562081,1.3876287639133735,0.0
Lower,491,black birch,2022,2.16,1.0,1.4,0.542857142857143,normal,5.486400000000001,hardwood,3.762031600730808,13.806655974682066,1.3876287639133735,1.7111225268357606
Lower,491,black birch,2023,1.4,1.0,2.16,-0.3518518518518519,normal,3.5559999999999996,hardwood,1.3876287639133735,5.092597563562081,3.762031600730808,-0.6311490941107953
Lower,491,black birch,2024,1.59,1.0,1.4,0.13571428571428584,normal,4.038600000000001,hardwood,1.8594829370740942,6.824302379061925,1.3876287639133735,0.3400435227574869
Lower,491,black birch,2025,1.46,1.0,1.59,-0.08176100628930824,normal,3.7084,hardwood,1.5282358380083156,5.608625525490519,1.8594829370740942,-0.1781393593140454
Lower,492,black birch,2015,1.56,,,,initial,3.9624,hardwood,1.7797761711023588,6.531778547945657,,
Lower,492,black birch,2016,1.56,1.0,1.56,0.0,normal,3.9624,hardwood,1.7797761711023588,6.531778547945657,1.7797761711023588,0.0
Lower,492,black birch,2017,1.56,1.0,1.56,0.0,normal,3.9624,hardwood,1.7797761711023588,6.531778547945657,1.7797761711023588,0.0
Lower,492,black birch,2018,1.65,1.0,1.56,0.0576923076923076,normal,4.191,hardwood,2.0248454630899557,7.4311828495401375,1.7797761711023588,0.13769669240812782
Lower,492,black birch,2021,1.7,3.0,1.65,0.010101010101010112,annualized,4.318,hardwood,2.1687591817568883,7.95934619704778,2.0248454630899557,0.023691309006090323
Lower,492,black birch,2022,1.27,1.0,1.7,-0.2529411764705882,normal,3.2258,hardwood,1.1089893355059486,4.069990861306831,2.1687591817568883,-0.4886526153597338
Lower,492,black birch,2023,1.7,1.0,1.27,0.3385826771653543,normal,4.318,hardwood,2.1687591817568883,7.95934619704778,1.1089893355059486,0.9556177073311948
Lower,493,black birch,2015,2.63,,,,initial,6.6802,hardwood,5.916665719450596,21.714163190383687,,
Lower,493,black birch,2016,2.5,1.0,2.63,-0.04942965779467677,normal,6.35,hardwood,5.265514724444983,19.324439038713088,5.916665719450596,-0.11005370691553575
Lower,493,black birch,2017,2.5,1.0,2.5,0.0,normal,6.35,hardwood,5.265514724444983,19.324439038713088,5.265514724444983,0.0
Lower,493,black birch,2018,2.5,1.0,2.5,0.0,normal,6.35,hardwood,5.265514724444983,19.324439038713088,5.265514724444983,0.0
Lower,493,black birch,2021,2.5,3.0,2.5,0.0,annualized,6.35,hardwood,5.265514724444983,19.324439038713088,5.265514724444983,0.0
Lower,493,black birch,2022,1.75,1.0,2.5,-0.3,normal,4.445,hardwood,2.3182823223737237,8.508096123111565,5.265514724444983,-0.5597235135225864
Lower,493,black birch,2023,2.56,1.0,1.75,0.4628571428571429,normal,6.502400000000001,hardwood,5.560716214113794,20.40782850579762,2.3182823223737237,1.3986363353795899
Lower,493,black birch,2024,2.48,1.0,2.56,-0.03125000000000003,normal,6.2992,hardwood,5.16913265435467,18.97071684148164,5.560716214113794,-0.070419626659824
Lower,493,black birch,2025,2.6,1.0,2.48,0.04838709677419359,normal,6.604,hardwood,5.762587222808233,21.148695107706214,5.16913265435467,0.11480737836232825
Lower,494,sugar maple,2015,2.13,,,,initial,5.4102,hardwood,3.64293900305432,13.369586141209354,,
Lower,494,sugar maple,2016,2.06,1.0,2.13,-0.03286384976525814,normal,5.2324,hardwood,3.373443326628323,12.380537008725945,3.64293900305432,-0.07397754291247971
Lower,494,sugar maple,2017,2.7,1.0,2.06,0.31067961165048547,normal,6.8580000000000005,hardwood,6.285147427752522,23.066491059851753,3.373443326628323,0.8631252459884595
Lower,494,sugar maple,2018,2.69,1.0,2.7,-0.003703703703703789,normal,6.8326,hardwood,6.231736128169562,22.87047159038229,6.285147427752522,-0.008498018574253075
Lower,494,sugar maple,2021,2.9,3.0,2.69,0.026022304832713748,annualized,7.366,hardwood,7.4078845743540365,27.186936387879314,6.231736128169562,0.06291175909860734
Lower,494,sugar maple,2022,2.32,1.0,2.9,-0.20000000000000004,normal,5.892799999999999,hardwood,4.434056031880801,16.272985637002538,7.4078845743540365,-0.4014409933935224
Lower,494,sugar maple,2023,3.0,1.0,2.32,0.29310344827586216,normal,7.62,hardwood,8.00862018634041,29.391636083869304,4.434056031880801,0.8061612502770698
Lower,494,sugar maple,2024,2.71,1.0,3.0,-0.09666666666666668,normal,6.8834,hardwood,6.3388165131557495,23.2634566032816,8.00862018634041,-0.20850079468529376
Lower,494,sugar maple,2025,2.66,1.0,2.71,-0.018450184501844952,normal,6.7564,hardwood,6.073046072588788,22.288079086400852,6.3388165131557495,-0.04192745444127848
Lower,495,black birch ,2015,3.81,,,,initial,9.6774,hardwood,13.877340858749765,50.92984095161164,,
Lower,495,black birch ,2016,3.9,1.0,3.81,0.02362204724409445,normal,9.906,hardwood,14.642910495857947,53.739481519798666,13.877340858749765,0.0551668828272302
Lower,495,black birch ,2017,3.93,1.0,3.9,0.007692307692307756,normal,9.9822,hardwood,14.90327370332485,54.695014491202194,14.642910495857947,0.017780837186743125
Lower,495,black birch ,2018,4.1,1.0,3.93,0.043256997455470604,normal,10.414,hardwood,16.427886061758493,60.29034184665367,14.90327370332485,0.10230050046611633
Lower,495,black birch ,2021,4.1,3.0,4.1,0.0,annualized,10.414,hardwood,16.427886061758493,60.29034184665367,16.427886061758493,0.0
Lower,495,black birch ,2022,2.94,1.0,4.1,-0.28292682926829266,normal,7.4676,hardwood,7.645003200576318,28.05716174611509,16.427886061758493,-0.5346325649060428
Lower,495,black birch ,2023,4.14,1.0,2.94,0.40816326530612235,normal,10.5156,hardwood,16.798851701127568,61.65178574313817,7.645003200576318,1.1973635929754989
Lower,495,black birch ,2024,4.1,1.0,4.14,-0.00966183574879228,normal,10.414,hardwood,16.427886061758493,60.29034184665367,16.798851701127568,-0.022082797441695088
Lower,495,black birch ,2025,4.15,1.0,4.1,0.012195121951219686,normal,10.541,hardwood,16.892325218227136,61.99483355089359,16.427886061758493,0.028271388949414708
Lower,496,black birch ,2015,3.81,,,,initial,9.6774,hardwood,13.877340858749765,50.92984095161164,,
Lower,496,black birch ,2016,3.88,1.0,3.81,0.01837270341207345,normal,9.8552,hardwood,14.470774652530535,53.107742974787065,13.877340858749765,0.042762788622188075
Lower,496,black birch ,2017,4.0,1.0,3.88,0.03092783505154642,normal,10.16,hardwood,15.520896100149127,56.961688687547294,14.470774652530535,0.0725684334691063
Lower,496,black birch ,2018,4.25,1.0,4.0,0.0625,normal,10.795,hardwood,17.84322495219531,65.48463557455679,15.520896100149127,0.14962595181755456
Lower,496,black birch ,2021,4.3,3.0,4.25,0.0039215686274509665,annualized,10.921999999999999,hardwood,18.32973808966056,67.27013878905424,17.84322495219531,0.009088662293740632
Lower,496,black birch ,2022,4.8,1.0,4.3,0.11627906976744186,normal,12.192,hardwood,23.606611760229864,86.63626516004359,18.32973808966056,0.28788592857995526
Lower,496,black birch ,2023,4.44,1.0,4.8,-0.07499999999999989,normal,11.277600000000001,hardwood,19.731479148654344,72.41452847556144,23.606611760229864,-0.16415454496116924
Lower,496,black birch ,2024,4.51,1.0,4.44,0.01576576576576563,normal,11.4554,hardwood,20.454311140922254,75.06732188718468,19.731479148654344,0.03663344176187652
Lower,496,black birch ,2025,4.5,1.0,4.51,-0.0022172949002216822,normal,11.43,hardwood,20.350148995533267,74.68504681360709,20.454311140922254,-0.005092429887829026
Lower,498,black birch ,2015,1.63,,,,initial,4.1402,hardwood,1.9688394451307334,7.225640763629792,,
Lower,498,black birch ,2016,1.4,1.0,1.63,-0.1411042944785276,normal,3.5559999999999996,hardwood,1.3876287639133735,5.092597563562081,1.9688394451307334,-0.2952047119204109
Lower,498,black birch ,2017,1.43,1.0,1.4,0.02142857142857145,normal,3.6322,hardwood,1.456973651174651,5.347093299810969,1.3876287639133735,0.04997365942870182
Lower,498,black birch ,2018,1.5,1.0,1.43,0.048951048951048994,normal,3.81,hardwood,1.6262552344654801,5.968356710488312,1.456973651174651,0.11618712744348526
Lower,498,black birch ,2021,1.5,3.0,1.5,0.0,annualized,3.81,hardwood,1.6262552344654801,5.968356710488312,1.6262552344654801,0.0
Lower,498,black birch ,2022,4.4,1.0,1.5,1.9333333333333336,normal,11.176000000000002,hardwood,19.325020688900146,70.92282592826353,1.6262552344654801,10.883141267952274
Lower,498,black birch ,2023,1.58,1.0,4.4,-0.6409090909090909,normal,4.0132,hardwood,1.8326946481058064,6.7259893585483095,19.325020688900146,-0.9051646734247242
Lower,498,black birch ,2024,1.49,1.0,1.58,-0.05696202531645574,normal,3.7846,hardwood,1.601427304374604,5.877238207054797,1.8326946481058064,-0.1261897850633385
Lower,498,black birch ,2025,1.56,1.0,1.49,0.046979865771812124,normal,3.9624,hardwood,1.7797761711023588,6.531778547945657,1.601427304374604,0.11136869356514713
Lower,499,black birch ,2015,1.69,,,,initial,4.2926,hardwood,2.1395292698437465,7.852072420326549,,
Lower,499,black birch ,2016,1.7,1.0,1.69,0.0059171597633136145,normal,4.318,hardwood,2.1687591817568883,7.95934619704778,2.1395292698437465,0.013661842502054926
Lower,499,black birch ,2017,1.8,1.0,1.7,0.05882352941176476,normal,4.572,hardwood,2.473463883486683,9.077612452396126,2.1687591817568883,0.14049725035997626
Lower,499,black birch ,2018,1.65,1.0,1.8,-0.08333333333333341,normal,4.191,hardwood,2.0248454630899557,7.4311828495401375,2.473463883486683,-0.18137253727122907
Lower,499,black birch ,2021,2.0,3.0,1.65,0.07070707070707073,annualized,5.08,hardwood,3.1517212627355704,11.566817034239543,2.0248454630899557,0.1855081157528567
Lower,499,black birch ,2022,1.32,1.0,2.0,-0.33999999999999997,normal,3.3528000000000002,hardwood,1.2119894889187572,4.448001424331839,3.1517212627355704,-0.6154515618977048
Lower,499,black birch ,2023,1.4,1.0,1.32,0.06060606060606049,normal,3.5559999999999996,hardwood,1.3876287639133735,5.092597563562081,1.2119894889187572,0.14491815036391775
Lower,499,black birch ,2024,1.62,1.0,1.4,0.1571428571428573,normal,4.114800000000001,hardwood,1.9411689908145058,7.124090196289236,1.3876287639133735,0.3989108912242817
Lower,499,black birch ,2025,1.7,1.0,1.62,0.049382716049382616,normal,4.318,hardwood,2.1687591817568883,7.95934619704778,1.9411689908145058,0.11724388346368891
Lower,503,Sugar Maple,2024,2.99,,,,initial,7.594600000000001,hardwood,7.947353752621641,29.166788272121423,,
Lower,503,Sugar Maple,2025,1.74,1.0,2.99,-0.4180602006688964,normal,4.4196,hardwood,2.2879265742874124,8.396690527634803,7.947353752621641,-0.7121146679128658
Lower,505,Mockernut Hickory,2021,2.0,,,,initial,5.08,hardwood,3.1517212627355704,11.566817034239543,,
Lower,505,Mockernut Hickory,2022,1.38,1.0,2.0,-0.31000000000000005,normal,3.5052,hardwood,1.3424580094211813,4.9268208945757355,3.1517212627355704,-0.5740556040618958
Lower,505,Mockernut Hickory,2023,1.0,1.0,1.38,-0.27536231884057966,normal,2.54,hardwood,0.639998287075967,2.348793713568799,1.3424580094211813,-0.5232638320271107
Lower,505,Mockernut Hickory,2024,1.0,1.0,1.0,0.0,normal,2.54,hardwood,0.639998287075967,2.348793713568799,0.639998287075967,0.0
Lower,505,Mockernut Hickory,2025,1.1,1.0,1.0,0.10000000000000009,normal,2.7940000000000005,hardwood,0.7968599273391748,2.9244759333347714,0.639998287075967,0.24509696889952542
Lower,506,Musclewood,2021,1.1,,,,initial,2.7940000000000005,hardwood,0.7968599273391748,2.9244759333347714,,
Lower,506,Musclewood,2022,0.9,1.0,1.1,-0.18181818181818185,normal,2.286,hardwood,0.5022692416656648,1.8433281169129898,0.7968599273391748,-0.369689421649284
Lower,506,Musclewood,2023,1.15,1.0,0.9,0.2777777777777776,normal,2.921,hardwood,0.8826404862616459,3.2392905845802407,0.5022692416656648,0.7573054709353974
Lower,506,Musclewood,2024,1.3,1.0,1.15,0.1304347826086958,normal,3.302,hardwood,1.1701688202344531,4.294519570260443,0.8826404862616459,0.3257592852902213
Lower,506,Musclewood,2025,1.7,1.0,1.3,0.3076923076923076,normal,4.318,hardwood,2.1687591817568883,7.95934619704778,1.1701688202344531,0.8533729016317143
Lower,507,Muscle Wood,2021,1.25,,,,initial,3.175,hardwood,1.0692317382448702,3.9240804793586737,,
Lower,507,Muscle Wood,2022,1.2,1.0,1.25,-0.040000000000000036,normal,3.048,hardwood,0.9734097176302422,3.5724136637029886,1.0692317382448702,-0.08961763590362418
Lower,507,Muscle Wood,2023,1.25,1.0,1.2,0.041666666666666706,normal,3.175,hardwood,1.0692317382448702,3.9240804793586737,0.9734097176302422,0.09843955621062206
Lower,507,Muscle Wood,2024,1.25,1.0,1.25,0.0,normal,3.175,hardwood,1.0692317382448702,3.9240804793586737,1.0692317382448702,0.0
Lower,507,Muscle Wood,2025,1.23,1.0,1.25,-0.016000000000000014,normal,3.1242,hardwood,1.030292570058792,3.781173732115766,1.0692317382448702,-0.03641789407598054
Lower,508,Musclewood ,2021,1.0,,,,initial,2.54,hardwood,0.639998287075967,2.348793713568799,,
Lower,508,Musclewood ,2022,1.25,1.0,1.0,0.25,normal,3.175,hardwood,1.0692317382448702,3.9240804793586737,0.639998287075967,0.670679062486231
Lower,508,Musclewood ,2023,1.56,1.0,1.25,0.24800000000000005,normal,3.9624,hardwood,1.7797761711023588,6.531778547945657,1.0692317382448702,0.66453735653586
Lower,508,Musclewood ,2024,3.5,1.0,1.56,1.2435897435897436,normal,8.89,hardwood,11.416561318986751,41.89878004068138,1.7797761711023588,5.414605108414029
Lower,508,Musclewood ,2025,1.57,1.0,3.5,-0.5514285714285714,normal,3.9878,hardwood,1.8061258653527268,6.628481925844508,11.416561318986751,-0.8417977344588883
Lower,509,shagbark hickory,2021,1.5,,,,initial,3.81,hardwood,1.6262552344654801,5.968356710488312,,
Lower,509,shagbark hickory,2022,1.55,1.0,1.5,0.03333333333333336,normal,3.9370000000000003,hardwood,1.7536451457755964,6.435877684996439,1.6262552344654801,0.07833328287609596
Lower,509,shagbark hickory,2023,1.5,1.0,1.55,-0.03225806451612906,normal,3.81,hardwood,1.6262552344654801,5.968356710488312,1.7536451457755964,-0.0726429241497285
Lower,509,shagbark hickory,2025,1.7,2.0,1.5,0.06666666666666665,annualized,4.318,hardwood,2.1687591817568883,7.95934619704778,1.6262552344654801,0.16679544999888013
Lower,511,Sugar maple,2021,0.9,,,,initial,2.286,hardwood,0.5022692416656648,1.8433281169129898,,
Lower,511,Sugar maple,2022,1.32,1.0,0.9,0.4666666666666667,normal,3.3528000000000002,hardwood,1.2119894889187572,4.448001424331839,0.5022692416656648,1.4130274927834767
Lower,511,Sugar maple,2023,1.0,1.0,1.32,-0.24242424242424246,normal,2.54,hardwood,0.639998287075967,2.348793713568799,1.2119894889187572,-0.47194402845281797
Lower,511,Sugar maple,2024,1.0,1.0,1.0,0.0,normal,2.54,hardwood,0.639998287075967,2.348793713568799,0.639998287075967,0.0
Lower,511,Sugar maple,2025,1.7,1.0,1.0,0.7,normal,4.318,hardwood,2.1687591817568883,7.95934619704778,0.639998287075967,2.388695291147646
Lower,800,Musclewood,2022,1.0,,,,initial,2.54,hardwood,0.639998287075967,2.348793713568799,,
Lower,800,Musclewood,2023,2.7,1.0,1.0,1.7000000000000002,normal,6.8580000000000005,hardwood,6.285147427752522,23.066491059851753,0.639998287075967,8.820569140064718
Lower,800,Musclewood,2024,1.74,1.0,2.7,-0.3555555555555556,normal,4.4196,hardwood,2.2879265742874124,8.396690527634803,6.285147427752522,-0.6359788532270687
Lower,800,Musclewood,2025,2.25,1.0,1.74,0.2931034482758621,normal,5.715,hardwood,4.132364321957084,15.165777061582498,2.2879265742874124,0.806161250277069
