Plot,TreeID,Species,Year,DBH,GapYears,PrevDBH,GrowthRate,GrowthType,DBH_cm,Group,Carbon,CO2e,PrevCarbon,CarbonGrowthRate
Upper,1,Sugar Maple,2015,10.3,,,,initial,26.162000000000003,hardwood,136.67982952173418,501.61497434476445,,
Upper,1,Sugar Maple,2016,10.2,1.0,10.3,-0.009708737864077808,normal,25.907999999999998,hardwood,133.64699758738178,490.4844811456911,136.67982952173418,-0.02218931604586275
Upper,1,Sugar Maple,2017,10.3,1.0,10.2,0.009803921568627591,normal,26.162000000000003,hardwood,136.67982952173418,501.61497434476445,133.64699758738178,0.02269285497692875
Upper,1,Sugar Maple,2018,10.5,1.0,10.3,0.01941747572815527,normal,26.67,hardwood,142.8611689815002,524.3004901621058,136.67982952173418,0.04522495734297875
Upper,1,Sugar Maple,2021,10.67,3.0,10.5,0.005396825396825395,annualized,27.1018,hardwood,148.23712256626746,544.0302398182016,142.8611689815002,0.012543538184877944
Upper,1,Sugar Maple,2022,10.7,1.0,10.67,0.0028116213683223395,normal,27.177999999999997,hardwood,149.19748428997713,547.5547673442161,148.23712256626746,0.0064785507643697685
Upper,1,Sugar Maple,2023,10.69,1.0,10.7,-0.0009345794392523165,normal,27.1526,hardwood,148.8769742197109,546.378495386339,149.19748428997713,-0.0021482270414379177
Upper,1,Sugar Maple,2024,10.85,1.0,10.69,0.01496725912067354,normal,27.559,hardwood,154.05195334333777,565.3706687700496,148.8769742197109,0.03476010411112809
Upper,1,Sugar Maple,2025,10.8,1.0,10.85,-0.004608294930875478,normal,27.432000000000002,hardwood,152.42403326727535,559.3962020909005,154.05195334333777,-0.010567344592082225
Upper,10,sugar maple,2015,13.5,,,,initial,34.29,hardwood,254.65164099934168,934.5715224675839,,
Upper,10,sugar maple,2016,13.7,1.0,13.5,0.014814814814814762,normal,34.798,hardwood,263.41233982397756,966.7232871539976,254.65164099934168,0.034402679638174914
Upper,10,sugar maple,2017,13.85,1.0,13.7,0.010948905109489078,normal,35.179,hardwood,270.09297619007316,991.2412226175685,263.41233982397756,0.025361895993786247
Upper,10,sugar maple,2018,14.0,1.0,13.85,0.010830324909747318,normal,35.56,hardwood,276.8683379803203,1016.1068003877755,270.09297619007316,0.025085294278363948
Upper,10,sugar maple,2021,14.24,3.0,14.0,0.0057142857142857195,annualized,36.1696,hardwood,287.90671018332614,1056.6176263728069,276.8683379803203,0.013289556429032649
Upper,10,sugar maple,2022,14.5,1.0,14.24,0.01825842696629212,normal,36.83,hardwood,300.14092507413557,1101.5171950220774,287.90671018332614,0.042493677493724354
Upper,10,sugar maple,2023,14.25,1.0,14.5,-0.017241379310344827,normal,36.195,hardwood,288.37194032114536,1058.3250209786036,300.14092507413557,-0.039211529550937575
Upper,10,sugar maple,2024,14.31,1.0,14.25,0.004210526315789508,normal,36.3474,hardwood,291.17224117149783,1068.602125099397,288.37194032114536,0.009710725832873742
Upper,10,sugar maple,2025,14.4,1.0,14.31,0.006289308176100619,normal,36.576,hardwood,295.401396053482,1084.123123516279,291.17224117149783,0.014524581275222772
Upper,100,Sugar Maple,2015,8.5,,,,initial,21.59,hardwood,87.87034686380746,322.48417299017336,,
Upper,100,Sugar Maple,2016,8.6,1.0,8.5,0.0117647058823529,normal,21.843999999999998,hardwood,90.26621858864445,331.27702222032514,87.87034686380746,0.027265986881221917
Upper,100,Sugar Maple,2017,8.63,1.0,8.6,0.003488372093023388,normal,21.9202,hardwood,90.99209027129962,333.9409712956696,90.26621858864445,0.008041454422313452
Upper,100,Sugar Maple,2018,8.75,1.0,8.63,0.013904982618771634,normal,22.225,hardwood,93.9284884687798,344.7175526804219,90.99209027129962,0.032270917051417325
Upper,100,Sugar Maple,2021,8.9,3.0,8.75,0.005714285714285728,annualized,22.606,hardwood,97.67329231217857,358.46098278569536,93.9284884687798,0.013289556429032632
Upper,100,Sugar Maple,2022,8.64,1.0,8.9,-0.02921348314606739,normal,21.945600000000002,hardwood,91.23477793541305,334.8316350229659,97.67329231217857,-0.06591888349772282
Upper,100,Sugar Maple,2023,9.06,1.0,8.64,0.0486111111111111,normal,23.012400000000003,hardwood,101.75919584056739,373.4562487348823,91.23477793541305,0.11535532987875288
Upper,100,Sugar Maple,2024,9.37,1.0,9.06,0.03421633554083871,normal,23.799799999999998,hardwood,109.94611062043886,403.5022259770106,101.75919584056739,0.08045380775903961
Upper,100,Sugar Maple,2025,9.0,1.0,9.37,-0.039487726787619984,normal,22.86,hardwood,100.21588898634975,367.7923125799036,109.94611062043886,-0.08849991672447818
Upper,11,Sugar maple,2015,15.06,,,,initial,38.2524,hardwood,327.4735643840218,1201.82798128936,,
Upper,11,Sugar maple,2016,15.5,1.0,15.06,0.029216467463479383,normal,39.37,hardwood,349.89820731941523,1284.1264208622538,327.4735643840218,0.068477719652193
Upper,11,Sugar maple,2017,15.4,1.0,15.5,-0.006451612903225784,normal,39.116,hardwood,344.72792840354595,1265.1514972410137,349.89820731941523,-0.014776523022164109
Upper,11,Sugar maple,2018,13.5,1.0,15.4,-0.12337662337662339,normal,34.29,hardwood,254.65164099934168,934.5715224675839,344.72792840354595,-0.26129675022662807
Upper,11,Sugar maple,2021,15.78,3.0,13.5,0.05629629629629628,annualized,40.081199999999995,hardwood,364.6069216832939,1338.1074025776884,254.65164099934168,0.14392901645616654
Upper,11,Sugar maple,2022,16.1,1.0,15.78,0.020278833967047025,normal,40.894000000000005,hardwood,381.8372789432117,1401.342813721587,364.6069216832939,0.04725735095858795
Upper,11,Sugar maple,2023,15.9,1.0,16.1,-0.01242236024844727,normal,40.386,hardwood,371.0156229671586,1361.6273362894722,381.8372789432117,-0.028341014806106762
Upper,11,Sugar maple,2024,16.14,1.0,15.9,0.015094339622641522,normal,40.9956,hardwood,384.02273073582677,1409.3634218004843,371.0156229671586,0.035058113360955476
Upper,11,Sugar maple,2025,16.15,1.0,16.14,0.0006195786864930614,normal,41.020999999999994,hardwood,384.57019542697657,1411.372617217004,384.02273073582677,0.0014256049117217623
Upper,12,Sugar Maple ,2015,9.8,,,,initial,24.892000000000003,hardwood,121.89861906281644,447.36793196053634,,
Upper,12,Sugar Maple ,2016,10.5,1.0,9.8,0.07142857142857136,normal,26.67,hardwood,142.8611689815002,524.3004901621058,121.89861906281644,0.17196708280904657
Upper,12,Sugar Maple ,2017,10.03,1.0,10.5,-0.04476190476190482,normal,25.4762,hardwood,128.5792705356482,471.88592286582883,142.8611689815002,-0.09997047166610722
Upper,12,Sugar Maple ,2018,10.0,1.0,10.03,-0.0029910269192422096,normal,25.4,hardwood,127.69644638473106,468.645958231963,128.5792705356482,-0.0068659912849044396
Upper,12,Sugar Maple ,2021,10.27,3.0,10.0,0.008999999999999985,annualized,26.0858,hardwood,135.76594031708055,498.2610009636856,127.69644638473106,0.021064261276927683
Upper,12,Sugar Maple ,2022,10.3,1.0,10.27,0.0029211295034080953,normal,26.162000000000003,hardwood,136.67982952173418,501.61497434476445,135.76594031708055,0.006731358413746818
Upper,12,Sugar Maple ,2023,10.3,1.0,10.3,0.0,normal,26.162000000000003,hardwood,136.67982952173418,501.61497434476445,136.67982952173418,0.0
Upper,12,Sugar Maple ,2024,10.04,1.0,10.3,-0.025242718446602093,normal,25.5016,hardwood,128.87430941141363,472.968715539888,136.67982952173418,-0.05710806150134499
Upper,12,Sugar Maple ,2025,10.36,1.0,10.04,0.0318725099601594,normal,26.3144,hardwood,138.51801171232592,508.3611029842361,128.87430941141363,0.07483029274768858
Upper,13,Sugar Maple ,2015,14.5,,,,initial,36.83,hardwood,300.14092507413557,1101.5171950220774,,
Upper,13,Sugar Maple ,2016,14.375,1.0,14.5,-0.008620689655172414,normal,36.5125,hardwood,294.223172730822,1079.7990439221167,300.14092507413557,-0.019716579276391137
Upper,13,Sugar Maple ,2017,14.46,1.0,14.375,0.005913043478260929,normal,36.7284,hardwood,298.239996393501,1094.5407867641486,294.223172730822,0.013652302180677907
Upper,13,Sugar Maple ,2018,14.5,1.0,14.46,0.0027662517289072713,normal,36.83,hardwood,300.14092507413557,1101.5171950220774,298.239996393501,0.006373822101736104
Upper,13,Sugar Maple ,2021,14.83,3.0,14.5,0.007586206896551726,annualized,37.6682,hardwood,316.0846887546532,1160.0308077295772,300.14092507413557,0.01770697512241345
Upper,13,Sugar Maple ,2022,14.6,1.0,14.83,-0.015509103169251547,normal,37.083999999999996,hardwood,304.9231375962875,1119.0679149783753,316.0846887546532,-0.03531190075147659
Upper,13,Sugar Maple ,2023,14.9,1.0,14.6,0.020547945205479503,normal,37.846000000000004,hardwood,319.52675505808435,1172.6631910631695,304.9231375962875,0.047892782348093715
Upper,13,Sugar Maple ,2024,15.8,1.0,14.9,0.06040268456375841,normal,40.132000000000005,hardwood,365.6706566210666,1342.0113097993144,319.52675505808435,0.14441326378003652
Upper,13,Sugar Maple ,2025,14.74,1.0,15.8,-0.06708860759493673,normal,37.4396,hardwood,311.69011106967264,1143.9027076256987,365.6706566210666,-0.14762066513674998
Upper,14,Sugar Maple ,2015,15.06,,,,initial,38.2524,hardwood,327.4735643840218,1201.82798128936,,
Upper,14,Sugar Maple ,2016,15.5,1.0,15.06,0.029216467463479383,normal,39.37,hardwood,349.89820731941523,1284.1264208622538,327.4735643840218,0.068477719652193
Upper,14,Sugar Maple ,2017,15.3,1.0,15.5,-0.012903225806451568,normal,38.862,hardwood,339.6011111062187,1246.3360777598225,349.89820731941523,-0.02942883386594925
Upper,14,Sugar Maple ,2018,15.5,1.0,15.3,0.013071895424836555,normal,39.37,hardwood,349.89820731941523,1284.1264208622538,339.6011111062187,0.03032114995046605
Upper,14,Sugar Maple ,2021,15.94,3.0,15.5,0.009462365591397839,annualized,40.4876,hardwood,373.1658913339598,1369.5188211956324,349.89820731941523,0.022166145779748587
Upper,14,Sugar Maple ,2022,16.0,1.0,15.94,0.003764115432873306,normal,40.64,hardwood,376.40446953732254,1381.4044032019738,373.1658913339598,0.008678655468177362
Upper,14,Sugar Maple ,2023,16.25,1.0,16.0,0.015625,normal,41.275,hardwood,390.06910319543573,1431.5536087272492,376.40446953732254,0.03630305898043611
Upper,14,Sugar Maple ,2024,16.3,1.0,16.25,0.0030769230769231207,normal,41.402,hardwood,392.835114909359,1441.7048717173475,390.06910319543573,0.007091081275764135
Upper,14,Sugar Maple ,2025,16.5,1.0,16.3,0.012269938650306704,normal,41.910000000000004,hardwood,404.0097846139097,1482.7159095330485,392.835114909359,0.028446208804752824
Upper,15,Sugar Maple,2015,6.5,,,,initial,16.51,hardwood,47.411045443928835,173.99853677921882,,
Upper,15,Sugar Maple,2016,6.5,1.0,6.5,0.0,normal,16.51,hardwood,47.411045443928835,173.99853677921882,47.411045443928835,0.0
Upper,15,Sugar Maple,2017,6.6,1.0,6.5,0.01538461538461533,normal,16.764,hardwood,49.10546900846182,180.21707126105485,47.411045443928835,0.03573900445913833
Upper,15,Sugar Maple,2018,6.21,1.0,6.6,-0.05909090909090905,normal,15.7734,hardwood,42.68639629769086,156.65907441252546,49.10546900846182,-0.1307201181535365
Upper,15,Sugar Maple,2021,7.0,3.0,6.21,0.042404723564143855,annualized,17.78,hardwood,56.22174274992082,206.33379589220942,42.68639629769086,0.10569601892084261
Upper,15,Sugar Maple,2022,6.88,1.0,7.0,-0.017142857142857158,normal,17.4752,hardwood,54.02965812854221,198.2888453317499,56.22174274992082,-0.03898997992874739
Upper,15,Sugar Maple,2023,6.69,1.0,6.88,-0.02761627906976737,normal,16.9926,hardwood,50.65926477032057,185.91950170707648,54.02965812854221,-0.062380430951517817
Upper,15,Sugar Maple,2024,7.03,1.0,6.69,0.05082212257100147,normal,17.8562,hardwood,56.77747296417937,208.37332577853826,50.65926477032057,0.12077175264184323
Upper,15,Sugar Maple,2025,7.05,1.0,7.03,0.0028449502133712054,normal,17.907,hardwood,57.14967706792137,209.7393148392714,56.77747296417937,0.006555489075338411
Upper,167,Sugar Maple,2016,2.9,,,,initial,7.366,hardwood,7.4078845743540365,27.186936387879314,,
Upper,167,Sugar Maple,2017,2.75,1.0,2.9,-0.051724137931034454,normal,6.985,hardwood,6.556076423102267,24.06080047278532,7.4078845743540365,-0.11498669325932993
Upper,167,Sugar Maple,2018,2.72,1.0,2.75,-0.010909090909090839,normal,6.9088,hardwood,6.392743670437877,23.46136927050701,6.556076423102267,-0.024913186199117338
Upper,167,Sugar Maple,2021,2.8,3.0,2.72,0.009803921568627406,annualized,7.111999999999999,hardwood,6.833485601954647,25.078892159173552,6.392743670437877,0.022981365239409562
Upper,167,Sugar Maple,2022,2.8,1.0,2.8,0.0,normal,7.111999999999999,hardwood,6.833485601954647,25.078892159173552,6.833485601954647,0.0
Upper,167,Sugar Maple,2023,2.75,1.0,2.8,-0.017857142857142794,normal,6.985,hardwood,6.556076423102267,24.06080047278532,6.833485601954647,-0.04059556059839061
Upper,167,Sugar Maple,2024,2.7,1.0,2.75,-0.01818181818181812,normal,6.8580000000000005,hardwood,6.285147427752522,23.066491059851753,6.556076423102267,-0.041324868391565295
Upper,167,Sugar Maple,2025,2.85,1.0,2.7,0.05555555555555552,normal,7.239000000000001,hardwood,7.117410089456821,26.12089502830653,6.285147427752522,0.13241736510895252
Upper,168,Sugar Maple,2015,2.4,,,,initial,6.096,hardwood,4.7936317430245,17.592628496899916,,
Upper,168,Sugar Maple,2016,2.375,1.0,2.4,-0.01041666666666663,normal,6.0325,hardwood,4.679561117140884,17.173989299907046,4.7936317430245,-0.023796284737476324
Upper,168,Sugar Maple,2017,2.5,1.0,2.375,0.05263157894736842,normal,6.35,hardwood,5.265514724444983,19.324439038713088,4.679561117140884,0.12521550475274146
Upper,168,Sugar Maple,2018,2.44,1.0,2.5,-0.02400000000000002,normal,6.1975999999999996,hardwood,4.979381623436866,18.274330558013297,5.265514724444983,-0.05434095543969391
Upper,168,Sugar Maple,2021,2.56,3.0,2.44,0.016393442622950834,annualized,6.502400000000001,hardwood,5.560716214113794,20.40782850579762,4.979381623436866,0.03891611680860882
Upper,168,Sugar Maple,2022,2.56,1.0,2.56,0.0,normal,6.502400000000001,hardwood,5.560716214113794,20.40782850579762,5.560716214113794,0.0
Upper,168,Sugar Maple,2023,2.75,1.0,2.56,0.07421874999999997,normal,6.985,hardwood,6.556076423102267,24.06080047278532,5.560716214113794,0.17899856253446716
Upper,168,Sugar Maple,2024,2.63,1.0,2.75,-0.043636363636363674,normal,6.6802,hardwood,5.916665719450596,21.714163190383687,6.556076423102267,-0.09752947683747537
Upper,168,Sugar Maple,2025,2.61,1.0,2.63,-0.0076045627376425924,normal,6.6293999999999995,hardwood,5.8136914467490275,21.33624760956893,5.916665719450596,-0.01740410521470705
Upper,17,Sugar Maple,2015,20.6,,,,initial,52.324000000000005,hardwood,673.0904341304744,2470.2418932588407,,
Upper,17,Sugar Maple,2016,21.25,1.0,20.6,0.03155339805825236,normal,53.975,hardwood,722.9435056262056,2653.2026656481744,673.0904341304744,0.07406593374058786
Upper,17,Sugar Maple,2017,21.2,1.0,21.25,-0.002352941176470622,normal,53.848,hardwood,719.0370877404226,2638.866112007351,722.9435056262056,-0.0054034898375624274
Upper,17,Sugar Maple,2018,21.12,1.0,21.2,-0.003773584905660297,normal,53.644800000000004,hardwood,712.8116900836726,2616.0189026070784,719.0370877404226,-0.008657964606962588
Upper,17,Sugar Maple,2021,22.06,3.0,21.12,0.01483585858585855,annualized,56.032399999999996,hardwood,787.9006889959028,2891.5955286149633,712.8116900836726,0.035113995256080395
Upper,17,Sugar Maple,2022,22.4,1.0,22.06,0.015412511332728916,normal,56.895999999999994,hardwood,816.1110417683766,2995.127523289942,787.9006889959028,0.03580445247284269
Upper,17,Sugar Maple,2023,21.7,1.0,22.4,-0.03124999999999997,normal,55.118,hardwood,758.6408068940879,2784.2117613013024,816.1110417683766,-0.07041962665982354
Upper,17,Sugar Maple,2024,22.67,1.0,21.7,0.0447004608294932,normal,57.58180000000001,hardwood,838.9137408471101,3078.8134289088944,758.6408068940879,0.10581151610030518
Upper,17,Sugar Maple,2025,22.87,1.0,22.67,0.008822232024702217,normal,58.089800000000004,hardwood,856.033952425806,3141.644605402708,838.9137408471101,0.02040759466093421
Upper,171,Sugar Maple,2015,6.2,,,,initial,15.748000000000001,hardwood,42.52846398772181,156.07946283493902,,
Upper,171,Sugar Maple,2016,6.1,1.0,6.2,-0.016129032258064602,normal,15.494,hardwood,40.967308485507594,150.35002214181287,42.52846398772181,-0.03670848546669653
Upper,171,Sugar Maple,2017,6.5,1.0,6.1,0.06557377049180334,normal,16.51,hardwood,47.411045443928835,173.99853677921882,40.967308485507594,0.15728973165763982
Upper,171,Sugar Maple,2018,6.13,1.0,6.5,-0.05692307692307694,normal,15.5702,hardwood,41.4321912788633,152.0561419934283,47.411045443928835,-0.12610677763131142
Upper,171,Sugar Maple,2021,6.19,3.0,6.13,0.003262642740619929,annualized,15.722600000000002,hardwood,42.37086247926558,155.50106529890468,41.4321912788633,0.007551867050143586
Upper,171,Sugar Maple,2022,6.31,1.0,6.19,0.0193861066235863,normal,16.0274,hardwood,44.2839485862685,162.5220913116054,42.37086247926558,0.04515098336596518
Upper,171,Sugar Maple,2023,6.13,1.0,6.31,-0.02852614896988902,normal,15.5702,hardwood,41.4321912788633,152.0561419934283,44.2839485862685,-0.06439708739724871
Upper,171,Sugar Maple,2024,6.25,1.0,6.13,0.019575856443719432,normal,15.875,hardwood,43.32143674949544,158.98967287064826,41.4321912788633,0.04559849267726136
Upper,171,Sugar Maple,2025,6.18,1.0,6.25,-0.011200000000000045,normal,15.697199999999999,hardwood,42.21359161216644,154.92388121665084,43.32143674949544,-0.025572677649983614
Upper,172,Sugar Maple,2015,19.4,,,,initial,49.275999999999996,hardwood,586.3039099969504,2151.735349688808,,
Upper,172,Sugar Maple,2016,19.9375,1.0,19.4,0.027706185567010384,normal,50.64125,hardwood,624.3403773526334,2291.3291848841645,586.3039099969504,0.06487500203756234
Upper,172,Sugar Maple,2017,20.3,1.0,19.9375,0.01818181818181822,normal,51.562000000000005,hardwood,650.7582743123862,2388.2828667264575,624.3403773526334,0.04231329242515381
Upper,172,Sugar Maple,2018,20.06,1.0,20.3,-0.011822660098522265,normal,50.9524,hardwood,633.1986023677115,2323.838870689501,650.7582743123862,-0.026983401729665124
Upper,172,Sugar Maple,2021,20.5,3.0,20.06,0.007311399135925579,annualized,52.07,hardwood,665.5990478926494,2442.7485057660233,633.1986023677115,0.01705649454677851
Upper,172,Sugar Maple,2022,20.8,1.0,20.5,0.014634146341463448,normal,52.832,hardwood,688.2155514225341,2525.7510737207,665.5990478926494,0.033979170495346524
Upper,172,Sugar Maple,2023,20.94,1.0,20.8,0.006730769230769258,normal,53.1876,hardwood,698.9163006058626,2565.022823223516,688.2155514225341,0.015548543128980729
Upper,172,Sugar Maple,2024,21.22,1.0,20.94,0.01337153772683847,normal,53.8988,hardwood,720.5982193546556,2644.595465031586,698.9163006058626,0.031022196406061527
Upper,172,Sugar Maple,2025,21.2,1.0,21.22,-0.0009425070688029959,normal,53.848,hardwood,719.0370877404226,2638.866112007351,720.5982193546556,-0.002166438345672122
Upper,173,Sugar Maple,2015,11.2,,,,initial,28.447999999999997,hardwood,165.72203734228694,608.199877046193,,
Upper,173,Sugar Maple,2016,11.3125,1.0,11.2,0.010044642857142922,normal,28.73375,hardwood,169.57568251564393,622.3427548324132,165.72203734228694,0.02325366761813076
Upper,173,Sugar Maple,2017,11.4,1.0,11.3125,0.007734806629834286,normal,28.956000000000003,hardwood,172.6076221318073,633.4699732237327,169.57568251564393,0.017879566050890874
Upper,173,Sugar Maple,2018,11.63,1.0,11.4,0.020175438596491267,normal,29.540200000000002,hardwood,180.72247078183307,663.2514677693273,172.6076221318073,0.04701326945938161
Upper,173,Sugar Maple,2021,12.1,3.0,11.63,0.013470908569790737,annualized,30.733999999999998,hardwood,197.96351814207748,726.5261115814243,180.72247078183307,0.031800228061766016
Upper,173,Sugar Maple,2022,12.5,1.0,12.1,0.03305785123966945,normal,31.75,hardwood,213.33977932886583,782.9569901369376,197.96351814207748,0.07767219602428406
Upper,173,Sugar Maple,2023,12.25,1.0,12.5,-0.02,normal,31.115000000000002,hardwood,203.6534706142324,747.4082371542329,213.33977932886583,-0.04540320021472357
Upper,173,Sugar Maple,2024,12.55,1.0,12.25,0.024489795918367405,normal,31.877000000000002,hardwood,215.30761042602106,790.1789302634973,203.6534706142324,0.057225343504527605
Upper,173,Sugar Maple,2025,12.5,1.0,12.55,-0.003984063745019977,normal,31.75,hardwood,213.33977932886583,782.9569901369376,215.30761042602106,-0.009139626292175893
Upper,174,Sugar Maple,2015,8.8,,,,initial,22.352000000000004,hardwood,95.16756503565735,349.2649636808625,,
Upper,174,Sugar Maple,2016,8.75,1.0,8.8,-0.005681818181818262,normal,22.225,hardwood,93.9284884687798,344.7175526804219,95.16756503565735,-0.013019946096270154
Upper,174,Sugar Maple,2017,7.8,1.0,8.75,-0.1085714285714286,normal,19.812,hardwood,72.1101498083406,264.64424979661,93.9284884687798,-0.23228670040497082
Upper,174,Sugar Maple,2018,8.94,1.0,7.8,0.1461538461538461,normal,22.7076,hardwood,98.68589969991038,362.1772518986711,72.1101498083406,0.36854381750980514
Upper,174,Sugar Maple,2021,9.0,3.0,8.94,0.0022371364653244034,annualized,22.86,hardwood,100.21588898634975,367.7923125799036,98.68589969991038,0.005167875353661976
Upper,174,Sugar Maple,2022,9.13,1.0,9.0,0.01444444444444453,normal,23.1902,hardwood,103.576587874566,380.12607749965724,100.21588898634975,0.03353459139272819
Upper,174,Sugar Maple,2023,9.0,1.0,9.13,-0.014238773274917937,normal,22.86,hardwood,100.21588898634975,367.7923125799036,103.576587874566,-0.03244651090733114
Upper,174,Sugar Maple,2024,9.19,1.0,9.0,0.021111111111111056,normal,23.342599999999997,hardwood,105.14884045645721,385.89624447519793,100.21588898634975,0.04922324713179328
Upper,174,Sugar Maple,2025,9.2,1.0,9.19,0.0010881392818280508,normal,23.368,hardwood,105.4121847485703,386.862718027253,105.14884045645721,0.0025044906911944674
Upper,175,Sugar Maple ,2015,4.94,,,,initial,12.547600000000001,hardwood,25.220331699329503,92.55861733653927,,
Upper,175,Sugar Maple ,2016,5.0,1.0,4.94,0.012145748987854171,normal,12.7,hardwood,25.930436145543343,95.16470065414407,25.220331699329503,0.028156031200522194
Upper,175,Sugar Maple ,2017,5.0,1.0,5.0,0.0,normal,12.7,hardwood,25.930436145543343,95.16470065414407,25.930436145543343,0.0
Upper,175,Sugar Maple ,2018,5.06,1.0,5.0,0.011999999999999922,normal,12.8524,hardwood,26.651705172208583,97.8117579820055,25.930436145543343,0.02781553779569591
Upper,175,Sugar Maple ,2021,5.0,3.0,5.06,-0.003952569169960449,annualized,12.7,hardwood,25.930436145543343,95.16470065414407,26.651705172208583,-0.009020924077275087
Upper,175,Sugar Maple ,2022,4.0,1.0,5.0,-0.2,normal,10.16,hardwood,15.520896100149127,56.961688687547294,25.930436145543343,-0.4014409933935223
Upper,175,Sugar Maple ,2023,4.39,1.0,4.0,0.09749999999999992,normal,11.150599999999999,hardwood,19.224152731255682,70.55264052370835,15.520896100149127,0.23859812005770553
Upper,175,Sugar Maple ,2024,5.0,1.0,4.39,0.1389521640091117,normal,12.7,hardwood,25.930436145543343,95.16470065414407,19.224152731255682,0.3488467610530485
Upper,175,Sugar Maple ,2025,5.02,1.0,5.0,0.003999999999999915,normal,12.7508,hardwood,26.169616662043925,96.0424931497012,25.930436145543343,0.009223929561311676
Upper,178,Sugar Maple,2015,14.75,,,,initial,37.465,hardwood,312.17668054568935,1145.68841760268,,
Upper,178,Sugar Maple,2016,14.5625,1.0,14.75,-0.012711864406779662,normal,36.98875,hardwood,303.12480032619135,1112.4680171971222,312.17668054568935,-0.028996016626466732
Upper,178,Sugar Maple,2017,14.6,1.0,14.5625,0.002575107296137315,normal,37.083999999999996,hardwood,304.9231375962875,1119.0679149783753,303.12480032619135,0.00593266294331901
Upper,178,Sugar Maple,2018,15.25,1.0,14.6,0.044520547945205505,normal,38.735,hardwood,337.0539740612074,1236.9880848046312,304.9231375962875,0.10537355977052974
Upper,178,Sugar Maple,2021,14.9,3.0,15.25,-0.007650273224043708,annualized,37.846000000000004,hardwood,319.52675505808435,1172.6631910631695,337.0539740612074,-0.017333741133440522
Upper,178,Sugar Maple,2022,15.4,1.0,14.9,0.03355704697986577,normal,39.116,hardwood,344.72792840354595,1265.1514972410137,319.52675505808435,0.07887030724823174
Upper,178,Sugar Maple,2023,15.3,1.0,15.4,-0.0064935064935064705,normal,38.862,hardwood,339.6011111062187,1246.3360777598225,344.72792840354595,-0.014872068303458393
Upper,178,Sugar Maple,2024,15.25,1.0,15.3,-0.003267973856209197,normal,38.735,hardwood,337.0539740612074,1236.9880848046312,339.6011111062187,-0.007500379008520472
Upper,178,Sugar Maple,2025,15.2,1.0,15.25,-0.0032786885245902103,normal,38.608,hardwood,334.51767056839014,1227.6798509859918,337.0539740612074,-0.007524917930078045
Upper,18,Norway Maple,2015,3.4,,,,initial,8.636,hardwood,10.680223002041938,39.19641841749391,,
Upper,18,Norway Maple,2016,3.5625,1.0,3.4,0.04779411764705885,normal,9.04875,hardwood,11.890908015583763,43.63963241719241,10.680223002041938,0.1133576530481017
Upper,18,Norway Maple,2017,3.8,1.0,3.5625,0.06666666666666661,normal,9.652,hardwood,13.793709769009748,50.62291485226577,11.890908015583763,0.16002156865836037
Upper,18,Norway Maple,2018,3.15,1.0,3.8,-0.17105263157894735,normal,8.001,hardwood,8.95969209904525,32.88207000349607,13.793709769009748,-0.3504508758640883
Upper,18,Norway Maple,2021,3.94,3.0,3.15,0.0835978835978836,annualized,10.0076,hardwood,14.990638174194913,55.01564209929533,8.95969209904525,0.2243732637416682
Upper,18,Norway Maple,2022,4.4,1.0,3.94,0.1167512690355331,normal,11.176000000000002,hardwood,19.325020688900146,70.92282592826353,14.990638174194913,0.28913929242628894
Upper,18,Norway Maple,2023,3.7,1.0,4.4,-0.15909090909090912,normal,9.398000000000001,hardwood,12.973070463439562,47.61116860082319,19.325020688900146,-0.32869047478479546
Upper,18,Norway Maple,2024,4.45,1.0,3.7,0.2027027027027027,normal,11.303,hardwood,19.833841435142535,72.7901980669731,12.973070463439562,0.5288471215074223
Upper,18,Norway Maple,2025,4.2,1.0,4.45,-0.056179775280898875,normal,10.668000000000001,hardwood,17.36409605187606,63.726232510385145,19.833841435142535,-0.1245217872363577
Upper,180,Red Maple,2015,5.1,,,,initial,12.953999999999999,hardwood,27.138773514041727,99.59929879653313,,
Upper,180,Red Maple,2016,5.1,1.0,5.1,0.0,normal,12.953999999999999,hardwood,27.138773514041727,99.59929879653313,27.138773514041727,0.0
Upper,180,Red Maple,2017,5.13,1.0,5.1,0.00588235294117652,normal,13.0302,hardwood,27.507349872243513,100.95197403113369,27.138773514041727,0.013581172266723198
Upper,180,Red Maple,2018,5.19,1.0,5.13,0.011695906432748635,normal,13.1826,hardwood,28.25294569181555,103.68831068896307,27.507349872243513,0.027105330867383457
Upper,180,Red Maple,2021,5.13,3.0,5.19,-0.0038535645472061977,annualized,13.0302,hardwood,27.507349872243513,100.95197403113369,28.25294569181555,-0.00879667354223323
Upper,180,Red Maple,2022,5.2,1.0,5.13,0.013645224171540018,normal,13.208,hardwood,28.37830826309261,104.14839132554988,27.507349872243513,0.03166275176977131
Upper,180,Red Maple,2023,4.64,1.0,5.2,-0.10769230769230778,normal,11.785599999999999,hardwood,21.8358532484335,80.13758142175095,28.37830826309261,-0.23054422250983486
Upper,180,Red Maple,2024,5.1,1.0,4.64,0.09913793103448276,normal,12.953999999999999,hardwood,27.138773514041727,99.59929879653313,21.8358532484335,0.24285381502042544
Upper,180,Red Maple,2025,5.08,1.0,5.1,-0.003921568627450897,normal,12.9032,hardwood,26.894616126555583,98.70324118445899,27.138773514041727,-0.008996625708225755
Upper,181,sugar maple,2015,16.4,,,,initial,41.656,hardwood,398.4003049048416,1462.1291190007687,,
Upper,181,sugar maple,2016,17.0,1.0,16.4,0.036585365853658625,normal,43.18,hardwood,432.7243465602261,1588.0983518760297,398.4003049048416,0.0861546570944086
Upper,181,sugar maple,2017,17.25,1.0,17.0,0.014705882352941176,normal,43.815,hardwood,447.5007219108198,1642.3276494127085,432.7243465602261,0.034147316803532654
Upper,181,sugar maple,2018,17.0,1.0,17.25,-0.014492753623188406,normal,43.18,hardwood,432.7243465602261,1588.0983518760297,447.5007219108198,-0.03301977991789342
Upper,181,sugar maple,2021,17.55,3.0,17.0,0.01078431372549021,annualized,44.577000000000005,hardwood,465.6034497848534,1708.764660710412,432.7243465602261,0.025327211565505055
Upper,181,sugar maple,2022,17.16,1.0,17.55,-0.022222222222222254,normal,43.5864,hardwood,442.1489150713602,1622.6865183118919,465.6034497848534,-0.0503744865385579
Upper,181,sugar maple,2023,17.25,1.0,17.16,0.005244755244755236,normal,43.815,hardwood,447.5007219108198,1642.3276494127085,442.1489150713602,0.012104082260601804
Upper,181,sugar maple,2024,18.2,1.0,17.25,0.0550724637681159,normal,46.228,hardwood,506.224318028915,1857.8432471661179,447.5007219108198,0.13122570141864026
Upper,181,sugar maple,2025,18.03,1.0,18.2,-0.00934065934065924,normal,45.796200000000006,hardwood,495.4148074617369,1818.1723433845746,506.224318028915,-0.02135320288299667
Upper,182,Sugar Maple ,2015,5.9,,,,initial,14.986,hardwood,37.9435917037269,139.25298155267774,,
Upper,182,Sugar Maple ,2016,5.9,1.0,5.9,0.0,normal,14.986,hardwood,37.9435917037269,139.25298155267774,37.9435917037269,0.0
Upper,182,Sugar Maple ,2017,6.0,1.0,5.9,0.01694915254237282,normal,15.24,hardwood,39.43907200405727,144.7413942548902,37.9435917037269,0.03941325091223458
Upper,182,Sugar Maple ,2018,6.0,1.0,6.0,0.0,normal,15.24,hardwood,39.43907200405727,144.7413942548902,39.43907200405727,0.0
Upper,182,Sugar Maple ,2021,6.11,3.0,6.0,0.006111111111111129,annualized,15.519400000000001,hardwood,41.12194000920774,150.9175198337924,39.43907200405727,0.014223357021664062
Upper,182,Sugar Maple ,2022,6.2,1.0,6.11,0.014729950900163642,normal,15.748000000000001,hardwood,42.52846398772181,156.07946283493902,41.12194000920774,0.03420373596671575
Upper,182,Sugar Maple ,2023,6.2,1.0,6.2,0.0,normal,15.748000000000001,hardwood,42.52846398772181,156.07946283493902,42.52846398772181,0.0
Upper,182,Sugar Maple ,2024,6.1,1.0,6.2,-0.016129032258064602,normal,15.494,hardwood,40.967308485507594,150.35002214181287,42.52846398772181,-0.03670848546669653
Upper,182,Sugar Maple ,2025,6.15,1.0,6.1,0.008196721311475526,normal,15.621,hardwood,41.74376125473302,153.19960380487018,40.967308485507594,0.018952984658489425
Upper,183,Sugar Maple,2015,11.2,,,,initial,28.447999999999997,hardwood,165.72203734228694,608.199877046193,,
Upper,183,Sugar Maple,2016,11.3,1.0,11.2,0.008928571428571556,normal,28.702,hardwood,169.14502619193084,620.7622461243861,165.72203734228694,0.02065500101579106
Upper,183,Sugar Maple,2017,11.2,1.0,11.3,-0.008849557522124019,normal,28.447999999999997,hardwood,165.72203734228694,608.199877046193,169.14502619193084,-0.020237005643664596
Upper,183,Sugar Maple,2018,11.13,1.0,11.2,-0.006249999999999867,normal,28.270200000000003,hardwood,163.34945490820937,599.4924995131283,165.72203734228694,-0.014316638101528847
Upper,183,Sugar Maple,2021,11.3,3.0,11.13,0.005091344713986221,annualized,28.702,hardwood,169.14502619193084,620.7622461243861,163.34945490820937,0.011826529177335723
Upper,183,Sugar Maple,2022,11.3,1.0,11.3,0.0,normal,28.702,hardwood,169.14502619193084,620.7622461243861,169.14502619193084,0.0
Upper,183,Sugar Maple,2023,10.78,1.0,11.3,-0.046017699115044365,normal,27.3812,hardwood,151.77560110815057,557.0164560669126,169.14502619193084,-0.1026895408917965
Upper,183,Sugar Maple,2024,11.5,1.0,10.78,0.06679035250463829,normal,29.21,hardwood,176.10992999036688,646.3234430646464,151.77560110815057,0.16033096693108417
Upper,183,Sugar Maple,2025,11.2,1.0,11.5,-0.02608695652173919,normal,28.447999999999997,hardwood,165.72203734228694,608.199877046193,176.10992999036688,-0.0589852749850514
Upper,184,Sugar Maple,2015,4.2,,,,initial,10.668000000000001,hardwood,17.36409605187606,63.726232510385145,,
Upper,184,Sugar Maple,2016,4.3125,1.0,4.2,0.026785714285714243,normal,10.95375,hardwood,18.452523207434623,67.72076017128506,17.36409605187606,0.06268262697389113
Upper,184,Sugar Maple,2017,4.45,1.0,4.3125,0.03188405797101453,normal,11.303,hardwood,19.833841435142535,72.7901980669731,18.452523207434623,0.0748579591083441
Upper,184,Sugar Maple,2018,4.19,1.0,4.45,-0.05842696629213478,normal,10.642600000000002,hardwood,17.269154081094413,63.377795477616495,19.833841435142535,-0.129308654727061
Upper,184,Sugar Maple,2021,4.5,3.0,4.19,0.024661893396976897,annualized,11.43,hardwood,20.350148995533267,74.68504681360709,17.269154081094413,0.05947009911372952
Upper,184,Sugar Maple,2022,4.4,1.0,4.5,-0.022222222222222143,normal,11.176000000000002,hardwood,19.325020688900146,70.92282592826353,20.350148995533267,-0.05037448653855706
Upper,184,Sugar Maple,2023,4.4,1.0,4.4,0.0,normal,11.176000000000002,hardwood,19.325020688900146,70.92282592826353,19.325020688900146,0.0
Upper,184,Sugar Maple,2024,4.5,1.0,4.4,0.022727272727272645,normal,11.43,hardwood,20.350148995533267,74.68504681360709,19.325020688900146,0.053046686114128286
Upper,184,Sugar Maple,2025,4.2,1.0,4.5,-0.06666666666666662,normal,10.668000000000001,hardwood,17.36409605187606,63.726232510385145,20.350148995533267,-0.14673371405352495
Upper,186,Sugar Maple,2015,13.7,,,,initial,34.798,hardwood,263.41233982397756,966.7232871539976,,
Upper,186,Sugar Maple,2016,13.625,1.0,13.7,-0.005474452554744474,normal,34.6075,hardwood,260.1074472203659,954.5943312987428,263.41233982397756,-0.012546460829512145
Upper,186,Sugar Maple,2017,13.7,1.0,13.625,0.005504587155963251,normal,34.798,hardwood,263.41233982397756,966.7232871539976,260.1074472203659,0.012705874587326735
Upper,186,Sugar Maple,2018,13.38,1.0,13.7,-0.023357664233576533,normal,33.9852,hardwood,249.47548322456439,915.5750234341513,263.41233982397756,-0.052908897923029455
Upper,186,Sugar Maple,2021,13.9,3.0,13.38,0.012954658694568997,annualized,35.306000000000004,hardwood,272.3408898838568,999.4910658737545,249.47548322456439,0.030551307572389386
Upper,186,Sugar Maple,2022,12.48,1.0,13.9,-0.10215827338129496,normal,31.6992,hardwood,212.55550530426345,780.0787044666469,272.3408898838568,-0.21952408470534693
Upper,186,Sugar Maple,2023,14.23,1.0,12.48,0.14022435897435898,normal,36.144200000000005,hardwood,287.4419045702355,1054.9117897727645,212.55550530426345,0.352314559713594
Upper,186,Sugar Maple,2024,14.06,1.0,14.23,-0.011946591707659868,normal,35.7124,hardwood,279.6050745747658,1026.1506236893904,287.4419045702355,-0.027264048389836662
Upper,186,Sugar Maple,2025,13.95,1.0,14.06,-0.007823613086771068,normal,35.433,hardwood,274.59934002860507,1007.7795779049806,279.6050745747658,-0.01790287445166599
Upper,187,Sugar maple,2015,6.6,,,,initial,16.764,hardwood,49.10546900846182,180.21707126105485,,
Upper,187,Sugar maple,2016,6.7,1.0,6.6,0.015151515151515233,normal,17.018,hardwood,50.833598900463016,186.55930796469926,49.10546900846182,0.035192208258990644
Upper,187,Sugar maple,2017,6.95,1.0,6.7,0.03731343283582089,normal,17.653000000000002,hardwood,55.30238510848809,202.95975334815128,50.833598900463016,0.08791008908842708
Upper,187,Sugar maple,2018,7.0,1.0,6.95,0.007194244604316521,normal,17.78,hardwood,56.22174274992082,206.33379589220942,55.30238510848809,0.016624195134246116
Upper,187,Sugar maple,2021,5.98,3.0,7.0,-0.04857142857142855,annualized,15.189200000000001,hardwood,39.13736069366355,143.63411374574522,56.22174274992082,-0.10129166653697236
Upper,187,Sugar maple,2022,6.0,1.0,5.98,0.003344481605351099,normal,15.24,hardwood,39.43907200405727,144.7413942548902,39.13736069366355,0.007709035689843246
Upper,187,Sugar maple,2023,6.9,1.0,6.0,0.15000000000000005,normal,17.526,hardwood,54.39158571878679,199.6171195879475,39.43907200405727,0.37912945094629225
Upper,187,Sugar maple,2024,7.06,1.0,6.9,0.02318840579710134,normal,17.932399999999998,hardwood,57.33629474761316,210.42420172374028,54.39158571878679,0.05413905459662426
Upper,187,Sugar maple,2025,6.97,1.0,7.06,-0.01274787535410763,normal,17.7038,hardwood,55.669100140991056,204.30559751743718,57.33629474761316,-0.02907747377051265
Upper,188,Sugar maple,2015,17.0,,,,initial,43.18,hardwood,432.7243465602261,1588.0983518760297,,
Upper,188,Sugar maple,2016,10.0,1.0,17.0,-0.4117647058823529,normal,25.4,hardwood,127.69644638473106,468.645958231963,432.7243465602261,-0.7049011746165791
Upper,188,Sugar maple,2017,10.0,1.0,10.0,0.0,normal,25.4,hardwood,127.69644638473106,468.645958231963,127.69644638473106,0.0
Upper,188,Sugar maple,2018,10.2,1.0,10.0,0.019999999999999928,normal,25.907999999999998,hardwood,133.64699758738178,490.4844811456911,127.69644638473106,0.04659919184221116
Upper,188,Sugar maple,2021,19.67,3.0,10.2,0.30947712418300666,annualized,49.961800000000004,hardwood,605.2416958019696,2221.2370235932285,133.64699758738178,1.1762197099520757
Upper,188,Sugar maple,2022,9.16,1.0,19.67,-0.534316217590239,normal,23.2664,hardwood,104.36104064486665,383.0050191666606,605.2416958019696,-0.8275712969401685
Upper,188,Sugar maple,2023,10.3,1.0,9.16,0.12445414847161577,normal,26.162000000000003,hardwood,136.67982952173418,501.61497434476445,104.36104064486665,0.3096825086944669
Upper,188,Sugar maple,2024,19.89,1.0,10.3,0.9310679611650484,normal,50.5206,hardwood,620.9245236406447,2278.793001761166,136.67982952173418,3.5429126288301975
Upper,188,Sugar maple,2025,19.95,1.0,19.89,0.003016591251885305,normal,50.673,hardwood,625.2410470086689,2294.634642521815,620.9245236406447,0.006951768216071328
Upper,189,Sugar maple,2015,11.0,,,,initial,27.94,hardwood,158.9944583328694,583.5096620816307,,
Upper,189,Sugar maple,2016,11.1,1.0,11.0,0.00909090909090906,normal,28.194,hardwood,162.33855010300397,595.7824788780246,158.9944583328694,0.021032756771518366
Upper,189,Sugar maple,2017,11.14,1.0,11.1,0.003603603603603687,normal,28.2956,hardwood,163.68721158358022,600.7320665117394,162.33855010300397,0.008307709288524059
Upper,189,Sugar maple,2018,11.0,1.0,11.14,-0.012567324955116747,normal,27.94,hardwood,158.9944583328694,583.5096620816307,163.68721158358022,-0.028669027991320168
Upper,189,Sugar maple,2021,10.33,3.0,11.0,-0.020303030303030302,annualized,26.2382,hardwood,137.59718564472726,504.98167131614906,158.9944583328694,-0.04485957752344007
Upper,189,Sugar maple,2022,10.16,1.0,10.33,-0.0164569215876089,normal,25.8064,hardwood,132.44462557305997,486.0717758531301,137.59718564472726,-0.037446696656798534
Upper,189,Sugar maple,2023,11.3,1.0,10.16,0.11220472440944887,normal,28.702,hardwood,169.14502619193084,620.7622461243861,132.44462557305997,0.2770999612862808
Upper,189,Sugar maple,2024,11.21,1.0,11.3,-0.007964601769911492,normal,28.4734,hardwood,166.06255690921702,609.4495838568265,169.14502619193084,-0.0182238245611556
Upper,189,Sugar maple,2025,11.16,1.0,11.21,-0.004460303300624506,normal,28.3464,hardwood,164.36390818231624,603.2155430291006,166.06255690921702,-0.010228968880862178
Upper,19,sugar maple,2015,16.2,,,,initial,41.147999999999996,hardwood,387.31413343583506,1421.4428697095148,,
Upper,19,sugar maple,2016,15.8,1.0,16.2,-0.02469135802469127,normal,40.132000000000005,hardwood,365.6706566210666,1342.0113097993144,387.31413343583506,-0.055880937322815405
Upper,19,sugar maple,2017,15.8,1.0,15.8,0.0,normal,40.132000000000005,hardwood,365.6706566210666,1342.0113097993144,365.6706566210666,0.0
Upper,19,sugar maple,2018,15.8,1.0,15.8,0.0,normal,40.132000000000005,hardwood,365.6706566210666,1342.0113097993144,365.6706566210666,0.0
Upper,19,sugar maple,2021,15.95,3.0,15.8,0.003164556962025286,annualized,40.513,hardwood,373.7045560525056,1371.4957207126956,365.6706566210666,0.007323438259694522
Upper,19,sugar maple,2022,18.0,1.0,15.95,0.12852664576802514,normal,45.72,hardwood,493.52092741575524,1811.2218036158217,373.7045560525056,0.32061790369613635
Upper,19,sugar maple,2023,15.2,1.0,18.0,-0.15555555555555559,normal,38.608,hardwood,334.51767056839014,1227.6798509859918,493.52092741575524,-0.32218138687646064
Upper,19,sugar maple,2024,15.91,1.0,15.2,0.04671052631578953,normal,40.4114,hardwood,371.5525316481554,1363.5977911487303,334.51767056839014,0.11071122496111524
Upper,19,sugar maple,2025,15.8,1.0,15.91,-0.006913890634820832,normal,40.132000000000005,hardwood,365.6706566210666,1342.0113097993144,371.5525316481554,-0.015830534113164683
Upper,191,Sugar Maple,2015,3.6,,,,initial,9.144,hardwood,12.180764967060203,44.70340742911094,,
Upper,191,Sugar Maple,2016,3.6,1.0,3.6,0.0,normal,9.144,hardwood,12.180764967060203,44.70340742911094,12.180764967060203,0.0
Upper,191,Sugar Maple,2017,3.8,1.0,3.6,0.05555555555555548,normal,9.652,hardwood,13.793709769009748,50.62291485226577,12.180764967060203,0.13241736510895225
Upper,191,Sugar Maple,2018,3.5,1.0,3.8,-0.07894736842105259,normal,8.89,hardwood,11.416561318986751,41.89878004068138,13.793709769009748,-0.17233568705089933
Upper,191,Sugar Maple,2021,3.66,3.0,3.5,0.015238095238095252,annualized,9.2964,hardwood,12.652761098021864,46.43563322974024,11.416561318986751,0.03609375726177733
Upper,191,Sugar Maple,2022,3.5,1.0,3.66,-0.043715846994535554,normal,8.89,hardwood,11.416561318986751,41.89878004068138,12.652761098021864,-0.09770197741490438
Upper,191,Sugar Maple,2023,3.7,1.0,3.5,0.0571428571428572,normal,9.398000000000001,hardwood,12.973070463439562,47.61116860082319,11.416561318986751,0.13633782545924739
Upper,192,Sugar Maple,2015,10.8,,,,initial,27.432000000000002,hardwood,152.42403326727535,559.3962020909005,,
Upper,192,Sugar Maple,2016,10.9,1.0,10.8,0.009259259259259226,normal,27.686,hardwood,155.68965521916903,571.3810346543503,152.42403326727535,0.021424586936152082
Upper,192,Sugar Maple,2017,11.1,1.0,10.9,0.018348623853210944,normal,28.194,hardwood,162.33855010300397,595.7824788780246,155.68965521916903,0.04270608008268174
Upper,192,Sugar Maple,2018,11.0,1.0,11.1,-0.009009009009008978,normal,27.94,hardwood,158.9944583328694,583.5096620816307,162.33855010300397,-0.020599492652932556
Upper,192,Sugar Maple,2021,11.16,3.0,11.0,0.004848484848484853,annualized,28.3464,hardwood,164.36390818231624,603.2155430291006,158.9944583328694,0.011257100626332082
Upper,192,Sugar Maple,2022,11.2,1.0,11.16,0.0035842293906809273,normal,28.447999999999997,hardwood,165.72203734228694,608.199877046193,164.36390818231624,0.008262940295044782
Upper,192,Sugar Maple,2023,11.4,1.0,11.2,0.017857142857142953,normal,28.956000000000003,hardwood,172.6076221318073,633.4699732237327,165.72203734228694,0.041548999155125464
Upper,192,Sugar Maple,2024,11.19,1.0,11.4,-0.018421052631579022,normal,28.4226,hardwood,165.38191279200612,606.9516199466624,172.6076221318073,-0.041862052501270466
Upper,192,Sugar Maple,2025,11.4,1.0,11.19,0.01876675603217166,normal,28.956000000000003,hardwood,172.6076221318073,633.4699732237327,165.38191279200612,0.04369104950968031
Upper,193,Sugar maple,2015,10.8,,,,initial,27.432000000000002,hardwood,152.42403326727535,559.3962020909005,,
Upper,193,Sugar maple,2016,10.9,1.0,10.8,0.009259259259259226,normal,27.686,hardwood,155.68965521916903,571.3810346543503,152.42403326727535,0.021424586936152082
Upper,193,Sugar maple,2017,10.75,1.0,10.9,-0.013761467889908289,normal,27.305,hardwood,150.80588144585377,553.4575849062833,155.68965521916903,-0.03136864659659127
Upper,193,Sugar maple,2018,10.8,1.0,10.75,0.00465116279069774,normal,27.432000000000002,hardwood,152.42403326727535,559.3962020909005,150.80588144585377,0.01073003125546246
Upper,193,Sugar maple,2021,10.98,3.0,10.8,0.005555555555555546,annualized,27.889200000000002,hardwood,158.3303580475563,581.0724140345316,152.42403326727535,0.012916433744461242
Upper,193,Sugar maple,2022,11.0,1.0,10.98,0.0018214936247722745,normal,27.94,hardwood,158.9944583328694,583.5096620816307,158.3303580475563,0.004194396409522684
Upper,193,Sugar maple,2023,10.8,1.0,11.0,-0.01818181818181812,normal,27.432000000000002,hardwood,152.42403326727535,559.3962020909005,158.9944583328694,-0.041324868391565454
Upper,193,Sugar maple,2024,11.0,1.0,10.8,0.01851851851851845,normal,27.94,hardwood,158.9944583328694,583.5096620816307,152.42403326727535,0.04310622757287123
Upper,193,Sugar maple,2025,10.9,1.0,11.0,-0.00909090909090906,normal,27.686,hardwood,155.68965521916903,571.3810346543503,158.9944583328694,-0.020785649690893505
Upper,194,Sugar maple,2015,10.3,,,,initial,26.162000000000003,hardwood,136.67982952173418,501.61497434476445,,
Upper,194,Sugar maple,2016,10.4,1.0,10.3,0.009708737864077634,normal,26.416,hardwood,139.75118271314534,512.8868405572434,136.67982952173418,0.02247115175778567
Upper,194,Sugar maple,2017,10.15,1.0,10.4,-0.024038461538461536,normal,25.781000000000002,hardwood,132.14499193972108,484.97212041877634,139.75118271314534,-0.054426664774900706
Upper,194,Sugar maple,2018,10.4,1.0,10.15,0.02463054187192118,normal,26.416,hardwood,139.75118271314534,512.8868405572434,132.14499193972108,0.05755943272442651
Upper,194,Sugar maple,2021,10.38,3.0,10.4,-0.0006410256410256273,annualized,26.3652,hardwood,139.13382499606413,510.62113773555535,139.75118271314534,-0.0014725163801735637
Upper,194,Sugar maple,2022,10.8,1.0,10.38,0.04046242774566473,normal,27.432000000000002,hardwood,152.42403326727535,559.3962020909005,139.13382499606413,0.09552104437283436
Upper,194,Sugar maple,2023,10.8,1.0,10.8,0.0,normal,27.432000000000002,hardwood,152.42403326727535,559.3962020909005,152.42403326727535,0.0
Upper,194,Sugar maple,2024,10.4,1.0,10.8,-0.03703703703703707,normal,26.416,hardwood,139.75118271314534,512.8868405572434,152.42403326727535,-0.08314207597372902
Upper,194,Sugar maple,2025,10.22,1.0,10.4,-0.01730769230769228,normal,25.958800000000004,hardwood,134.25048766656246,492.69928973628424,139.75118271314534,-0.03936063323251909
Upper,196,Sugar maple,2015,7.1,,,,initial,18.034,hardwood,58.08620639542944,213.17637747122606,,
Upper,196,Sugar maple,2016,7.1,1.0,7.1,0.0,normal,18.034,hardwood,58.08620639542944,213.17637747122606,58.08620639542944,0.0
Upper,196,Sugar maple,2017,7.0,1.0,7.1,-0.014084507042253471,normal,17.78,hardwood,56.22174274992082,206.33379589220942,58.08620639542944,-0.0320982167920563
Upper,196,Sugar maple,2018,7.0,1.0,7.0,0.0,normal,17.78,hardwood,56.22174274992082,206.33379589220942,56.22174274992082,0.0
Upper,196,Sugar maple,2021,7.14,3.0,7.0,0.0066666666666666515,annualized,18.1356,hardwood,58.84163052602783,215.94878403052212,56.22174274992082,0.01553306394740373
Upper,196,Sugar maple,2022,7.1,1.0,7.14,-0.005602240896358549,normal,18.034,hardwood,58.08620639542944,213.17637747122606,58.84163052602783,-0.012838259644491548
Upper,196,Sugar maple,2023,7.28,1.0,7.1,0.025352112676056426,normal,18.4912,hardwood,61.52915970600667,225.81201612104448,58.08620639542944,0.059273165252674204
Upper,196,Sugar maple,2024,7.2,1.0,7.28,-0.010989010989010999,normal,18.288,hardwood,59.98512295785456,220.14540125532622,61.52915970600667,-0.025094390294450628
Upper,196,Sugar maple,2025,7.0,1.0,7.2,-0.0277777777777778,normal,17.78,hardwood,56.22174274992082,206.33379589220942,59.98512295785456,-0.06273855953546816
Upper,197,sugar maple,2015,4.1,,,,initial,10.414,hardwood,16.427886061758493,60.29034184665367,,
Upper,197,sugar maple,2016,4.0,1.0,4.1,-0.02439024390243894,normal,10.16,hardwood,15.520896100149127,56.961688687547294,16.427886061758493,-0.05521038788555359
Upper,197,sugar maple,2017,4.3,1.0,4.0,0.07499999999999996,normal,10.921999999999999,hardwood,18.32973808966056,67.27013878905424,15.520896100149127,0.18097163793812424
Upper,197,sugar maple,2018,3.0,1.0,4.3,-0.3023255813953488,normal,7.62,hardwood,8.00862018634041,29.391636083869304,18.32973808966056,-0.563080489903022
Upper,197,sugar maple,2021,4.03,3.0,3.0,0.11444444444444447,annualized,10.2362,hardwood,15.789937745859339,57.94907152730377,8.00862018634041,0.3238725847260942
Upper,197,sugar maple,2022,4.0,1.0,4.03,-0.007444168734491377,normal,10.16,hardwood,15.520896100149127,56.961688687547294,15.789937745859339,-0.017038803448149373
Upper,197,sugar maple,2023,3.96,1.0,4.0,-0.010000000000000009,normal,10.0584,hardwood,15.166233539364182,55.66007708946655,15.520896100149127,-0.022850649762518372
Upper,197,sugar maple,2024,4.1,1.0,3.96,0.035353535353535276,normal,10.414,hardwood,16.427886061758493,60.29034184665367,15.166233539364182,0.08318825627468238
Upper,198,Norway maple,2015,18.19,,,,initial,46.202600000000004,hardwood,505.58481246452055,1855.4962617447904,,
Upper,198,Norway maple,2016,18.6,1.0,18.19,0.022539857064321062,normal,47.24400000000001,hardwood,532.1800418282869,1953.1007535098129,505.58481246452055,0.05260290401945702
Upper,198,Norway maple,2017,18.6,1.0,18.6,0.0,normal,47.24400000000001,hardwood,532.1800418282869,1953.1007535098129,532.1800418282869,0.0
Upper,198,Norway maple,2018,17.5,1.0,18.6,-0.05913978494623663,normal,44.45,hardwood,462.55813532908246,1697.5883566577327,532.1800418282869,-0.1308239712635985
Upper,198,Norway maple,2021,19.44,3.0,17.5,0.03695238095238098,annualized,49.3776,hardwood,589.088047382894,2161.953133895221,462.55813532908246,0.09118126810430947
Upper,198,Norway maple,2022,18.3,1.0,19.44,-0.058641975308642,normal,46.482,hardwood,512.6445184971672,1881.4053828846033,589.088047382894,-0.12976588003327846
Upper,198,Norway maple,2023,19.64,1.0,18.3,0.07322404371584698,normal,49.885600000000004,hardwood,603.1206849947046,2213.4529139305655,512.6445184971672,0.17648909377353925
Upper,198,Norway maple,2024,18.36,1.0,19.64,-0.06517311608961308,normal,46.6344,hardwood,516.518603790548,1895.623275911311,603.1206849947046,-0.14358997023111042
Upper,198,Norway maple,2025,19.75,1.0,18.36,0.07570806100217868,normal,50.165,hardwood,610.918309782408,2242.070196901437,516.518603790548,0.18276148293419398
Upper,199,sugar maple,2015,2.2,,,,initial,5.588000000000001,hardwood,3.9241985910482433,14.401808829147052,,
Upper,199,sugar maple,2016,2.2,1.0,2.2,0.0,normal,5.588000000000001,hardwood,3.9241985910482433,14.401808829147052,3.9241985910482433,0.0
Upper,199,sugar maple,2017,2.3,1.0,2.2,0.04545454545454529,normal,5.842,hardwood,4.346631614612262,15.952138025627,3.9241985910482433,0.1076482277241675
Upper,199,sugar maple,2018,2.25,1.0,2.3,-0.021739130434782532,normal,5.715,hardwood,4.132364321957084,15.165777061582498,4.346631614612262,-0.049295020064471555
Upper,199,sugar maple,2021,2.38,3.0,2.25,0.019259259259259243,annualized,6.0451999999999995,hardwood,4.702251058134278,17.2572613833528,4.132364321957084,0.04596938473770196
Upper,199,sugar maple,2022,2.3,1.0,2.38,-0.033613445378151294,normal,5.842,hardwood,4.346631614612262,15.952138025627,4.702251058134278,-0.07562748971194154
Upper,199,sugar maple,2023,2.34,1.0,2.3,0.017391304347826105,normal,5.9436,hardwood,4.522465720425565,16.597449193961822,4.346631614612262,0.04045295792314072
Upper,199,sugar maple,2024,2.3,1.0,2.34,-0.01709401709401711,normal,5.842,hardwood,4.346631614612262,15.952138025627,4.522465720425565,-0.03888014120685408
Upper,199,sugar maple,2025,2.3,1.0,2.3,0.0,normal,5.842,hardwood,4.346631614612262,15.952138025627,4.346631614612262,0.0
Upper,2,Sugar Maple,2015,7.5,,,,initial,19.05,hardwood,65.89003184106538,241.81641685670994,,
Upper,2,Sugar Maple,2016,7.6,1.0,7.5,0.013333333333333286,normal,19.304,hardwood,67.92819488567018,249.29647523040956,65.89003184106538,0.030932797991676392
Upper,2,Sugar Maple,2017,7.73,1.0,7.6,0.017105263157894842,normal,19.6342,hardwood,70.63039704637738,259.21355716020497,67.92819488567018,0.03978027334975224
Upper,2,Sugar Maple,2018,8.25,1.0,7.73,0.06727037516170757,normal,20.955000000000002,hardwood,82.0394789260037,301.08488765843356,70.63039704637738,0.16153217816593718
Upper,2,Sugar Maple,2021,7.88,3.0,8.25,-0.014949494949494954,annualized,20.0152,hardwood,73.82256176254042,270.9288016685233,82.0394789260037,-0.03338602857645568
Upper,2,Sugar Maple,2022,6.52,1.0,7.88,-0.1725888324873097,normal,16.5608,hardwood,47.74724102054066,175.23237454538423,73.82256176254042,-0.35321614584270744
Upper,2,Sugar Maple,2023,7.9,1.0,6.52,0.21165644171779155,normal,20.066000000000003,hardwood,74.25421677940489,272.5129755804159,47.74724102054066,0.5551519876815716
Upper,2,Sugar Maple,2024,8.0,1.0,7.9,0.01265822784810122,normal,20.32,hardwood,76.43385809522198,280.5122592094647,74.25421677940489,0.029353771547983493
Upper,2,Sugar Maple,2025,8.0,1.0,8.0,0.0,normal,20.32,hardwood,76.43385809522198,280.5122592094647,76.43385809522198,0.0
Upper,20,Sugar Maple,2015,28.0,,,,initial,71.12,hardwood,1363.4596301462536,5003.896842636751,,
Upper,20,Sugar Maple,2016,27.5,1.0,28.0,-0.017857142857142856,normal,69.85,hardwood,1308.109222107191,4800.760845133391,1363.4596301462536,-0.040595560598391416
Upper,20,Sugar Maple,2017,27.2,1.0,27.5,-0.010909090909090934,normal,69.088,hardwood,1275.520053488052,4681.158596301151,1308.109222107191,-0.024913186199117306
Upper,20,Sugar Maple,2018,27.8,1.0,27.2,0.022058823529411818,normal,70.61200000000001,hardwood,1341.163860423573,4922.071367754513,1275.520053488052,0.051464347233123084
Upper,20,Sugar Maple,2021,27.5,3.0,27.8,-0.003597122302158282,annualized,69.85,hardwood,1308.109222107191,4800.760845133391,1341.163860423573,-0.008215411328372264
Upper,20,Sugar Maple,2022,28.0,1.0,27.5,0.01818181818181818,normal,71.12,hardwood,1363.4596301462536,5003.896842636751,1308.109222107191,0.04231329242515422
Upper,20,Sugar Maple,2023,28.2,1.0,28.0,0.0071428571428571175,normal,71.628,hardwood,1385.963396841085,5086.485666406781,1363.4596301462536,0.016504901353344325
Upper,20,Sugar Maple,2024,28.0,1.0,28.2,-0.007092198581560258,normal,71.12,hardwood,1363.4596301462536,5003.896842636751,1385.963396841085,-0.016236912710770202
Upper,20,Sugar Maple,2025,28.23,1.0,28.0,0.00821428571428573,normal,71.7042,hardwood,1389.3569290950852,5098.939929778962,1363.4596301462536,0.018993814247403616
Upper,21,Sugar Maple,2015,9.2,,,,initial,23.368,hardwood,105.4121847485703,386.862718027253,,
Upper,21,Sugar Maple,2016,9.3,1.0,9.2,0.01086956521739146,normal,23.622000000000003,hardwood,108.06612856699694,396.6026918408788,105.4121847485703,0.025176822060531626
Upper,21,Sugar Maple,2017,9.24,1.0,9.3,-0.006451612903225859,normal,23.4696,hardwood,106.4692869303105,390.74228303423956,108.06612856699694,-0.014776523022164645
Upper,21,Sugar Maple,2018,9.41,1.0,9.24,0.01839826839826839,normal,23.901400000000002,hardwood,111.02862091956688,407.4750387748104,106.4692869303105,0.04282299732354446
Upper,21,Sugar Maple,2021,9.25,3.0,9.41,-0.005667729365922782,annualized,23.495,hardwood,106.7344943352872,391.715594210504,111.02862091956688,-0.012891950888322453
Upper,21,Sugar Maple,2022,9.4,1.0,9.25,0.016216216216216255,normal,23.876,hardwood,110.75743127900908,406.4797727939633,106.7344943352872,0.03769106668631938
Upper,21,Sugar Maple,2023,9.3,1.0,9.4,-0.010638297872340387,normal,23.622000000000003,hardwood,108.06612856699694,396.6026918408788,110.75743127900908,-0.024299071231008273
Upper,21,Sugar Maple,2024,9.44,1.0,9.3,0.015053763440860084,normal,23.9776,hardwood,111.84443977831646,410.4690939864214,108.06612856699694,0.034962955196244566
Upper,21,Sugar Maple,2025,9.25,1.0,9.44,-0.020127118644067746,normal,23.495,hardwood,106.7344943352872,391.715594210504,111.84443977831646,-0.04568797030194377
Upper,22,Sugar Maple,2015,3.8,,,,initial,9.652,hardwood,13.793709769009748,50.62291485226577,,
Upper,22,Sugar Maple,2016,3.9,1.0,3.8,0.026315789473684237,normal,9.906,hardwood,14.642910495857947,53.739481519798666,13.793709769009748,0.061564346435365326
Upper,22,Sugar Maple,2017,4.0,1.0,3.9,0.025641025641025664,normal,10.16,hardwood,15.520896100149127,56.961688687547294,14.642910495857947,0.059959774017572263
Upper,22,Sugar Maple,2018,9.1,1.0,4.0,1.275,normal,23.114,hardwood,102.79547885319684,377.2594073912324,15.520896100149127,5.623037625527895
Upper,22,Sugar Maple,2021,3.87,3.0,9.1,-0.1915750915750916,annualized,9.8298,hardwood,14.385137954488414,52.79345629297248,102.79547885319684,-0.2866868656255724
Upper,22,Sugar Maple,2022,3.8,1.0,3.87,-0.018087855297157694,normal,9.652,hardwood,13.793709769009748,50.62291485226577,14.385137954488414,-0.041113834802962726
Upper,22,Sugar Maple,2023,6.13,1.0,3.8,0.6131578947368421,normal,15.5702,hardwood,41.4321912788633,152.0561419934283,13.793709769009748,2.0037018302319782
Upper,22,Sugar Maple,2024,3.73,1.0,6.13,-0.3915171288743882,normal,9.4742,hardwood,13.21627676647218,48.503735732952904,41.4321912788633,-0.6810142944765153
Upper,23,Sugar Maple,2015,16.0,,,,initial,40.64,hardwood,376.40446953732254,1381.4044032019738,,
Upper,23,Sugar Maple,2016,15.8,1.0,16.0,-0.012499999999999956,normal,40.132000000000005,hardwood,365.6706566210666,1342.0113097993144,376.40446953732254,-0.02851669888365028
Upper,23,Sugar Maple,2017,13.8,1.0,15.8,-0.12658227848101264,normal,35.052,hardwood,267.8555875626219,983.0300063548224,365.6706566210666,-0.26749499115486175
Upper,23,Sugar Maple,2018,16.0,1.0,13.8,0.1594202898550724,normal,40.64,hardwood,376.40446953732254,1381.4044032019738,267.8555875626219,0.40525151243792146
Upper,23,Sugar Maple,2021,15.94,3.0,16.0,-0.0012500000000000104,annualized,40.4876,hardwood,373.1658913339598,1369.5188211956324,376.40446953732254,-0.002867994817156501
Upper,23,Sugar Maple,2022,16.2,1.0,15.94,0.016311166875784176,normal,41.147999999999996,hardwood,387.31413343583506,1421.4428697095148,373.1658913339598,0.0379140817272967
Upper,23,Sugar Maple,2023,16.1,1.0,16.2,-0.006172839506172708,normal,40.894000000000005,hardwood,381.8372789432117,1401.342813721587,387.31413343583506,-0.01414060066447512
Upper,23,Sugar Maple,2024,16.1,1.0,16.1,0.0,normal,40.894000000000005,hardwood,381.8372789432117,1401.342813721587,381.8372789432117,0.0
Upper,23,Sugar Maple,2025,16.1,1.0,16.1,0.0,normal,40.894000000000005,hardwood,381.8372789432117,1401.342813721587,381.8372789432117,0.0
Upper,24,Sugar Maple,2015,8.0,,,,initial,20.32,hardwood,76.43385809522198,280.5122592094647,,
Upper,24,Sugar Maple,2016,7.9,1.0,8.0,-0.012499999999999956,normal,20.066000000000003,hardwood,74.25421677940489,272.5129755804159,76.43385809522198,-0.028516698883650188
Upper,24,Sugar Maple,2017,7.94,1.0,7.9,0.005063291139240511,normal,20.1676,hardwood,75.12179682578291,275.69699435062324,74.25421677940489,0.011683916200415098
Upper,24,Sugar Maple,2018,7.75,1.0,7.94,-0.02392947103274564,normal,19.685,hardwood,71.05141434398648,260.7586906424304,75.12179682578291,-0.05418377426775572
Upper,24,Sugar Maple,2021,7.88,3.0,7.75,0.005591397849462361,annualized,20.0152,hardwood,73.82256176254042,270.9288016685233,71.05141434398648,0.013000667399984355
Upper,24,Sugar Maple,2022,7.9,1.0,7.88,0.0025380710659899065,normal,20.066000000000003,hardwood,74.25421677940489,272.5129755804159,73.82256176254042,0.005847196393061257
Upper,24,Sugar Maple,2023,7.95,1.0,7.9,0.00632911392405061,normal,20.193,hardwood,75.33958221016906,276.4962667113204,74.25421677940489,0.014616886122286956
Upper,24,Sugar Maple,2024,7.8,1.0,7.95,-0.01886792452830193,normal,19.812,hardwood,72.1101498083406,264.64424979661,75.33958221016906,-0.042865016065785466
Upper,24,Sugar Maple,2025,7.8,1.0,7.8,0.0,normal,19.812,hardwood,72.1101498083406,264.64424979661,72.1101498083406,0.0
Upper,26,sugar maple,2015,13.4,,,,initial,34.036,hardwood,250.33400518608528,918.725799032933,,
Upper,26,sugar maple,2016,13.3125,1.0,13.4,-0.006529850746268683,normal,33.81375,hardwood,246.59027186482922,904.9862977439233,250.33400518608528,-0.014954953157375332
Upper,26,sugar maple,2017,13.3,1.0,13.3125,-0.0009389671361501814,normal,33.782000000000004,hardwood,246.0580544890023,903.0330599746384,246.59027186482922,-0.0021583064563011523
Upper,26,sugar maple,2018,13.42,1.0,13.3,0.009022556390977385,normal,34.086800000000004,hardwood,251.19419455381316,921.8826940124943,246.0580544890023,0.020873692086517015
Upper,26,sugar maple,2021,13.7,3.0,13.42,0.006954793840039726,annualized,34.798,hardwood,263.41233982397756,966.7232871539976,251.19419455381316,0.016213412484667535
Upper,26,sugar maple,2022,13.8,1.0,13.7,0.007299270072992805,normal,35.052,hardwood,267.8555875626219,983.0300063548224,263.41233982397756,0.016868031853076806
Upper,26,sugar maple,2023,13.19,1.0,13.8,-0.04420289855072472,normal,33.5026,hardwood,241.40254334054612,885.9473340598042,267.8555875626219,-0.09875860519762851
Upper,26,sugar maple,2024,13.76,1.0,13.19,0.043214556482183496,normal,34.9504,hardwood,266.0732470395619,976.4888166351923,241.40254334054612,0.10219736444206758
Upper,26,sugar maple,2025,13.75,1.0,13.76,-0.0007267441860464961,normal,34.925,hardwood,265.62871258806433,974.8573751981961,266.0732470395619,-0.001670722090415545
Upper,27,sugar maple,2015,6.4,,,,initial,16.256,hardwood,45.75017417257656,167.90313921335596,,
Upper,27,sugar maple,2016,6.7,1.0,6.4,0.04687499999999997,normal,17.018,hardwood,50.833598900463016,186.55930796469926,45.75017417257656,0.1111126857946161
Upper,27,sugar maple,2017,6.5,1.0,6.7,-0.029850746268656744,normal,16.51,hardwood,47.411045443928835,173.99853677921882,50.833598900463016,-0.06732856871369396
Upper,27,sugar maple,2018,6.49,1.0,6.5,-0.0015384615384615057,normal,16.4846,hardwood,47.24345101947152,173.38346524146047,47.411045443928835,-0.0035349236214485165
Upper,27,sugar maple,2021,6.55,3.0,6.49,0.0030816640986132313,annualized,16.637,hardwood,48.2540535238206,177.09237643242162,47.24345101947152,0.007130459231499675
Upper,27,sugar maple,2022,6.6,1.0,6.55,0.007633587786259515,normal,16.764,hardwood,49.10546900846182,180.21707126105485,48.2540535238206,0.017644434456079723
Upper,27,sugar maple,2023,5.98,1.0,6.6,-0.09393939393939382,normal,15.189200000000001,hardwood,39.13736069366355,143.63411374574522,49.10546900846182,-0.2029938521324492
Upper,27,sugar maple,2024,6.6,1.0,5.98,0.10367892976588615,normal,16.764,hardwood,49.10546900846182,180.21707126105485,39.13736069366355,0.25469546587008685
Upper,27,sugar maple,2025,6.6,1.0,6.6,0.0,normal,16.764,hardwood,49.10546900846182,180.21707126105485,49.10546900846182,0.0
Upper,28,Sugar Maple,2015,15.7,,,,initial,39.878,hardwood,360.3694875228851,1322.5560192089883,,
Upper,28,Sugar Maple,2016,16.0,1.0,15.7,0.019108280254777118,normal,40.64,hardwood,376.40446953732254,1381.4044032019738,360.3694875228851,0.044495948102207604
Upper,28,Sugar Maple,2017,16.15,1.0,16.0,0.009374999999999911,normal,41.020999999999994,hardwood,384.57019542697657,1411.372617217004,376.40446953732254,0.021694019467120997
Upper,28,Sugar Maple,2018,16.02,1.0,16.15,-0.00804953560371511,normal,40.6908,hardwood,377.4875117544411,1385.3791681387986,384.57019542697657,-0.018417141413342778
Upper,28,Sugar Maple,2021,16.25,3.0,16.02,0.004785684560965469,annualized,41.275,hardwood,390.06910319543573,1431.5536087272492,377.4875117544411,0.011109940549220158
Upper,28,Sugar Maple,2022,16.7,1.0,16.25,0.027692307692307648,normal,42.418,hardwood,415.3619362137748,1524.3783059045536,390.06910319543573,0.0648419288047704
Upper,28,Sugar Maple,2023,16.06,1.0,16.7,-0.03832335329341321,normal,40.7924,hardwood,379.6588743684705,1393.3480689322867,415.3619362137748,-0.08595650860730046
Upper,28,Sugar Maple,2024,16.51,1.0,16.06,0.02801992528019943,normal,41.9354,hardwood,404.57317163460374,1484.7835398989957,379.6588743684705,0.065622849742617
Upper,28,Sugar Maple,2025,16.7,1.0,16.51,0.011508176862507432,normal,42.418,hardwood,415.3619362137748,1524.3783059045536,404.57317163460374,0.02666702919420249
Upper,29,sugar maple,2015,8.0,,,,initial,20.32,hardwood,76.43385809522198,280.5122592094647,,
Upper,29,sugar maple,2016,8.5,1.0,8.0,0.0625,normal,21.59,hardwood,87.87034686380746,322.48417299017336,76.43385809522198,0.14962595181755445
Upper,29,sugar maple,2017,8.35,1.0,8.5,-0.017647058823529453,normal,21.209,hardwood,84.34468201120112,309.5449829811081,87.87034686380746,-0.040123488508254784
Upper,29,sugar maple,2018,8.28,1.0,8.35,-0.008383233532934166,normal,21.0312,hardwood,82.72724968981179,303.60900636160926,84.34468201120112,-0.019176458821369823
Upper,29,sugar maple,2021,8.4,3.0,8.28,0.004830917874396176,annualized,21.336000000000002,hardwood,85.51083938820692,313.8247805547194,82.72724968981179,0.011215932311027233
Upper,29,sugar maple,2022,8.3,1.0,8.4,-0.011904761904761862,normal,21.082,hardwood,83.18756728330311,305.2983719297224,85.51083938820692,-0.027169328725174666
Upper,29,sugar maple,2023,7.68,1.0,8.3,-0.074698795180723,normal,19.5072,hardwood,69.5840364297351,255.37341369712777,83.18756728330311,-0.1635284129326671
Upper,29,sugar maple,2024,8.45,1.0,7.68,0.10026041666666662,normal,21.462999999999997,hardwood,86.68605562473786,318.13782414278796,69.5840364297351,0.2457750379610721
Upper,29,sugar maple,2025,8.33,1.0,8.45,-0.014201183431952572,normal,21.1582,hardwood,83.8807519122128,307.84235951782097,86.68605562473786,-0.03236164908309084
Upper,31,Sugar Maple,2015,11.2,,,,initial,28.447999999999997,hardwood,165.72203734228694,608.199877046193,,
Upper,31,Sugar Maple,2016,11.4,1.0,11.2,0.017857142857142953,normal,28.956000000000003,hardwood,172.6076221318073,633.4699732237327,165.72203734228694,0.041548999155125464
Upper,31,Sugar Maple,2017,11.38,1.0,11.4,-0.0017543859649122432,normal,28.9052,hardwood,171.91192933554603,630.9167806614539,172.6076221318073,-0.004030487110992165
Upper,31,Sugar Maple,2018,11.51,1.0,11.38,0.011423550087873375,normal,29.2354,hardwood,176.46234894844673,647.6168206407995,171.91192933554603,0.02646948138205678
Upper,31,Sugar Maple,2021,11.55,3.0,11.51,0.001158412974225338,annualized,29.337000000000003,hardwood,177.87600847230877,652.8049510933731,176.46234894844673,0.0026703704450007754
Upper,31,Sugar Maple,2022,11.6,1.0,11.55,0.004329004329004236,normal,29.464,hardwood,179.65205395432386,659.3230380123686,177.87600847230877,0.009984738792312075
Upper,31,Sugar Maple,2023,11.73,1.0,11.6,0.011206896551724205,normal,29.7942,hardwood,184.31651040330638,676.4415931801344,179.65205395432386,0.02596383590564708
Upper,31,Sugar Maple,2024,11.64,1.0,11.73,-0.007672634271099731,normal,29.565600000000003,hardwood,181.08007526664383,664.5638762285829,184.31651040330638,-0.01755911681260049
Upper,31,Sugar Maple,2025,11.68,1.0,11.64,0.0034364261168384146,normal,29.6672,hardwood,182.5144903309642,669.8281795146386,181.08007526664383,0.00792144062348203
Upper,32,Sugar Maple,2015,15.9,,,,initial,40.386,hardwood,371.0156229671586,1361.6273362894722,,
Upper,32,Sugar Maple,2016,16.2,1.0,15.9,0.01886792452830182,normal,41.147999999999996,hardwood,387.31413343583506,1421.4428697095148,371.0156229671586,0.043929445176272695
Upper,32,Sugar Maple,2017,16.15,1.0,16.2,-0.003086419753086464,normal,41.020999999999994,hardwood,384.57019542697657,1411.372617217004,387.31413343583506,-0.0070845284795502325
Upper,32,Sugar Maple,2018,16.31,1.0,16.15,0.009907120743034065,normal,41.4274,hardwood,393.3896431830305,1443.7399904817219,384.57019542697657,0.022933258637638232
Upper,32,Sugar Maple,2021,16.84,3.0,16.31,0.010831800531371371,annualized,42.7736,hardwood,423.4143884333026,1553.9308055502204,393.3896431830305,0.02544105720673706
Upper,32,Sugar Maple,2022,17.0,1.0,16.84,0.009501187648456066,normal,43.18,hardwood,432.7243465602261,1588.0983518760297,423.4143884333026,0.021987817091837055
Upper,32,Sugar Maple,2023,16.94,1.0,17.0,-0.003529411764705807,normal,43.02760000000001,hardwood,429.21969875026764,1575.2362944134823,432.7243465602261,-0.008099030798283658
Upper,32,Sugar Maple,2024,16.98,1.0,16.94,0.0023612750885477654,normal,43.129200000000004,hardwood,431.55434067683325,1583.804430283978,429.21969875026764,0.005439270223065814
Upper,32,Sugar Maple,2025,17.25,1.0,16.98,0.015901060070671352,normal,43.815,hardwood,447.5007219108198,1642.3276494127085,431.55434067683325,0.03695103890966972
Upper,33,Sugar Maple,2015,14.2,,,,initial,36.068,hardwood,286.0500339845308,1049.803624723228,,
Upper,33,Sugar Maple,2016,14.6,1.0,14.2,0.028169014084507067,normal,37.083999999999996,hardwood,304.9231375962875,1119.0679149783753,286.0500339845308,0.06597833025524956
Upper,33,Sugar Maple,2017,14.8,1.0,14.6,0.013698630136986375,normal,37.592000000000006,hardwood,314.6159651190731,1154.6405919869983,304.9231375962875,0.03178777313914011
Upper,33,Sugar Maple,2018,14.96,1.0,14.8,0.01081081081081082,normal,37.998400000000004,hardwood,322.4938795063194,1183.5525377881922,314.6159651190731,0.0250397794792922
Upper,33,Sugar Maple,2021,15.16,3.0,14.96,0.004456327985739734,annualized,38.5064,hardwood,332.49642076349943,1220.261864202043,322.4938795063194,0.010338740146523244
Upper,33,Sugar Maple,2022,15.8,1.0,15.16,0.04221635883905017,normal,40.132000000000005,hardwood,365.6706566210666,1342.0113097993144,332.49642076349943,0.09977321193831314
Upper,33,Sugar Maple,2023,15.61,1.0,15.8,-0.012025316455696282,normal,39.6494,hardwood,355.63581310485034,1305.1834340948008,365.6706566210666,-0.027442299059328296
Upper,33,Sugar Maple,2024,15.62,1.0,15.61,0.0006406149903907616,normal,39.6748,hardwood,356.1600302677454,1307.1073110826255,355.63581310485034,0.0014740280466087865
Upper,33,Sugar Maple,2025,15.65,1.0,15.62,0.0019206145966710075,normal,39.751000000000005,hardwood,357.7353009110744,1312.888554343643,356.1600302677454,0.004422929327989848
Upper,34,Sugar Maple,2015,2.0,,,,initial,5.08,hardwood,3.1517212627355704,11.566817034239543,,
Upper,34,Sugar Maple,2016,2.2,1.0,2.0,0.10000000000000009,normal,5.588000000000001,hardwood,3.9241985910482433,14.401808829147052,3.1517212627355704,0.24509696889952537
Upper,34,Sugar Maple,2017,2.2,1.0,2.2,0.0,normal,5.588000000000001,hardwood,3.9241985910482433,14.401808829147052,3.9241985910482433,0.0
Upper,34,Sugar Maple,2018,2.06,1.0,2.2,-0.06363636363636369,normal,5.2324,hardwood,3.373443326628323,12.380537008725945,3.9241985910482433,-0.14034846902913772
Upper,34,Sugar Maple,2021,2.09,3.0,2.06,0.004854368932038803,annualized,5.308599999999999,hardwood,3.487508459022307,12.799156044611866,3.373443326628323,0.011270890635058163
Upper,34,Sugar Maple,2022,2.1,1.0,2.09,0.004784688995215422,normal,5.3340000000000005,hardwood,3.5260071571740457,12.940446266828747,3.487508459022307,0.01103902645802659
Upper,34,Sugar Maple,2023,2.24,1.0,2.1,0.06666666666666672,normal,5.6896,hardwood,4.090244353565643,15.011196777585909,3.5260071571740457,0.1600215686583605
Upper,34,Sugar Maple,2024,2.15,1.0,2.24,-0.040178571428571556,normal,5.460999999999999,hardwood,3.722093421977239,13.660082858656468,4.090244353565643,-0.09000707531506538
Upper,34,Sugar Maple,2025,2.0,1.0,2.15,-0.06976744186046507,normal,5.08,hardwood,3.1517212627355704,11.566817034239543,3.722093421977239,-0.15323961399622185
Upper,35,Sugar Maple,2015,7.5,,,,initial,19.05,hardwood,65.89003184106538,241.81641685670994,,
Upper,35,Sugar Maple,2016,7.5,1.0,7.5,0.0,normal,19.05,hardwood,65.89003184106538,241.81641685670994,65.89003184106538,0.0
Upper,35,Sugar Maple,2017,7.7,1.0,7.5,0.02666666666666669,normal,19.558,hardwood,70.00152148417524,256.90558384692315,65.89003184106538,0.06239926629611087
Upper,35,Sugar Maple,2018,7.72,1.0,7.7,0.002597402597402542,normal,19.6088,hardwood,70.42041861164309,258.4429363047301,70.00152148417524,0.005984114610459443
Upper,35,Sugar Maple,2021,7.7,3.0,7.72,-0.0008635578583764929,annualized,19.558,hardwood,70.00152148417524,256.90558384692315,70.42041861164309,-0.001982839332334332
Upper,35,Sugar Maple,2022,6.4,1.0,7.7,-0.1688311688311688,normal,16.256,hardwood,45.75017417257656,167.90313921335596,70.00152148417524,-0.3464402886883111
Upper,35,Sugar Maple,2023,7.6,1.0,6.4,0.1874999999999999,normal,19.304,hardwood,67.92819488567018,249.29647523040956,45.75017417257656,0.4847636345478114
Upper,35,Sugar Maple,2024,7.59,1.0,7.6,-0.0013157894736841825,normal,19.2786,hardwood,67.72279851210013,248.54267053940745,67.92819488567018,-0.0030237278337184688
Upper,35,Sugar Maple,2025,7.5,1.0,7.59,-0.011857707509881405,normal,19.05,hardwood,65.89003184106538,241.81641685670994,67.72279851210013,-0.027062772231825065
Upper,38,Sugar Maple,2015,12.2,,,,initial,30.988,hardwood,201.74669188684177,740.4103592247093,,
Upper,38,Sugar Maple,2016,12.9,1.0,12.2,0.05737704918032796,normal,32.766,hardwood,229.36922401131957,841.7850521215428,201.74669188684177,0.13691690240933949
Upper,38,Sugar Maple,2017,12.53,1.0,12.9,-0.028682170542635735,normal,31.8262,hardwood,214.51925246299066,787.2856565391758,229.36922401131957,-0.0647426506861969
Upper,38,Sugar Maple,2018,12.46,1.0,12.53,-0.005586592178770831,normal,31.648400000000002,hardwood,211.77286348332098,777.2064089837879,214.51925246299066,-0.01280252913497124
Upper,38,Sugar Maple,2021,13.56,3.0,12.46,0.029427501337613685,annualized,34.4424,hardwood,257.26227008558203,944.152531214086,211.77286348332098,0.07160093736599663
Upper,38,Sugar Maple,2022,13.0,1.0,13.56,-0.04129793510324487,normal,33.02,hardwood,233.4793749165397,856.8693059437007,257.26227008558203,-0.09244610630672968
Upper,38,Sugar Maple,2023,14.13,1.0,13.0,0.08692307692307698,normal,35.8902,hardwood,282.81717759672534,1037.939041779982,233.4793749165397,0.2113154650076568
Upper,38,Sugar Maple,2024,13.55,1.0,14.13,-0.04104741684359519,normal,34.417,hardwood,256.826119931772,942.5518601496032,282.81717759672534,-0.09190056235556712
Upper,38,Sugar Maple,2025,14.0,1.0,13.55,0.03321033210332098,normal,35.56,hardwood,276.8683379803203,1016.1068003877755,256.826119931772,0.07803808294060079
Upper,39,Sugar Maple,2015,2.0,,,,initial,5.08,hardwood,3.1517212627355704,11.566817034239543,,
Upper,39,Sugar Maple,2016,2.2,1.0,2.0,0.10000000000000009,normal,5.588000000000001,hardwood,3.9241985910482433,14.401808829147052,3.1517212627355704,0.24509696889952537
Upper,39,Sugar Maple,2017,2.1,1.0,2.2,-0.04545454545454549,normal,5.3340000000000005,hardwood,3.5260071571740457,12.940446266828747,3.9241985910482433,-0.101470765211154
Upper,39,Sugar Maple,2018,2.1,1.0,2.1,0.0,normal,5.3340000000000005,hardwood,3.5260071571740457,12.940446266828747,3.5260071571740457,0.0
Upper,39,Sugar Maple,2021,1.02,3.0,2.1,-0.17142857142857143,annualized,2.5908,hardwood,0.6698216900341066,2.4582456024251713,3.5260071571740457,-0.27001131306353315
Upper,39,Sugar Maple,2022,1.0,1.0,1.02,-0.01960784313725492,normal,2.54,hardwood,0.639998287075967,2.348793713568799,0.6698216900341066,-0.044524391195246454
Upper,39,Sugar Maple,2023,2.31,1.0,1.0,1.31,normal,5.8674,hardwood,4.390220823715434,16.11211042303564,0.639998287075967,5.859738396759679
Upper,39,Sugar Maple,2024,2.33,1.0,2.31,0.008658008658008665,normal,5.918200000000001,hardwood,4.47813755810549,16.434764838247148,4.390220823715434,0.02002558365974231
Upper,39,Sugar Maple,2025,2.5,1.0,2.33,0.0729613733905579,normal,6.35,hardwood,5.265514724444983,19.324439038713088,4.47813755810549,0.1758269271818882
Upper,40,Sugar Maple,2015,15.4,,,,initial,39.116,hardwood,344.72792840354595,1265.1514972410137,,
Upper,40,Sugar Maple,2016,15.9,1.0,15.4,0.032467532467532464,normal,40.386,hardwood,371.0156229671586,1361.6273362894722,344.72792840354595,0.07625635290227985
Upper,40,Sugar Maple,2017,16.0,1.0,15.9,0.006289308176100607,normal,40.64,hardwood,376.40446953732254,1381.4044032019738,371.0156229671586,0.014524581275222855
Upper,40,Sugar Maple,2018,16.45,1.0,16.0,0.028124999999999956,normal,41.783,hardwood,401.1995034842513,1472.4021777872022,376.40446953732254,0.06587337811744606
Upper,40,Sugar Maple,2021,16.0,3.0,16.45,-0.009118541033434638,annualized,40.64,hardwood,376.40446953732254,1381.4044032019738,401.1995034842513,-0.020600751605783958
Upper,40,Sugar Maple,2022,15.6,1.0,16.0,-0.025000000000000022,normal,39.624,hardwood,355.112032328014,1303.2611586438113,376.40446953732254,-0.05656797124508454
Upper,40,Sugar Maple,2023,16.94,1.0,15.6,0.08589743589743601,normal,43.02760000000001,hardwood,429.21969875026764,1575.2362944134823,355.112032328014,0.20868813128190777
Upper,40,Sugar Maple,2024,16.96,1.0,16.94,0.0011806375442738827,normal,43.0784,hardwood,430.38612495112227,1579.5170785706187,429.21969875026764,0.002717550485802122
Upper,40,Sugar Maple,2025,17.0,1.0,16.96,0.0023584905660376855,normal,43.18,hardwood,432.7243465602261,1588.0983518760297,430.38612495112227,0.005432846166612265
Upper,404,Sugar Maple ,2021,3.8,,,,initial,9.652,hardwood,13.793709769009748,50.62291485226577,,
Upper,404,Sugar Maple ,2022,3.8,1.0,3.8,0.0,normal,9.652,hardwood,13.793709769009748,50.62291485226577,13.793709769009748,0.0
Upper,404,Sugar Maple ,2023,3.85,1.0,3.8,0.013157894736842176,normal,9.779,hardwood,14.214725893525964,52.168044029240285,13.793709769009748,0.030522327319232892
Upper,404,Sugar Maple ,2024,3.81,1.0,3.85,-0.010389610389610398,normal,9.6774,hardwood,13.877340858749765,50.92984095161164,14.214725893525964,-0.023734895579650934
Upper,404,Sugar Maple ,2025,3.83,1.0,3.81,0.005249343832021002,normal,9.728200000000001,hardwood,14.045460791857831,51.54684110611824,13.877340858749765,0.012114708056771945
Upper,41,Sugar Maple,2015,1.9,,,,initial,4.826,hardwood,2.800993453630146,10.279645974822635,,
Upper,41,Sugar Maple,2016,2.0,1.0,1.9,0.052631578947368474,normal,5.08,hardwood,3.1517212627355704,11.566817034239543,2.800993453630146,0.12521550475274187
Upper,41,Sugar Maple,2017,2.3,1.0,2.0,0.1499999999999999,normal,5.842,hardwood,4.346631614612262,15.952138025627,3.1517212627355704,0.3791294509462922
Upper,41,Sugar Maple,2018,2.17,1.0,2.3,-0.05652173913043474,normal,5.5118,hardwood,3.802210873240097,13.954113904791157,4.346631614612262,-0.12525118060200033
Upper,41,Sugar Maple,2021,2.25,3.0,2.17,0.012288786482334882,annualized,5.715,hardwood,4.132364321957084,15.165777061582498,3.802210873240097,0.02894398896885685
Upper,41,Sugar Maple,2022,1.16,1.0,2.25,-0.48444444444444446,normal,2.9463999999999997,hardwood,0.9003931593682505,3.304442894881479,4.132364321957084,-0.7821118640038435
Upper,41,Sugar Maple,2023,2.38,1.0,1.16,1.0517241379310345,normal,6.0451999999999995,hardwood,4.702251058134278,17.2572613833528,0.9003931593682505,4.222442006815727
Upper,41,Sugar Maple,2024,1.4,1.0,2.38,-0.411764705882353,normal,3.5559999999999996,hardwood,1.3876287639133735,5.092597563562081,4.702251058134278,-0.7049011746165791
Upper,41,Sugar Maple,2025,2.5,1.0,1.4,0.7857142857142858,normal,6.35,hardwood,5.265514724444983,19.324439038713088,1.3876287639133735,2.7946134163400034
Upper,44,Sugar Maple,2015,17.2,,,,initial,43.687999999999995,hardwood,444.52300291672253,1631.3994207043716,,
Upper,44,Sugar Maple,2016,17.4,1.0,17.2,0.011627906976744146,normal,44.196,hardwood,456.5013673091518,1675.3600180245871,444.52300291672253,0.02694655690219326
Upper,44,Sugar Maple,2017,17.3,1.0,17.4,-0.005747126436781487,normal,43.942,hardwood,450.4896824672929,1653.2971346549648,456.5013673091518,-0.013169040165848406
Upper,44,Sugar Maple,2018,17.58,1.0,17.3,0.016184971098265756,normal,44.6532,hardwood,467.4360617734424,1715.4903467085337,450.4896824672929,0.037617685744400824
Upper,44,Sugar Maple,2021,17.75,3.0,17.58,0.0032233598786500137,annualized,45.085,hardwood,477.8978026014306,1753.8849355472503,467.4360617734424,0.007460372076198381
Upper,44,Sugar Maple,2022,17.0,1.0,17.75,-0.04225352112676056,normal,43.18,hardwood,432.7243465602261,1588.0983518760297,477.8978026014306,-0.09452534787836102
Upper,44,Sugar Maple,2023,18.06,1.0,17.0,0.062352941176470514,normal,45.8724,hardwood,497.3127885212884,1825.1379338731283,432.7243465602261,0.1492600138505795
Upper,44,Sugar Maple,2024,17.1,1.0,18.06,-0.05315614617940185,normal,43.434000000000005,hardwood,438.60125045486575,1609.6665891693572,497.3127885212884,-0.11805756743355772
Upper,44,Sugar Maple,2025,18.5,1.0,17.1,0.08187134502923968,normal,46.99,hardwood,525.6223056483336,1929.0338617293844,438.60125045486575,0.19840585293183693
Upper,45,Norway Maple,2015,2.1,,,,initial,5.3340000000000005,hardwood,3.5260071571740457,12.940446266828747,,
Upper,45,Norway Maple,2016,2.2,1.0,2.1,0.04761904761904766,normal,5.588000000000001,hardwood,3.9241985910482433,14.401808829147052,3.5260071571740457,0.11292984277244979
Upper,45,Norway Maple,2017,2.17,1.0,2.2,-0.013636363636363748,normal,5.5118,hardwood,3.802210873240097,13.954113904791157,3.9241985910482433,-0.031086020489997777
Upper,45,Norway Maple,2018,2.2,1.0,2.17,0.013824884792626843,normal,5.588000000000001,hardwood,3.9241985910482433,14.401808829147052,3.802210873240097,0.03208336461996199
Upper,45,Norway Maple,2021,2.31,3.0,2.2,0.016666666666666646,annualized,5.8674,hardwood,4.390220823715434,16.11211042303564,3.9241985910482433,0.039585342234400474
Upper,45,Norway Maple,2022,2.4,1.0,2.31,0.0389610389610389,normal,6.096,hardwood,4.7936317430245,17.592628496899916,4.390220823715434,0.0918885257729839
Upper,45,Norway Maple,2023,2.35,1.0,2.4,-0.02083333333333326,normal,5.969,hardwood,4.567040835923054,16.761039867837606,4.7936317430245,-0.047269151918307495
Upper,45,Norway Maple,2024,2.6,1.0,2.35,0.10638297872340426,normal,6.604,hardwood,5.762587222808233,21.148695107706214,4.567040835923054,0.2617770302120684
Upper,45,Norway Maple,2025,2.8,1.0,2.6,0.07692307692307682,normal,7.111999999999999,hardwood,6.833485601954647,25.078892159173552,5.762587222808233,0.18583638524512286
Upper,451,Sugar Maple,2015,12.9,,,,initial,32.766,hardwood,229.36922401131957,841.7850521215428,,
Upper,451,Sugar Maple,2016,13.0,1.0,12.9,0.007751937984496096,normal,33.02,hardwood,233.4793749165397,856.8693059437007,229.36922401131957,0.01791936526330707
Upper,451,Sugar Maple,2017,13.15,1.0,13.0,0.011538461538461565,normal,33.401,hardwood,239.72208321633843,879.780045403962,233.4793749165397,0.02673772919783711
Upper,451,Sugar Maple,2018,13.25,1.0,13.15,0.007604562737642559,normal,33.655,hardwood,243.93568183752342,895.2439523437109,239.72208321633843,0.017577014869265932
Upper,451,Sugar Maple,2021,13.6,3.0,13.25,0.008805031446540872,annualized,34.544,hardwood,259.0110550115261,950.5705718923007,243.93568183752342,0.020600202288902004
Upper,451,Sugar Maple,2022,13.5,1.0,13.6,-0.007352941176470562,normal,34.29,hardwood,254.65164099934168,934.5715224675839,259.0110550115261,-0.016830995927916693
Upper,451,Sugar Maple,2023,13.75,1.0,13.5,0.018518518518518517,normal,34.925,hardwood,265.62871258806433,974.8573751981961,254.65164099934168,0.04310622757287093
Upper,451,Sugar Maple,2024,13.65,1.0,13.75,-0.007272727272727247,normal,34.671,hardwood,261.2064577987751,958.6277001215045,265.62871258806433,-0.016648255929121832
Upper,451,Sugar Maple,2025,13.75,1.0,13.65,0.0073260073260073,normal,34.925,hardwood,265.62871258806433,974.8573751981961,261.2064577987751,0.01693011277958526
Upper,452,Sugar Maple,2015,6.2,,,,initial,15.748000000000001,hardwood,42.52846398772181,156.07946283493902,,
Upper,452,Sugar Maple,2016,6.4,1.0,6.2,0.03225806451612906,normal,16.256,hardwood,45.75017417257656,167.90313921335596,42.52846398772181,0.07575420983426241
Upper,452,Sugar Maple,2017,6.3,1.0,6.4,-0.015625000000000083,normal,16.002,hardwood,44.12269949212058,161.93030713608252,45.75017417257656,-0.03557308163061621
Upper,452,Sugar Maple,2018,6.35,1.0,6.3,0.007936507936507908,normal,16.128999999999998,hardwood,44.93227205624094,164.90143844640426,44.12269949212058,0.018348210182945218
Upper,452,Sugar Maple,2021,6.31,3.0,6.35,-0.002099737532808401,annualized,16.0274,hardwood,44.2839485862685,162.5220913116054,44.93227205624094,-0.0048096348890091295
Upper,452,Sugar Maple,2022,6.75,1.0,6.31,0.06973058637084001,normal,17.145,hardwood,51.71035140944077,189.77698967264763,44.2839485862685,0.167699653266128
Upper,452,Sugar Maple,2023,6.8,1.0,6.75,0.007407407407407381,normal,17.272,hardwood,52.59558752896721,193.02580623130964,51.71035140944077,0.017119127899889338
Upper,452,Sugar Maple,2024,6.4,1.0,6.8,-0.05882352941176463,normal,16.256,hardwood,45.75017417257656,167.90313921335596,52.59558752896721,-0.13015185641990434
Upper,452,Sugar Maple,2025,6.4,1.0,6.4,0.0,normal,16.256,hardwood,45.75017417257656,167.90313921335596,45.75017417257656,0.0
Upper,454,Sugar Maple,2015,3.7,,,,initial,9.398000000000001,hardwood,12.973070463439562,47.61116860082319,,
Upper,454,Sugar Maple,2016,3.6,1.0,3.7,-0.02702702702702705,normal,9.144,hardwood,12.180764967060203,44.70340742911094,12.973070463439562,-0.06107308972168297
Upper,454,Sugar Maple,2017,7.0,1.0,3.6,0.9444444444444444,normal,17.78,hardwood,56.22174274992082,206.33379589220942,12.180764967060203,3.6156167450860686
Upper,454,Sugar Maple,2018,6.75,1.0,7.0,-0.03571428571428571,normal,17.145,hardwood,51.71035140944077,189.77698967264763,56.22174274992082,-0.08024282279094606
Upper,454,Sugar Maple,2021,7.0,3.0,6.75,0.012345679012345678,annualized,17.78,hardwood,56.22174274992082,206.33379589220942,51.71035140944077,0.029081162136887013
Upper,454,Sugar Maple,2022,6.9,1.0,7.0,-0.014285714285714235,normal,17.526,hardwood,54.39158571878679,199.6171195879475,56.22174274992082,-0.03255247777136197
Upper,454,Sugar Maple,2023,6.81,1.0,6.9,-0.013043478260869672,normal,17.2974,hardwood,52.773654442589574,193.67931180430372,54.39158571878679,-0.029745984692599002
Upper,454,Sugar Maple,2024,6.75,1.0,6.81,-0.008810572687224613,normal,17.145,hardwood,51.71035140944077,189.77698967264763,52.773654442589574,-0.020148368430795944
Upper,454,Sugar Maple,2025,6.8,1.0,6.75,0.007407407407407381,normal,17.272,hardwood,52.59558752896721,193.02580623130964,51.71035140944077,0.017119127899889338
Upper,455,Sugar Maple,2015,14.3,,,,initial,36.322,hardwood,290.7044620091394,1066.8853755735415,,
Upper,455,Sugar Maple,2016,14.7,1.0,14.3,0.02797202797202787,normal,37.338,hardwood,309.7481217187823,1136.7756067079308,290.7044620091394,0.06550865981907146
Upper,455,Sugar Maple,2017,14.45,1.0,14.7,-0.017006802721088437,normal,36.702999999999996,hardwood,297.76583064889456,1092.800598481443,309.7481217187823,-0.03868398298397538
Upper,455,Sugar Maple,2018,14.47,1.0,14.45,0.0013840830449827924,normal,36.753800000000005,hardwood,298.7145886198894,1096.282540234994,297.76583064889456,0.0031862553501431105
Upper,455,Sugar Maple,2021,14.69,3.0,14.47,0.005067956692006424,annualized,37.312599999999996,hardwood,309.2636960824295,1134.9977646225161,298.7145886198894,0.011771668636695067
Upper,455,Sugar Maple,2022,15.2,1.0,14.69,0.03471749489448603,normal,38.608,hardwood,334.51767056839014,1227.6798509859918,309.2636960824295,0.08165838669673536
Upper,455,Sugar Maple,2023,14.9,1.0,15.2,-0.019736842105263087,normal,37.846000000000004,hardwood,319.52675505808435,1172.6631910631695,334.51767056839014,-0.04481352355716884
Upper,455,Sugar Maple,2024,14.88,1.0,14.9,-0.0013422818791946022,normal,37.7952,hardwood,318.5411571725331,1169.0460468231963,319.52675505808435,-0.0030845551114244167
Upper,455,Sugar Maple,2025,14.8,1.0,14.88,-0.00537634408602151,normal,37.592000000000006,hardwood,314.6159651190731,1154.6405919869983,318.5411571725331,-0.012322401564372872
Upper,456,Sugar Maple,2015,1.3,,,,initial,3.302,hardwood,1.1701688202344531,4.294519570260443,,
Upper,456,Sugar Maple,2016,1.4,1.0,1.3,0.07692307692307682,normal,3.5559999999999996,hardwood,1.3876287639133735,5.092597563562081,1.1701688202344531,0.18583638524512258
Upper,456,Sugar Maple,2017,2.32,1.0,1.4,0.6571428571428571,normal,5.892799999999999,hardwood,4.434056031880801,16.272985637002538,1.3876287639133735,2.1954195150696725
Upper,456,Sugar Maple,2018,2.22,1.0,2.32,-0.04310344827586192,normal,5.638800000000001,hardwood,4.006735305536897,14.704718571320411,4.434056031880801,-0.09637242363909566
Upper,456,Sugar Maple,2021,2.25,3.0,2.22,0.004504504504504475,annualized,5.715,hardwood,4.132364321957084,15.165777061582498,4.006735305536897,0.010451486213441698
Upper,456,Sugar Maple,2022,2.19,1.0,2.25,-0.02666666666666669,normal,5.5626,hardwood,3.883294035697568,14.251689111010073,4.132364321957084,-0.06027307053642278
Upper,456,Sugar Maple,2023,2.34,1.0,2.19,0.06849315068493146,normal,5.9436,hardwood,4.522465720425565,16.597449193961822,3.883294035697568,0.1645952325145476
Upper,456,Sugar Maple,2024,2.25,1.0,2.34,-0.0384615384615384,normal,5.715,hardwood,4.132364321957084,15.165777061582498,4.522465720425565,-0.08625856393042429
Upper,456,Sugar Maple,2025,2.4,1.0,2.25,0.06666666666666662,normal,6.096,hardwood,4.7936317430245,17.592628496899916,4.132364321957084,0.1600215686583608
Upper,460,Sugar Maple,2015,2.2,,,,initial,5.588000000000001,hardwood,3.9241985910482433,14.401808829147052,,
Upper,460,Sugar Maple,2016,2.2,1.0,2.2,0.0,normal,5.588000000000001,hardwood,3.9241985910482433,14.401808829147052,3.9241985910482433,0.0
Upper,460,Sugar Maple,2017,2.25,1.0,2.2,0.022727272727272645,normal,5.715,hardwood,4.132364321957084,15.165777061582498,3.9241985910482433,0.05304668611412831
Upper,460,Sugar Maple,2018,2.0,1.0,2.25,-0.1111111111111111,normal,5.08,hardwood,3.1517212627355704,11.566817034239543,4.132364321957084,-0.23730798710339313
Upper,460,Sugar Maple,2021,2.25,3.0,2.0,0.041666666666666664,annualized,5.715,hardwood,4.132364321957084,15.165777061582498,3.1517212627355704,0.10371507899679702
Upper,460,Sugar Maple,2022,2.2,1.0,2.25,-0.022222222222222143,normal,5.588000000000001,hardwood,3.9241985910482433,14.401808829147052,4.132364321957084,-0.05037448653855709
Upper,460,Sugar Maple,2023,2.4,1.0,2.2,0.09090909090909079,normal,6.096,hardwood,4.7936317430245,17.592628496899916,3.9241985910482433,0.2215568686965996
Upper,460,Sugar Maple,2024,2.23,1.0,2.4,-0.0708333333333333,normal,5.6642,hardwood,4.0483681237414775,14.857511014131221,4.7936317430245,-0.1554695185685676
Upper,460,Sugar Maple,2025,2.2,1.0,2.23,-0.01345291479820619,normal,5.588000000000001,hardwood,3.9241985910482433,14.401808829147052,4.0483681237414775,-0.030671502417244957
Upper,461,Sugar maple,2015,6.6,,,,initial,16.764,hardwood,49.10546900846182,180.21707126105485,,
Upper,461,Sugar maple,2016,9.0,1.0,6.6,0.3636363636363637,normal,22.86,hardwood,100.21588898634975,367.7923125799036,49.10546900846182,1.040829484167652
Upper,461,Sugar maple,2017,9.7,1.0,9.0,0.0777777777777777,normal,24.637999999999998,hardwood,119.05668897201343,436.9380485272893,100.21588898634975,0.18800212397686714
Upper,461,Sugar maple,2018,9.75,1.0,9.7,0.005154639175257806,normal,24.765,hardwood,120.47291747754014,442.13560714257227,119.05668897201343,0.011895413166240624
Upper,461,Sugar maple,2021,9.77,3.0,9.75,0.0006837606837606692,annualized,24.8158,hardwood,121.04206052622955,444.2243621312624,120.47291747754014,0.0015747468687184896
Upper,461,Sugar maple,2022,9.8,1.0,9.77,0.003070624360286708,normal,24.892000000000003,hardwood,121.89861906281644,447.36793196053634,121.04206052622955,0.007076536311948143
Upper,461,Sugar maple,2023,9.83,1.0,9.8,0.0030612244897958527,normal,24.9682,hardwood,122.75859314636394,450.5240368471556,121.89861906281644,0.007054830400534231
Upper,461,Sugar maple,2024,9.8,1.0,9.83,-0.003051881993896171,normal,24.892000000000003,hardwood,121.89861906281644,447.36793196053634,122.75859314636394,-0.0070054084321588776
Upper,461,Sugar maple,2025,9.85,1.0,9.8,0.005102040816326422,normal,25.019,hardwood,123.3338082757729,452.63507637208653,121.89861906281644,0.011773629791629398
Upper,462,sugar maple,2015,2.1,,,,initial,5.3340000000000005,hardwood,3.5260071571740457,12.940446266828747,,
Upper,462,sugar maple,2016,2.2,1.0,2.1,0.04761904761904766,normal,5.588000000000001,hardwood,3.9241985910482433,14.401808829147052,3.5260071571740457,0.11292984277244979
Upper,462,sugar maple,2017,3.7,1.0,2.2,0.6818181818181818,normal,9.398000000000001,hardwood,12.973070463439562,47.61116860082319,3.9241985910482433,2.305915886375709
Upper,462,sugar maple,2018,3.75,1.0,3.7,0.013513513513513466,normal,9.525,hardwood,13.379834064723505,49.103991017535265,12.973070463439562,0.03135445864032543
Upper,462,sugar maple,2021,3.81,3.0,3.75,0.005333333333333338,annualized,9.6774,hardwood,13.877340858749765,50.92984095161164,13.379834064723505,0.01239444354889166
Upper,462,sugar maple,2022,2.97,1.0,3.81,-0.22047244094488186,normal,7.543800000000001,hardwood,7.825618011381311,28.720018101769412,13.877340858749765,-0.4360866328042089
Upper,462,sugar maple,2023,3.75,1.0,2.97,0.26262626262626254,normal,9.525,hardwood,13.379834064723505,49.103991017535265,7.825618011381311,0.7097479132337321
Upper,462,sugar maple,2024,3.6,1.0,3.75,-0.03999999999999997,normal,9.144,hardwood,12.180764967060203,44.70340742911094,13.379834064723505,-0.08961763590362447
Upper,462,sugar maple,2025,3.7,1.0,3.6,0.0277777777777778,normal,9.398000000000001,hardwood,12.973070463439562,47.61116860082319,12.180764967060203,0.06504562714426798
Upper,463,Sugar Maple,2015,9.4,,,,initial,23.876,hardwood,110.75743127900908,406.4797727939633,,
Upper,463,Sugar Maple,2016,9.7,1.0,9.4,0.03191489361702116,normal,24.637999999999998,hardwood,119.05668897201343,436.9380485272893,110.75743127900908,0.07493183615009712
Upper,463,Sugar Maple,2017,13.9,1.0,9.7,0.4329896907216496,normal,35.306000000000004,hardwood,272.3408898838568,999.4910658737545,119.05668897201343,1.287489197250192
Upper,463,Sugar Maple,2018,13.88,1.0,13.9,-0.0014388489208632786,normal,35.2552,hardwood,271.44046066912375,996.1864906556841,272.3408898838568,-0.0033062578855383665
Upper,463,Sugar Maple,2021,14.19,3.0,13.88,0.007444764649375569,annualized,36.0426,hardwood,285.5869255753302,1048.1040168614618,271.44046066912375,0.017372090698802755
Upper,463,Sugar Maple,2022,14.4,1.0,14.19,0.014799154334038115,normal,36.576,hardwood,295.401396053482,1084.123123516279,285.5869255753302,0.03436596566309899
Upper,463,Sugar Maple,2023,14.4,1.0,14.4,0.0,normal,36.576,hardwood,295.401396053482,1084.123123516279,295.401396053482,0.0
Upper,463,Sugar Maple,2024,14.6,1.0,14.4,0.01388888888888884,normal,37.083999999999996,hardwood,304.9231375962875,1119.0679149783753,295.401396053482,0.032233231359142266
Upper,463,Sugar Maple,2025,14.6,1.0,14.6,0.0,normal,37.083999999999996,hardwood,304.9231375962875,1119.0679149783753,304.9231375962875,0.0
Upper,465,Sugar Maple,2015,11.25,,,,initial,28.575,hardwood,167.42858745793905,614.4629159706362,,
Upper,465,Sugar Maple,2016,11.3,1.0,11.25,0.004444444444444508,normal,28.702,hardwood,169.14502619193084,620.7622461243861,167.42858745793905,0.010251766201055676
Upper,465,Sugar Maple,2017,14.2,1.0,11.3,0.25663716814159276,normal,36.068,hardwood,286.0500339845308,1049.803624723228,169.14502619193084,0.6911525004580771
Upper,465,Sugar Maple,2018,14.26,1.0,14.2,0.0042253521126760915,normal,36.2204,hardwood,288.83759507310765,1060.033973918305,286.0500339845308,0.009745012261482944
Upper,465,Sugar Maple,2021,16.78,3.0,14.26,0.058906030855540005,annualized,42.6212,hardwood,419.9526359262429,1541.2261738493114,288.83759507310765,0.15131345213786865
Upper,465,Sugar Maple,2022,13.16,1.0,16.78,-0.21573301549463653,normal,33.4264,hardwood,240.14157625654553,881.3195848615221,419.9526359262429,-0.4281698560436657
Upper,465,Sugar Maple,2023,14.63,1.0,13.16,0.11170212765957452,normal,37.1602,hardwood,306.36613781757086,1124.363725790485,240.14157625654553,0.2757729943867654
Upper,465,Sugar Maple,2024,14.57,1.0,14.63,-0.004101161995898872,normal,37.0078,hardwood,303.4839868219112,1113.786231636414,306.36613781757086,-0.009407537713505056
Upper,465,Sugar Maple,2025,14.75,1.0,14.57,0.012354152367879184,normal,37.465,hardwood,312.17668054568935,1145.68841760268,303.4839868219112,0.02864300622516593
Upper,47,Sugar Maple,2015,12.2,,,,initial,30.988,hardwood,201.74669188684177,740.4103592247093,,
Upper,47,Sugar Maple,2016,12.5,1.0,12.2,0.024590163934426288,normal,31.75,hardwood,213.33977932886583,782.9569901369376,201.74669188684177,0.05746358135342578
Upper,47,Sugar Maple,2017,12.5,1.0,12.5,0.0,normal,31.75,hardwood,213.33977932886583,782.9569901369376,213.33977932886583,0.0
Upper,47,Sugar Maple,2018,12.49,1.0,12.5,-0.0007999999999999829,normal,31.724600000000002,hardwood,212.94743824206944,781.5170983483948,213.33977932886583,-0.001839043276554598
Upper,47,Sugar Maple,2021,13.0,3.0,12.49,0.01361088871096877,annualized,33.02,hardwood,233.4793749165397,856.8693059437007,212.94743824206944,0.03213928727196123
Upper,47,Sugar Maple,2022,13.1,1.0,13.0,0.007692307692307665,normal,33.274,hardwood,237.63083366839322,872.1051595630031,233.4793749165397,0.017780837186742962
Upper,47,Sugar Maple,2023,12.76,1.0,13.1,-0.025954198473282432,normal,32.4104,hardwood,223.6842278351026,820.9211161548266,237.63083366839322,-0.05869021969073548
Upper,47,Sugar Maple,2024,13.3,1.0,12.76,0.042319749216301016,normal,33.782000000000004,hardwood,246.0580544890023,903.0330599746384,223.6842278351026,0.10002415847751868
Upper,47,Sugar Maple,2025,13.7,1.0,13.3,0.030075187969924703,normal,34.798,hardwood,263.41233982397756,966.7232871539976,246.0580544890023,0.07052923088014953
Upper,473,Sugar Maple,2024,2.9,,,,initial,7.366,hardwood,7.4078845743540365,27.186936387879314,,
Upper,473,Sugar Maple,2025,3.0,1.0,2.9,0.03448275862068969,normal,7.62,hardwood,8.00862018634041,29.391636083869304,7.4078845743540365,0.0810940837369564
Upper,475 (6),Sugar Maple,2015,4.8,,,,initial,12.192,hardwood,23.606611760229864,86.63626516004359,,
Upper,475 (6),Sugar Maple,2016,5.0,1.0,4.8,0.041666666666666706,normal,12.7,hardwood,25.930436145543343,95.16470065414407,23.606611760229864,0.09843955621062205
Upper,475 (6),Sugar Maple,2017,5.0,1.0,5.0,0.0,normal,12.7,hardwood,25.930436145543343,95.16470065414407,25.930436145543343,0.0
Upper,475 (6),Sugar Maple,2018,5.0,1.0,5.0,0.0,normal,12.7,hardwood,25.930436145543343,95.16470065414407,25.930436145543343,0.0
Upper,475 (6),Sugar Maple,2021,5.05,3.0,5.0,0.0033333333333333214,annualized,12.827,hardwood,26.53071664693372,97.36773009424675,25.930436145543343,0.007716549746420239
Upper,475 (6),Sugar Maple,2022,5.1,1.0,5.05,0.009900990099009866,normal,12.953999999999999,hardwood,27.138773514041727,99.59929879653313,26.53071664693372,0.02291897633976216
Upper,475 (6),Sugar Maple,2023,5.01,1.0,5.1,-0.017647058823529384,normal,12.7254,hardwood,26.049871246822953,95.60302747584024,27.138773514041727,-0.04012348850825448
Upper,475 (6),Sugar Maple,2024,5.02,1.0,5.01,0.0019960079840318935,normal,12.7508,hardwood,26.169616662043925,96.0424931497012,26.049871246822953,0.004596775703280162
Upper,475 (6),Sugar Maple,2025,4.95,1.0,5.02,-0.013944223107569601,normal,12.573,hardwood,25.337908830992188,92.99012540974132,26.169616662043925,-0.03178142965533139
Upper,478,Sugar Maple,2015,13.7,,,,initial,34.798,hardwood,263.41233982397756,966.7232871539976,,
Upper,478,Sugar Maple,2016,13.9375,1.0,13.7,0.017335766423357716,normal,35.40125,hardwood,274.03373907862095,1005.7038224185388,263.41233982397756,0.04032232985645633
Upper,478,Sugar Maple,2017,15.66,1.0,13.9375,0.12358744394618836,normal,39.7764,hardwood,358.2612644563075,1314.8188405546487,274.03373907862095,0.3073618805512174
Upper,478,Sugar Maple,2018,15.8,1.0,15.66,0.008939974457215873,normal,40.132000000000005,hardwood,365.6706566210666,1342.0113097993144,358.2612644563075,0.020681533003584624
Upper,478,Sugar Maple,2021,6.0,3.0,15.8,-0.20675105485232068,annualized,15.24,hardwood,39.43907200405727,144.7413942548902,365.6706566210666,-0.2973819735601347
Upper,478,Sugar Maple,2022,5.0,1.0,6.0,-0.16666666666666666,normal,12.7,hardwood,25.930436145543343,95.16470065414407,39.43907200405727,-0.3425191104173099
Upper,478,Sugar Maple,2023,6.0,1.0,5.0,0.2,normal,15.24,hardwood,39.43907200405727,144.7413942548902,25.930436145543343,0.5209567545525321
Upper,478,Sugar Maple,2024,5.3,1.0,6.0,-0.1166666666666667,normal,13.462,hardwood,29.64922266914349,108.81264719575661,39.43907200405727,-0.248227172634961
Upper,478,Sugar Maple,2025,6.0,1.0,5.3,0.13207547169811323,normal,15.24,hardwood,39.43907200405727,144.7413942548902,29.64922266914349,0.3301890725486798
Upper,48,Sugar Maple,2015,8.2,,,,initial,20.828,hardwood,80.90040059200314,296.9044701726515,,
Upper,48,Sugar Maple,2016,18.7,1.0,8.2,1.2804878048780488,normal,47.498,hardwood,538.783772271165,1977.3364442351756,80.90040059200314,5.659840598174032
Upper,48,Sugar Maple,2017,19.3,1.0,18.7,0.03208556149732628,normal,49.022000000000006,hardwood,579.3761617633406,2126.3105136714603,538.783772271165,0.07534077969918106
Upper,48,Sugar Maple,2018,19.0,1.0,19.3,-0.015544041450777238,normal,48.26,hardwood,558.8716682502761,2051.0590224785133,579.3761617633406,-0.03539064059981129
Upper,48,Sugar Maple,2021,8.19,3.0,19.0,-0.18964912280701754,annualized,20.802599999999998,hardwood,80.67366468455175,296.07234939230494,558.8716682502761,-0.2852163449633401
Upper,48,Sugar Maple,2022,8.6,1.0,8.19,0.050061050061050084,normal,21.843999999999998,hardwood,90.26621858864445,331.27702222032514,80.67366468455175,0.11890564215225964
Upper,48,Sugar Maple,2023,8.5,1.0,8.6,-0.011627906976744146,normal,21.59,hardwood,87.87034686380746,322.48417299017336,90.26621858864445,-0.02654228527900687
Upper,48,Sugar Maple,2024,8.6,1.0,8.5,0.0117647058823529,normal,21.843999999999998,hardwood,90.26621858864445,331.27702222032514,87.87034686380746,0.027265986881221917
Upper,48,Sugar Maple,2025,8.6,1.0,8.6,0.0,normal,21.843999999999998,hardwood,90.26621858864445,331.27702222032514,90.26621858864445,0.0
Upper,480 (200),sugar maple,2015,5.3,,,,initial,13.462,hardwood,29.64922266914349,108.81264719575661,,
Upper,480 (200),sugar maple,2016,5.5,1.0,5.3,0.03773584905660381,normal,13.97,hardwood,32.285907447058705,118.48928033070544,29.64922266914349,0.08892930541006264
Upper,480 (200),sugar maple,2017,5.35,1.0,5.5,-0.027272727272727337,normal,13.588999999999999,hardwood,30.296503536213933,111.18816797790514,32.285907447058705,-0.06161833654844381
Upper,480 (200),sugar maple,2018,5.5,1.0,5.35,0.028037383177570162,normal,13.97,hardwood,32.285907447058705,118.48928033070544,30.296503536213933,0.06566447208889312
Upper,480 (200),sugar maple,2021,5.44,3.0,5.5,-0.0036363636363636125,annualized,13.8176,hardwood,31.481562623222665,115.53733482722718,32.285907447058705,-0.00830439539970575
Upper,480 (200),sugar maple,2022,5.5,1.0,5.44,0.01102941176470581,normal,13.97,hardwood,32.285907447058705,118.48928033070544,31.481562623222665,0.025549710904207386
Upper,480 (200),sugar maple,2023,6.0,1.0,5.5,0.09090909090909091,normal,15.24,hardwood,39.43907200405727,144.7413942548902,32.285907447058705,0.2215568686966001
Upper,480 (200),sugar maple,2024,10.63,1.0,6.0,0.7716666666666668,normal,27.000200000000003,hardwood,146.96209014335213,539.3508708261023,39.43907200405727,2.726307001549973
Upper,480 (200),sugar maple,2025,10.75,1.0,10.63,0.011288805268109051,normal,27.305,hardwood,150.80588144585377,553.4575849062833,146.96209014335213,0.02615498526696422
Upper,49,Sugar Maple,2015,12.4,,,,initial,31.496000000000002,hardwood,209.43472338649661,768.6254348284425,,
Upper,49,Sugar Maple,2016,23.5,1.0,12.4,0.8951612903225806,normal,59.69,hardwood,911.2444470841234,3344.267120798733,209.43472338649661,3.3509711873445545
Upper,49,Sugar Maple,2017,24.15,1.0,23.5,0.027659574468085046,normal,61.340999999999994,hardwood,970.2602118398257,3560.8549774521603,911.2444470841234,0.06476392250679379
Upper,49,Sugar Maple,2018,23.9,1.0,24.15,-0.010351966873706004,normal,60.705999999999996,hardwood,947.3140614455772,3476.642605505268,970.2602118398257,-0.02364948094773218
Upper,49,Sugar Maple,2021,12.81,3.0,23.9,-0.15467224546722455,annualized,32.537400000000005,hardwood,225.7053274158383,828.3385516161266,947.3140614455772,-0.25391393885732827
Upper,49,Sugar Maple,2022,24.13,1.0,12.81,0.8836846213895393,normal,61.2902,hardwood,968.4130919125527,3554.076047319068,225.7053274158383,3.2906080374804514
Upper,49,Sugar Maple,2023,24.1,1.0,24.13,-0.0012432656444259257,normal,61.214000000000006,hardwood,965.6461416061517,3543.9213396945765,968.4130919125527,-0.002857200433893804
Upper,49,Sugar Maple,2024,13.2,1.0,24.1,-0.4522821576763486,normal,33.528,hardwood,241.82369533779874,887.4929618897213,965.6461416061517,-0.7495731770485042
Upper,49,Sugar Maple,2025,24.6,1.0,13.2,0.8636363636363639,normal,62.484,hardwood,1012.3473677160594,3715.314839517938,241.82369533779874,3.1863034402064336
Upper,5,Sugar Maple,2015,12.8,,,,initial,32.512,hardwood,225.30028536849798,826.8520473023875,,
Upper,5,Sugar Maple,2016,13.5,1.0,12.8,0.054687499999999944,normal,34.29,hardwood,254.65164099934168,934.5715224675839,225.30028536849798,0.13027660210388564
Upper,5,Sugar Maple,2017,13.35,1.0,13.5,-0.011111111111111138,normal,33.909,hardwood,248.19082503466612,910.8603278772247,254.65164099934168,-0.02537119313003863
Upper,5,Sugar Maple,2018,13.5,1.0,13.35,0.011235955056179803,normal,34.29,hardwood,254.65164099934168,934.5715224675839,248.19082503466612,0.026031647075483732
Upper,5,Sugar Maple,2021,13.77,3.0,13.5,0.006666666666666656,annualized,34.9758,hardwood,266.5182016712039,978.1218001333183,254.65164099934168,0.015533063947403714
Upper,5,Sugar Maple,2022,13.9,1.0,13.77,0.009440813362382047,normal,35.306000000000004,hardwood,272.3408898838568,999.4910658737545,266.5182016712039,0.0218472441136917
Upper,5,Sugar Maple,2023,13.94,1.0,13.9,0.002877697841726557,normal,35.4076,hardwood,274.1468065380793,1006.1187799947511,272.3408898838568,0.006631088908436352
Upper,5,Sugar Maple,2024,13.82,1.0,13.94,-0.008608321377331364,normal,35.1028,hardwood,268.74928073545533,986.309860299121,274.1468065380793,-0.019688450399199767
Upper,5,Sugar Maple,2025,14.8,1.0,13.82,0.07091172214182348,normal,37.592000000000006,hardwood,314.6159651190731,1154.6405919869983,268.74928073545533,0.1706671893524689
Upper,50,Sugar Maple,2015,11.6,,,,initial,29.464,hardwood,179.65205395432386,659.3230380123686,,
Upper,50,Sugar Maple,2016,11.6,1.0,11.6,0.0,normal,29.464,hardwood,179.65205395432386,659.3230380123686,179.65205395432386,0.0
Upper,50,Sugar Maple,2017,11.5,1.0,11.6,-0.008620689655172384,normal,29.21,hardwood,176.10992999036688,646.3234430646464,179.65205395432386,-0.019716579276391456
Upper,50,Sugar Maple,2018,11.7,1.0,11.5,0.017391304347826025,normal,29.718,hardwood,183.23409757811444,672.46913811168,176.10992999036688,0.040452957923140694
Upper,50,Sugar Maple,2021,11.69,3.0,11.7,-0.00028490028490027886,annualized,29.6926,hardwood,182.87409389265633,671.1479245860487,183.23409757811444,-0.000654906647136891
Upper,50,Sugar Maple,2022,14.1,1.0,11.69,0.20615911035072715,normal,35.814,hardwood,281.4380225865499,1032.877542892638,182.87409389265633,0.5389715218589066
Upper,50,Sugar Maple,2023,14.1,1.0,14.1,0.0,normal,35.814,hardwood,281.4380225865499,1032.877542892638,281.4380225865499,0.0
Upper,50,Sugar Maple,2024,11.81,1.0,14.1,-0.16241134751773045,normal,29.997400000000003,hardwood,187.22057560164578,687.09951245804,281.4380225865499,-0.3347715639805907
Upper,50,Sugar Maple,2025,11.7,1.0,11.81,-0.009314140558848535,normal,29.718,hardwood,183.23409757811444,672.46913811168,187.22057560164578,-0.02129294822815559
Upper,501,Sugar Maple,2021,10.94,,,,initial,27.787599999999998,hardwood,157.00686869013526,576.2152080927964,,
Upper,501,Sugar Maple,2022,11.4,1.0,10.94,0.042047531992687466,normal,28.956000000000003,hardwood,172.6076221318073,633.4699732237327,157.00686869013526,0.09936350920074251
Upper,501,Sugar Maple,2023,11.4,1.0,11.4,0.0,normal,28.956000000000003,hardwood,172.6076221318073,633.4699732237327,172.6076221318073,0.0
Upper,501,Sugar Maple,2024,11.2,1.0,11.4,-0.0175438596491229,normal,28.447999999999997,hardwood,165.72203734228694,608.199877046193,172.6076221318073,-0.039891545370240686
Upper,501,Sugar Maple,2025,11.2,1.0,11.2,0.0,normal,28.447999999999997,hardwood,165.72203734228694,608.199877046193,165.72203734228694,0.0
Upper,502,Sugar Maple,2015,8.5,,,,initial,21.59,hardwood,87.87034686380746,322.48417299017336,,
Upper,502,Sugar Maple,2016,8.625,1.0,8.5,0.014705882352941176,normal,21.9075,hardwood,90.87088343580218,333.496142209394,87.87034686380746,0.034147316803532585
Upper,502,Sugar Maple,2017,8.56,1.0,8.625,-0.007536231884057914,normal,21.7424,hardwood,89.30349798479428,327.743837604195,90.87088343580218,-0.01724848919417872
Upper,502,Sugar Maple,2018,8.63,1.0,8.56,0.008177570093457976,normal,21.9202,hardwood,90.99209027129962,333.9409712956696,89.30349798479428,0.018908467468909864
Upper,502,Sugar Maple,2021,8.8,3.0,8.63,0.006566241792197757,annualized,22.352000000000004,hardwood,95.16756503565735,349.2649636808625,90.99209027129962,0.015296108895869392
Upper,502,Sugar Maple,2022,8.9,1.0,8.8,0.011363636363636322,normal,22.606,hardwood,97.67329231217857,358.46098278569536,95.16756503565735,0.026329635265779708
Upper,502,Sugar Maple,2023,8.9,1.0,8.9,0.0,normal,22.606,hardwood,97.67329231217857,358.46098278569536,97.67329231217857,0.0
Upper,502,Sugar Maple,2024,8.84,1.0,8.9,-0.006741573033707921,normal,22.4536,hardwood,96.16543958187827,352.9271632654933,97.67329231217857,-0.015437717871544406
Upper,502,Sugar Maple,2025,9.0,1.0,8.84,0.018099547511312233,normal,22.86,hardwood,100.21588898634975,367.7923125799036,96.16543958187827,0.04211959537732679
Upper,52,Sugar Maple,2015,15.8,,,,initial,40.132000000000005,hardwood,365.6706566210666,1342.0113097993144,,
Upper,52,Sugar Maple,2016,16.1,1.0,15.8,0.018987341772151944,normal,40.894000000000005,hardwood,381.8372789432117,1401.342813721587,365.6706566210666,0.04421088219528117
Upper,52,Sugar Maple,2017,16.63,1.0,16.1,0.03291925465838494,normal,42.2402,hardwood,411.3684542661663,1509.7222271568303,381.8372789432117,0.07733968617387561
Upper,52,Sugar Maple,2018,16.2,1.0,16.63,-0.025856885147324097,normal,41.147999999999996,hardwood,387.31413343583506,1421.4428697095148,411.3684542661663,-0.05847390722568007
Upper,52,Sugar Maple,2021,17.1,3.0,16.2,0.018518518518518566,annualized,43.434000000000005,hardwood,438.60125045486575,1609.6665891693572,387.31413343583506,0.04413912170298432
Upper,52,Sugar Maple,2022,17.5,1.0,17.1,0.02339181286549699,normal,44.45,hardwood,462.55813532908246,1697.5883566577327,438.60125045486575,0.05462110481757962
Upper,52,Sugar Maple,2023,16.89,1.0,17.5,-0.03485714285714282,normal,42.900600000000004,hardwood,426.31145826174094,1564.5630518205892,462.55813532908246,-0.07836134379423287
Upper,52,Sugar Maple,2024,17.67,1.0,16.89,0.04618117229129669,normal,44.881800000000005,hardwood,472.95832627655614,1735.757057434961,426.31145826174094,0.10941969095790896
Upper,52,Sugar Maple,2025,18.0,1.0,17.67,0.018675721561969342,normal,45.72,hardwood,493.52092741575524,1811.2218036158217,472.95832627655614,0.04347656018888944
Upper,53,Sugar Maple,2015,9.1,,,,initial,23.114,hardwood,102.79547885319684,377.2594073912324,,
Upper,53,Sugar Maple,2016,9.0,1.0,9.1,-0.01098901098901095,normal,22.86,hardwood,100.21588898634975,367.7923125799036,102.79547885319684,-0.025094390294450816
Upper,53,Sugar Maple,2017,9.3,1.0,9.0,0.03333333333333341,normal,23.622000000000003,hardwood,108.06612856699694,396.6026918408788,100.21588898634975,0.07833328287609614
Upper,53,Sugar Maple,2018,8.98,1.0,9.3,-0.03440860215053766,normal,22.8092,hardwood,99.70441414361524,365.9151999070679,108.06612856699694,-0.0773759043121245
Upper,53,Sugar Maple,2021,9.0,3.0,8.98,0.0007423904974016174,annualized,22.86,hardwood,100.21588898634975,367.7923125799036,99.70441414361524,0.001709970573612322
Upper,53,Sugar Maple,2022,9.2,1.0,9.0,0.022222222222222143,normal,23.368,hardwood,105.4121847485703,386.862718027253,100.21588898634975,0.05185101698721969
Upper,53,Sugar Maple,2023,8.58,1.0,9.2,-0.067391304347826,normal,21.7932,hardwood,89.78412895325552,329.50775325844774,105.4121847485703,-0.14825663496673464
Upper,53,Sugar Maple,2024,9.32,1.0,8.58,0.08624708624708627,normal,23.672800000000002,hardwood,108.60139654292657,398.5671253125405,89.78412895325552,0.20958345098461575
Upper,53,Sugar Maple,2025,12.1,1.0,9.32,0.29828326180257503,normal,30.733999999999998,hardwood,197.96351814207748,726.5261115814243,108.60139654292657,0.8228450502828386
Upper,54,Sugar Maple,2015,11.6,,,,initial,29.464,hardwood,179.65205395432386,659.3230380123686,,
Upper,54,Sugar Maple,2016,11.3,1.0,11.6,-0.02586206896551715,normal,28.702,hardwood,169.14502619193084,620.7622461243861,179.65205395432386,-0.05848543075975302
Upper,54,Sugar Maple,2017,11.8,1.0,11.3,0.04424778761061947,normal,29.972,hardwood,186.8561637931355,685.7621211208073,169.14502619193084,0.1047097748006354
Upper,54,Sugar Maple,2018,11.49,1.0,11.8,-0.026271186440678006,normal,29.1846,hardwood,175.75790919386253,645.0315267414754,186.8561637931355,-0.05939464010167524
Upper,54,Sugar Maple,2021,11.5,3.0,11.49,0.00029010733971568864,annualized,29.21,hardwood,176.10992999036688,646.3234430646464,175.75790919386253,0.0006676243819674827
Upper,54,Sugar Maple,2022,10.5,1.0,11.5,-0.08695652173913043,normal,26.67,hardwood,142.8611689815002,524.3004901621058,176.10992999036688,-0.1887954927395937
Upper,54,Sugar Maple,2023,11.85,1.0,10.5,0.12857142857142853,normal,30.099,hardwood,188.68223737028225,692.4638111489359,142.8611689815002,0.32073843939157204
Upper,54,Sugar Maple,2024,11.52,1.0,11.85,-0.02784810126582279,normal,29.2608,hardwood,176.8151661719389,648.9116598510158,188.68223737028225,-0.06289447996662581
Upper,54,Sugar Maple,2025,11.5,1.0,11.52,-0.0017361111111110742,normal,29.21,hardwood,176.10992999036688,646.3234430646464,176.8151661719389,-0.003988550285817858
Upper,55,Sugar Maple,2015,19.7,,,,initial,50.038,hardwood,607.3669161410832,2229.0365822377753,,
Upper,55,Sugar Maple,2016,19.6,1.0,19.7,-0.0050761421319795875,normal,49.784000000000006,hardwood,600.2992154145862,2203.0981205715316,607.3669161410832,-0.011636624482943012
Upper,55,Sugar Maple,2017,19.8,1.0,19.6,0.010204081632653024,normal,50.292,hardwood,614.4814108138395,2255.1467776867908,600.2992154145862,0.023625210620104798
Upper,55,Sugar Maple,2018,20.15,1.0,19.8,0.01767676767676757,normal,51.181,hardwood,639.7516692298743,2347.8886260736385,614.4814108138395,0.041124528702285834
Upper,55,Sugar Maple,2021,21.4,3.0,20.15,0.0206782464846981,annualized,54.355999999999995,hardwood,734.7345970748848,2696.4759712648274,639.7516692298743,0.04948947766943689
Upper,55,Sugar Maple,2022,20.4,1.0,21.4,-0.04672897196261683,normal,51.815999999999995,hardwood,658.1550177601063,2415.42891517959,734.7345970748848,-0.10422753960362849
Upper,55,Sugar Maple,2023,20.9,1.0,20.4,0.02450980392156863,normal,53.086,hardwood,695.8494201422396,2553.7673719220193,658.1550177601063,0.05727283294203003
Upper,55,Sugar Maple,2024,20.66,1.0,20.9,-0.011483253588516672,normal,52.4764,hardwood,677.6080255939571,2486.8214539298224,695.8494201422396,-0.026214571745355162
Upper,55,Sugar Maple,2025,21.4,1.0,20.66,0.03581800580832519,normal,54.355999999999995,hardwood,734.7345970748848,2696.4759712648274,677.6080255939571,0.084306220297278
Upper,56,Norway Maple,2015,2.1,,,,initial,5.3340000000000005,hardwood,3.5260071571740457,12.940446266828747,,
Upper,56,Norway Maple,2016,2.2,1.0,2.1,0.04761904761904766,normal,5.588000000000001,hardwood,3.9241985910482433,14.401808829147052,3.5260071571740457,0.11292984277244979
Upper,56,Norway Maple,2017,2.2,1.0,2.2,0.0,normal,5.588000000000001,hardwood,3.9241985910482433,14.401808829147052,3.9241985910482433,0.0
Upper,56,Norway Maple,2018,2.29,1.0,2.2,0.04090909090909084,normal,5.8166,hardwood,4.303288084606035,15.79306727050415,3.9241985910482433,0.09660303492859888
Upper,56,Norway Maple,2021,1.7,3.0,2.29,-0.08588064046579331,annualized,4.318,hardwood,2.1687591817568883,7.95934619704778,4.303288084606035,-0.16534092542590892
Upper,56,Norway Maple,2022,2.5,1.0,1.7,0.4705882352941177,normal,6.35,hardwood,5.265514724444983,19.324439038713088,2.1687591817568883,1.427892764091699
Upper,56,Norway Maple,2023,2.63,1.0,2.5,0.051999999999999956,normal,6.6802,hardwood,5.916665719450596,21.714163190383687,5.265514724444983,0.12366331291082823
Upper,56,Norway Maple,2024,2.65,1.0,2.63,0.0076045627376425924,normal,6.731,hardwood,6.020663040777856,22.09583335965473,5.916665719450596,0.01757701486926601
Upper,56,Norway Maple,2025,3.0,1.0,2.65,0.13207547169811323,normal,7.62,hardwood,8.00862018634041,29.391636083869304,6.020663040777856,0.33018907254867985
Upper,57,Sugar Maple,2015,3.0,,,,initial,7.62,hardwood,8.00862018634041,29.391636083869304,,
Upper,57,Sugar Maple,2016,3.0,1.0,3.0,0.0,normal,7.62,hardwood,8.00862018634041,29.391636083869304,8.00862018634041,0.0
Upper,57,Sugar Maple,2017,3.0,1.0,3.0,0.0,normal,7.62,hardwood,8.00862018634041,29.391636083869304,8.00862018634041,0.0
Upper,57,Sugar Maple,2018,3.02,1.0,3.0,0.006666666666666672,normal,7.6708,hardwood,8.131951511855949,29.844262048511332,8.00862018634041,0.015399822022511897
Upper,57,Sugar Maple,2021,3.06,3.0,3.02,0.004415011037527597,annualized,7.7724,hardwood,8.381815414795094,30.761262572297994,8.131951511855949,0.010242063977503105
Upper,57,Sugar Maple,2022,2.2,1.0,3.06,-0.2810457516339869,normal,5.588000000000001,hardwood,3.9241985910482433,14.401808829147052,8.381815414795094,-0.5318199701556925
Upper,57,Sugar Maple,2023,3.0,1.0,2.2,0.36363636363636354,normal,7.62,hardwood,8.00862018634041,29.391636083869304,3.9241985910482433,1.040829484167651
Upper,57,Sugar Maple,2024,3.05,1.0,3.0,0.016666666666666607,normal,7.747,hardwood,8.318948622404672,30.530541444225147,8.00862018634041,0.038749301233383715
Upper,57,Sugar Maple,2025,3.0,1.0,3.05,-0.01639344262295076,normal,7.62,hardwood,8.00862018634041,29.391636083869304,8.318948622404672,-0.03730380486164834
Upper,58,Sugar Maple,2015,17.1,,,,initial,43.434000000000005,hardwood,438.60125045486575,1609.6665891693572,,
Upper,58,Sugar Maple,2016,17.3,1.0,17.1,0.011695906432748496,normal,43.942,hardwood,450.4896824672929,1653.2971346549648,438.60125045486575,0.027105330867383176
Upper,58,Sugar Maple,2017,17.55,1.0,17.3,0.014450867052023121,normal,44.577000000000005,hardwood,465.6034497848534,1708.764660710412,450.4896824672929,0.033549641436367066
Upper,58,Sugar Maple,2018,17.5,1.0,17.55,-0.0028490028490028895,normal,44.45,hardwood,462.55813532908246,1697.5883566577327,465.6034497848534,-0.006540575369830554
Upper,58,Sugar Maple,2021,17.9,3.0,17.5,0.007619047619047592,annualized,45.465999999999994,hardwood,487.23758604354987,1788.161940779828,462.55813532908246,0.017784755997506094
Upper,58,Sugar Maple,2022,18.1,1.0,17.9,0.01117318435754206,normal,45.974000000000004,hardwood,499.84981282425525,1834.4488130650168,487.23758604354987,0.02588516802063396
Upper,58,Sugar Maple,2023,18.13,1.0,18.1,0.001657458563535778,normal,46.0502,hardwood,501.7573708676575,1841.449551084303,499.84981282425525,0.0038162623941463063
Upper,58,Sugar Maple,2024,18.16,1.0,18.13,0.001654715940430289,normal,46.126400000000004,hardwood,503.6690367350777,1848.4653648177352,501.7573708676575,0.0038099407769824553
Upper,58,Sugar Maple,2025,18.2,1.0,18.16,0.0022026431718061203,normal,46.228,hardwood,506.224318028915,1857.8432471661179,503.6690367350777,0.005073334089387935
Upper,62,Sugar Maple,2015,5.1,,,,initial,12.953999999999999,hardwood,27.138773514041727,99.59929879653313,,
Upper,62,Sugar Maple,2016,5.6,1.0,5.1,0.09803921568627452,normal,14.223999999999998,hardwood,33.652030490077536,123.50295189858456,27.138773514041727,0.23999820672315275
Upper,62,Sugar Maple,2017,5.31,1.0,5.6,-0.051785714285714296,normal,13.4874,hardwood,29.77804693536682,109.28543225279623,33.652030490077536,-0.11511886499249958
Upper,62,Sugar Maple,2018,5.25,1.0,5.31,-0.011299435028248515,normal,13.335,hardwood,29.009831712869165,106.46608238622983,29.77804693536682,-0.025798039212076764
Upper,62,Sugar Maple,2021,5.38,3.0,5.25,0.008253968253968248,annualized,13.6652,hardwood,30.688668478542535,112.62741331625111,29.009831712869165,0.019290434386636066
Upper,62,Sugar Maple,2022,4.79,1.0,5.38,-0.10966542750929366,normal,12.1666,hardwood,23.493649890204388,86.2216950970501,30.688668478542535,-0.23445196370669819
Upper,62,Sugar Maple,2023,5.25,1.0,4.79,0.09603340292275574,normal,13.335,hardwood,29.009831712869165,106.46608238622983,23.493649890204388,0.23479458698176708
Upper,62,Sugar Maple,2024,5.45,1.0,5.25,0.038095238095238126,normal,13.843,hardwood,31.614823884911537,116.02640365762534,29.009831712869165,0.08979687293004053
Upper,62,Sugar Maple,2025,5.5,1.0,5.45,0.009174311926605472,normal,13.97,hardwood,32.285907447058705,118.48928033070544,31.614823884911537,0.021226863846850276
Upper,63,Sugar Maple,2015,13.2,,,,initial,33.528,hardwood,241.82369533779874,887.4929618897213,,
Upper,63,Sugar Maple,2016,13.9,1.0,13.2,0.053030303030303115,normal,35.306000000000004,hardwood,272.3408898838568,999.4910658737545,241.82369533779874,0.1261960475106841
Upper,63,Sugar Maple,2017,13.56,1.0,13.9,-0.02446043165467625,normal,34.4424,hardwood,257.26227008558203,944.152531214086,272.3408898838568,-0.05536671266920375
Upper,63,Sugar Maple,2018,13.91,1.0,13.56,0.025811209439527995,normal,35.3314,hardwood,272.791736632926,1001.1456734428384,257.26227008558203,0.06036433769389458
Upper,63,Sugar Maple,2021,14.31,3.0,13.91,0.009585430146177817,annualized,36.3474,hardwood,291.17224117149783,1068.602125099397,272.791736632926,0.02245975234372658
Upper,63,Sugar Maple,2022,13.0,1.0,14.31,-0.09154437456324252,normal,33.02,hardwood,233.4793749165397,856.8693059437007,291.17224117149783,-0.19813999446800817
Upper,63,Sugar Maple,2023,14.52,1.0,13.0,0.1169230769230769,normal,36.8808,hardwood,301.09395007317545,1105.0147967685539,233.4793749165397,0.28959549502308485
Upper,63,Sugar Maple,2024,14.64,1.0,14.52,0.008264462809917425,normal,37.1856,hardwood,306.8479937339205,1126.1321370034882,301.09395007317545,0.01911045924153112
Upper,63,Sugar Maple,2025,15.0,1.0,14.64,0.02459016393442619,normal,38.1,hardwood,324.4805783849851,1190.8437226728954,306.8479937339205,0.05746358135342581
Upper,65,Sugar Maple,2015,4.0,,,,initial,10.16,hardwood,15.520896100149127,56.961688687547294,,
Upper,65,Sugar Maple,2016,4.2,1.0,4.0,0.050000000000000044,normal,10.668000000000001,hardwood,17.36409605187606,63.726232510385145,15.520896100149127,0.11875602670320203
Upper,65,Sugar Maple,2017,4.2,1.0,4.2,0.0,normal,10.668000000000001,hardwood,17.36409605187606,63.726232510385145,17.36409605187606,0.0
Upper,65,Sugar Maple,2018,4.23,1.0,4.2,0.007142857142857202,normal,10.744200000000001,hardwood,17.650688744302276,64.77802769158934,17.36409605187606,0.016504901353344596
Upper,65,Sugar Maple,2021,3.04,3.0,4.23,-0.09377462568951933,annualized,7.7216000000000005,hardwood,8.256349216756544,30.300801625496515,17.650688744302276,-0.1774121426390659
Upper,65,Sugar Maple,2022,2.4,1.0,3.04,-0.21052631578947373,normal,6.096,hardwood,4.7936317430245,17.592628496899916,8.256349216756544,-0.4194005586275759
Upper,65,Sugar Maple,2023,4.5,1.0,2.4,0.8750000000000001,normal,11.43,hardwood,20.350148995533267,74.68504681360709,4.7936317430245,3.245246628539204
Upper,65,Sugar Maple,2024,4.5,1.0,4.5,0.0,normal,11.43,hardwood,20.350148995533267,74.68504681360709,20.350148995533267,0.0
Upper,65,Sugar Maple,2025,4.5,1.0,4.5,0.0,normal,11.43,hardwood,20.350148995533267,74.68504681360709,20.350148995533267,0.0
Upper,66,Sugar Maple,2015,2.3,,,,initial,5.842,hardwood,4.346631614612262,15.952138025627,,
Upper,66,Sugar Maple,2016,2.51,1.0,2.3,0.09130434782608694,normal,6.3754,hardwood,5.314083461367312,19.502686303218034,4.346631614612262,0.2225750725004448
Upper,66,Sugar Maple,2017,2.56,1.0,2.51,0.01992031872509971,normal,6.502400000000001,hardwood,5.560716214113794,20.40782850579762,5.314083461367312,0.04641115528942474
Upper,66,Sugar Maple,2018,2.13,1.0,2.56,-0.16796875000000006,normal,5.4102,hardwood,3.64293900305432,13.369586141209354,5.560716214113794,-0.34487953299827007
Upper,66,Sugar Maple,2021,2.63,3.0,2.13,0.0782472613458529,annualized,6.6802,hardwood,5.916665719450596,21.714163190383687,3.64293900305432,0.20804874987749666
Upper,66,Sugar Maple,2022,2.0,1.0,2.63,-0.2395437262357414,normal,5.08,hardwood,3.1517212627355704,11.566817034239543,5.916665719450596,-0.46731463087824576
Upper,66,Sugar Maple,2023,2.88,1.0,2.0,0.43999999999999995,normal,7.3152,hardwood,7.29090657839054,26.75762714269328,3.1517212627355704,1.31330944921897
Upper,66,Sugar Maple,2024,2.4,1.0,2.88,-0.16666666666666666,normal,6.096,hardwood,4.7936317430245,17.592628496899916,7.29090657839054,-0.34251911041730976
Upper,66,Sugar Maple,2025,3.0,1.0,2.4,0.25000000000000006,normal,7.62,hardwood,8.00862018634041,29.391636083869304,4.7936317430245,0.6706790624862312
Upper,67,Norway Maple,2015,2.1,,,,initial,5.3340000000000005,hardwood,3.5260071571740457,12.940446266828747,,
Upper,67,Norway Maple,2016,2.2,1.0,2.1,0.04761904761904766,normal,5.588000000000001,hardwood,3.9241985910482433,14.401808829147052,3.5260071571740457,0.11292984277244979
Upper,67,Norway Maple,2017,2.13,1.0,2.2,-0.03181818181818195,normal,5.4102,hardwood,3.64293900305432,13.369586141209354,3.9241985910482433,-0.07167312802046351
Upper,67,Norway Maple,2018,2.2,1.0,2.13,0.03286384976525835,normal,5.588000000000001,hardwood,3.9241985910482433,14.401808829147052,3.64293900305432,0.07720677940479076
Upper,67,Norway Maple,2021,1.7,3.0,2.2,-0.07575757575757579,annualized,4.318,hardwood,2.1687591817568883,7.95934619704778,3.9241985910482433,-0.14911234897708858
Upper,67,Norway Maple,2022,1.53,1.0,1.7,-0.09999999999999996,normal,3.8862,hardwood,1.7020374141207373,6.2464773098231055,2.1687591817568883,-0.2152022094302166
Upper,67,Norway Maple,2023,2.36,1.0,1.53,0.5424836601307188,normal,5.9944,hardwood,4.6118632207328485,16.925538020089554,1.7020374141207373,1.7096133037212407
Upper,68,Norway Maple,2015,4.4,,,,initial,11.176000000000002,hardwood,19.325020688900146,70.92282592826353,,
Upper,68,Norway Maple,2016,4.5,1.0,4.4,0.022727272727272645,normal,11.43,hardwood,20.350148995533267,74.68504681360709,19.325020688900146,0.053046686114128286
Upper,68,Norway Maple,2017,4.45,1.0,4.5,-0.011111111111111072,normal,11.303,hardwood,19.833841435142535,72.7901980669731,20.350148995533267,-0.025371193130038442
Upper,68,Norway Maple,2018,4.45,1.0,4.45,0.0,normal,11.303,hardwood,19.833841435142535,72.7901980669731,19.833841435142535,0.0
Upper,68,Norway Maple,2021,4.5,3.0,4.45,0.0037453183520599113,annualized,11.43,hardwood,20.350148995533267,74.68504681360709,19.833841435142535,0.008677215691827845
Upper,68,Norway Maple,2022,4.11,1.0,4.5,-0.0866666666666666,normal,10.439400000000001,hardwood,16.520188633046505,60.62909228328067,20.350148995533267,-0.18820306246049673
Upper,68,Norway Maple,2023,4.72,1.0,4.11,0.14841849148418476,normal,11.9888,hardwood,22.711478557264556,83.35112630516092,16.520188633046505,0.3747711398302786
Upper,68,Norway Maple,2024,4.75,1.0,4.72,0.006355932203389884,normal,12.065,hardwood,23.044862105096374,84.5746439257037,22.711478557264556,0.014679077233621217
Upper,68,Norway Maple,2025,5.0,1.0,4.75,0.05263157894736842,normal,12.7,hardwood,25.930436145543343,95.16470065414407,23.044862105096374,0.12521550475274154
Upper,69,Sugar Maple,2015,2.9,,,,initial,7.366,hardwood,7.4078845743540365,27.186936387879314,,
Upper,69,Sugar Maple,2016,3.1875,1.0,2.9,0.09913793103448279,normal,8.09625,hardwood,9.206917604466874,33.789387608393426,7.4078845743540365,0.2428538150204253
Upper,69,Sugar Maple,2017,3.1,1.0,3.1875,-0.027450980392156835,normal,7.8740000000000006,hardwood,8.635961696844225,31.693979427418306,9.206917604466874,-0.062013795729598024
Upper,69,Sugar Maple,2018,3.17,1.0,3.1,0.02258064516129027,normal,8.0518,hardwood,9.0910723640081,33.36423557590973,8.635961696844225,0.05269947727190399
Upper,69,Sugar Maple,2021,3.38,3.0,3.17,0.022082018927444793,annualized,8.5852,hardwood,10.536278031024223,38.6681403738589,9.0910723640081,0.052989922756078285
Upper,69,Sugar Maple,2022,3.25,1.0,3.38,-0.03846153846153843,normal,8.255,hardwood,9.627433818896398,35.332682115349776,10.536278031024223,-0.086258563930424
Upper,69,Sugar Maple,2023,3.31,1.0,3.25,0.018461538461538477,normal,8.4074,hardwood,10.041144045419015,36.850998646687785,9.627433818896398,0.04297201458924613
Upper,69,Sugar Maple,2024,3.3,1.0,3.31,-0.0030211480362538463,normal,8.382,hardwood,9.971508719079994,36.595436999023576,10.041144045419015,-0.006934999241524734
Upper,69,Sugar Maple,2025,3.5,1.0,3.3,0.06060606060606066,normal,8.89,hardwood,11.416561318986751,41.89878004068138,9.971508719079994,0.14491815036391836
Upper,7,sugar maple,2015,7.2,,,,initial,18.288,hardwood,59.98512295785456,220.14540125532622,,
Upper,7,sugar maple,2016,7.3,1.0,7.2,0.01388888888888884,normal,18.541999999999998,hardwood,61.91863730426167,227.24139890664034,59.98512295785456,0.03223323135914215
Upper,7,sugar maple,2017,7.25,1.0,7.3,-0.006849315068493127,normal,18.415,hardwood,60.947546409011,223.67749532107035,61.91863730426167,-0.015683337643217776
Upper,7,sugar maple,2018,7.25,1.0,7.25,0.0,normal,18.415,hardwood,60.947546409011,223.67749532107035,60.947546409011,0.0
Upper,7,sugar maple,2021,7.31,3.0,7.25,0.0027586206896551544,annualized,18.5674,hardwood,62.113897152402394,227.95800254931677,60.947546409011,0.006378986588260507
Upper,7,sugar maple,2022,7.4,1.0,7.31,0.012311901504788064,normal,18.796000000000003,hardwood,63.88689289997424,234.46489694290545,62.113897152402394,0.028544268333729455
Upper,7,sugar maple,2023,7.37,1.0,7.4,-0.004054054054054087,normal,18.7198,hardwood,63.29275990922072,232.28442886684005,63.88689289997424,-0.00929976343792048
Upper,7,sugar maple,2024,7.3,1.0,7.37,-0.009497964721845357,normal,18.541999999999998,hardwood,61.91863730426167,227.24139890664034,63.29275990922072,-0.02171058122492871
Upper,7,sugar maple,2025,7.4,1.0,7.3,0.013698630136986375,normal,18.796000000000003,hardwood,63.88689289997424,234.46489694290545,61.91863730426167,0.03178777313914014
Upper,71,Sugar Maple,2015,3.5,,,,initial,8.89,hardwood,11.416561318986751,41.89878004068138,,
Upper,71,Sugar Maple,2016,3.5,1.0,3.5,0.0,normal,8.89,hardwood,11.416561318986751,41.89878004068138,11.416561318986751,0.0
Upper,71,Sugar Maple,2017,3.56,1.0,3.5,0.017142857142857158,normal,9.0424,hardwood,11.87172442660931,43.56922864565617,11.416561318986751,0.03986866928709804
Upper,71,Sugar Maple,2018,2.67,1.0,3.56,-0.25000000000000006,normal,6.7818,hardwood,6.125685738512245,22.481266660339937,11.87172442660931,-0.48401045051364916
Upper,71,Sugar Maple,2021,3.73,3.0,2.67,0.13233458177278404,annualized,9.4742,hardwood,13.21627676647218,48.503735732952904,6.125685738512245,0.3858393073927665
Upper,71,Sugar Maple,2022,3.7,1.0,3.73,-0.008042895442359197,normal,9.398000000000001,hardwood,12.973070463439562,47.61116860082319,13.21627676647218,-0.01840202859927981
Upper,71,Sugar Maple,2023,3.75,1.0,3.7,0.013513513513513466,normal,9.525,hardwood,13.379834064723505,49.103991017535265,12.973070463439562,0.03135445864032543
Upper,71,Sugar Maple,2024,2.1,1.0,3.75,-0.44,normal,5.3340000000000005,hardwood,3.5260071571740457,12.940446266828747,13.379834064723505,-0.736468543621889
Upper,71,Sugar Maple,2025,3.9,1.0,2.1,0.857142857142857,normal,9.906,hardwood,14.642910495857947,53.739481519798666,3.5260071571740457,3.1528306220437896
Upper,72,Sugar Maple,2015,8.6,,,,initial,21.843999999999998,hardwood,90.26621858864445,331.27702222032514,,
Upper,72,Sugar Maple,2016,8.7,1.0,8.6,0.011627906976744146,normal,22.098,hardwood,92.69858238418918,340.2037973499743,90.26621858864445,0.026946556902193355
Upper,72,Sugar Maple,2017,8.6,1.0,8.7,-0.011494252873563178,normal,21.843999999999998,hardwood,90.26621858864445,331.27702222032514,92.69858238418918,-0.02623949291331988
Upper,72,Sugar Maple,2018,8.62,1.0,8.6,0.0023255813953487877,normal,21.8948,hardwood,90.74976791017747,333.0516482303513,90.26621858864445,0.0053569245404708875
Upper,72,Sugar Maple,2021,8.75,3.0,8.62,0.005027068832173271,annualized,22.225,hardwood,93.9284884687798,344.7175526804219,90.74976791017747,0.011675771122443635
Upper,72,Sugar Maple,2022,7.4,1.0,8.75,-0.15428571428571425,normal,18.796000000000003,hardwood,63.88689289997424,234.46489694290545,93.9284884687798,-0.3198347600237479
Upper,72,Sugar Maple,2023,8.84,1.0,7.4,0.19459459459459452,normal,22.4536,hardwood,96.16543958187827,352.9271632654933,63.88689289997424,0.5052452109768676
Upper,72,Sugar Maple,2024,8.6,1.0,8.84,-0.02714932126696835,normal,21.843999999999998,hardwood,90.26621858864445,331.27702222032514,96.16543958187827,-0.06134450192172255
Upper,72,Sugar Maple,2025,8.7,1.0,8.6,0.011627906976744146,normal,22.098,hardwood,92.69858238418918,340.2037973499743,90.26621858864445,0.026946556902193355
Upper,73,Sugar Maple,2015,21.2,,,,initial,53.848,hardwood,719.0370877404226,2638.866112007351,,
Upper,73,Sugar Maple,2016,21.2,1.0,21.2,0.0,normal,53.848,hardwood,719.0370877404226,2638.866112007351,719.0370877404226,0.0
Upper,73,Sugar Maple,2017,21.63,1.0,21.2,0.020283018867924517,normal,54.9402,hardwood,753.0239796997424,2763.5980054980546,719.0370877404226,0.047267230771257926
Upper,73,Sugar Maple,2018,21.45,1.0,21.63,-0.008321775312066562,normal,54.483,hardwood,738.6889349107244,2710.9883911223583,753.0239796997424,-0.019036637843503956
Upper,73,Sugar Maple,2021,22.0,3.0,21.45,0.008547008547008558,annualized,55.88,hardwood,782.9805565172529,2873.538642418318,738.6889349107244,0.019986591339190927
Upper,73,Sugar Maple,2022,21.16,1.0,22.0,-0.03818181818181818,normal,53.7464,hardwood,715.9205642359759,2627.4284707460315,782.9805565172529,-0.08564707223326731
Upper,73,Sugar Maple,2023,22.38,1.0,21.16,0.05765595463137991,normal,56.8452,hardwood,814.4360720086978,2988.9803842719207,715.9205642359759,0.13760675791993315
Upper,73,Sugar Maple,2024,22.4,1.0,22.38,0.0008936550491510087,normal,56.895999999999994,hardwood,816.1110417683766,2995.127523289942,814.4360720086978,0.002056600655650847
Upper,73,Sugar Maple,2025,22.55,1.0,22.4,0.006696428571428667,normal,57.277,hardwood,828.7353570335478,3041.4587603131204,816.1110417683766,0.015468869576640423
Upper,74,Sugar Maple,2015,22.0,,,,initial,55.88,hardwood,782.9805565172529,2873.538642418318,,
Upper,74,Sugar Maple,2016,22.0,1.0,22.0,0.0,normal,55.88,hardwood,782.9805565172529,2873.538642418318,782.9805565172529,0.0
Upper,74,Sugar Maple,2017,22.25,1.0,22.0,0.011363636363636364,normal,56.515,hardwood,803.5961489905495,2949.1978667953167,782.9805565172529,0.026329635265779857
Upper,74,Sugar Maple,2018,22.69,1.0,22.25,0.019775280898876462,normal,57.632600000000004,hardwood,840.6169681649333,3085.064273165305,803.5961489905495,0.04606893552300873
Upper,74,Sugar Maple,2021,22.63,3.0,22.69,-0.0008814455707360404,annualized,57.480199999999996,hardwood,835.513142579587,3066.3332332670843,840.6169681649333,-0.0020238411304369782
Upper,74,Sugar Maple,2022,22.16,1.0,22.63,-0.02076889085285015,normal,56.2864,hardwood,796.1396444994365,2921.8324953129318,835.513142579587,-0.04712492966727927
Upper,74,Sugar Maple,2023,23.16,1.0,22.16,0.04512635379061372,normal,58.8264,hardwood,881.2060866606729,3234.0263380446695,796.1396444994365,0.10684864489410138
Upper,74,Sugar Maple,2024,23.8,1.0,23.16,0.027633851468048382,normal,60.452000000000005,hardwood,938.2224331817863,3443.2763297771558,881.2060866606729,0.06470262448728269
Upper,74,Sugar Maple,2025,23.2,1.0,23.8,-0.025210084033613505,normal,58.928,hardwood,884.710490287221,3246.887499354101,938.2224331817863,-0.05703545449567934
Upper,75,Sugar Maple,2015,23.0,,,,initial,58.42,hardwood,867.2670257688179,3182.869984571562,,
Upper,75,Sugar Maple,2016,23.0,1.0,23.0,0.0,normal,58.42,hardwood,867.2670257688179,3182.869984571562,867.2670257688179,0.0
Upper,75,Sugar Maple,2017,23.13,1.0,23.0,0.005652173913043435,normal,58.7502,hardwood,878.5829419201062,3224.39939684679,867.2670257688179,0.013047787838188529
Upper,75,Sugar Maple,2018,23.0,1.0,23.13,-0.005620406398616473,normal,58.42,hardwood,867.2670257688179,3182.869984571562,878.5829419201062,-0.012879735778340812
Upper,75,Sugar Maple,2021,23.38,3.0,23.0,0.00550724637681158,annualized,59.3852,hardwood,900.5776761658299,3305.1200715285954,867.2670257688179,0.012802919749536429
Upper,75,Sugar Maple,2022,22.24,1.0,23.38,-0.04875962360992304,normal,56.489599999999996,hardwood,802.7657079916422,2946.150148329327,900.5776761658299,-0.10861025180039754
Upper,75,Sugar Maple,2023,23.83,1.0,22.24,0.07149280575539568,normal,60.5282,hardwood,940.9447187144871,3453.2671176821673,802.7657079916422,0.1721286912822184
Upper,75,Sugar Maple,2024,24.0,1.0,23.83,0.007133864876206535,normal,60.96,hardwood,956.4552768695366,3510.1908661111993,940.9447187144871,0.016484027006644992
Upper,75,Sugar Maple,2025,23.9,1.0,24.0,-0.004166666666666726,normal,60.705999999999996,hardwood,947.3140614455772,3476.642605505268,956.4552768695366,-0.009557389294644829
Upper,76,Norway Maple,2015,1.7,,,,initial,4.318,hardwood,2.1687591817568883,7.95934619704778,,
Upper,76,Norway Maple,2016,1.9,1.0,1.7,0.11764705882352938,normal,4.826,hardwood,2.800993453630146,10.279645974822635,2.1687591817568883,0.29151889116664925
Upper,76,Norway Maple,2017,1.85,1.0,1.9,-0.02631578947368412,normal,4.699000000000001,hardwood,2.6343518930067713,9.668071447334851,2.800993453630146,-0.05949373441319676
Upper,76,Norway Maple,2018,1.87,1.0,1.85,0.01081081081081082,normal,4.7498000000000005,hardwood,2.7003154834785166,9.910157824366156,2.6343518930067713,0.025039779479292108
Upper,76,Norway Maple,2021,2.13,3.0,1.87,0.046345811051693366,annualized,5.4102,hardwood,3.64293900305432,13.369586141209354,2.7003154834785166,0.11635967788987457
Upper,76,Norway Maple,2022,2.1,1.0,2.13,-0.01408450704225343,normal,5.3340000000000005,hardwood,3.5260071571740457,12.940446266828747,3.64293900305432,-0.03209821679205613
Upper,76,Norway Maple,2023,2.08,1.0,2.1,-0.009523809523809532,normal,5.2832,hardwood,3.449248483567277,12.658741934691907,3.5260071571740457,-0.02176929035739323
Upper,76,Norway Maple,2024,2.1,1.0,2.08,0.009615384615384623,normal,5.3340000000000005,hardwood,3.5260071571740457,12.940446266828747,3.449248483567277,0.022253738451276556
Upper,76,Norway Maple,2025,2.1,1.0,2.1,0.0,normal,5.3340000000000005,hardwood,3.5260071571740457,12.940446266828747,3.5260071571740457,0.0
Upper,77,Norway Maple,2015,2.2,,,,initial,5.588000000000001,hardwood,3.9241985910482433,14.401808829147052,,
Upper,77,Norway Maple,2016,2.3,1.0,2.2,0.04545454545454529,normal,5.842,hardwood,4.346631614612262,15.952138025627,3.9241985910482433,0.1076482277241675
Upper,77,Norway Maple,2017,2.5,1.0,2.3,0.08695652173913052,normal,6.35,hardwood,5.265514724444983,19.324439038713088,4.346631614612262,0.2114011932236611
Upper,77,Norway Maple,2018,2.5,1.0,2.5,0.0,normal,6.35,hardwood,5.265514724444983,19.324439038713088,5.265514724444983,0.0
Upper,77,Norway Maple,2021,2.69,3.0,2.5,0.025333333333333326,annualized,6.8326,hardwood,6.231736128169562,22.87047159038229,5.265514724444983,0.061166631962172494
Upper,77,Norway Maple,2022,2.8,1.0,2.69,0.04089219330855014,normal,7.111999999999999,hardwood,6.833485601954647,25.078892159173552,6.231736128169562,0.0965620914314669
Upper,77,Norway Maple,2023,2.7,1.0,2.8,-0.03571428571428559,normal,6.8580000000000005,hardwood,6.285147427752522,23.066491059851753,6.833485601954647,-0.0802428227909456
Upper,77,Norway Maple,2024,3.0,1.0,2.7,0.11111111111111104,normal,7.62,hardwood,8.00862018634041,29.391636083869304,6.285147427752522,0.2742135770718393
Upper,77,Norway Maple,2025,3.1,1.0,3.0,0.03333333333333336,normal,7.8740000000000006,hardwood,8.635961696844225,31.693979427418306,8.00862018634041,0.07833328287609584
Upper,78,Norway Maple,2015,2.4,,,,initial,6.096,hardwood,4.7936317430245,17.592628496899916,,
Upper,78,Norway Maple,2016,2.5,1.0,2.4,0.041666666666666706,normal,6.35,hardwood,5.265514724444983,19.324439038713088,4.7936317430245,0.09843955621062207
Upper,78,Norway Maple,2017,2.68,1.0,2.5,0.07200000000000006,normal,6.807200000000001,hardwood,6.178582327605647,22.675397142312725,5.265514724444983,0.17340519416302785
Upper,78,Norway Maple,2018,2.65,1.0,2.68,-0.01119402985074636,normal,6.731,hardwood,6.020663040777856,22.09583335965473,6.178582327605647,-0.025559145845190843
Upper,78,Norway Maple,2021,2.88,3.0,2.65,0.028930817610062894,annualized,7.3152,hardwood,7.29090657839054,26.75762714269328,6.020663040777856,0.07032689085401084
Upper,78,Norway Maple,2022,3.0,1.0,2.88,0.041666666666666706,normal,7.62,hardwood,8.00862018634041,29.391636083869304,7.29090657839054,0.0984395562106222
Upper,78,Norway Maple,2023,2.94,1.0,3.0,-0.020000000000000018,normal,7.4676,hardwood,7.645003200576318,28.05716174611509,8.00862018634041,-0.04540320021472377
Upper,78,Norway Maple,2024,3.1,1.0,2.94,0.05442176870748304,normal,7.8740000000000006,hardwood,8.635961696844225,31.693979427418306,7.645003200576318,0.12962172418622447
Upper,78,Norway Maple,2025,3.1,1.0,3.1,0.0,normal,7.8740000000000006,hardwood,8.635961696844225,31.693979427418306,8.635961696844225,0.0
Upper,79,Norway Maple,2015,2.5,,,,initial,6.35,hardwood,5.265514724444983,19.324439038713088,,
Upper,79,Norway Maple,2016,2.5,1.0,2.5,0.0,normal,6.35,hardwood,5.265514724444983,19.324439038713088,5.265514724444983,0.0
Upper,79,Norway Maple,2017,2.7,1.0,2.5,0.08000000000000007,normal,6.8580000000000005,hardwood,6.285147427752522,23.066491059851753,5.265514724444983,0.19364350052501553
Upper,79,Norway Maple,2018,2.73,1.0,2.7,0.011111111111111039,normal,6.9342,hardwood,6.4469291849195764,23.660230108654844,6.285147427752522,0.025740328134976717
Upper,79,Norway Maple,2021,2.94,3.0,2.73,0.025641025641025637,annualized,7.4676,hardwood,7.645003200576318,28.05716174611509,6.4469291849195764,0.061945461748374356
Upper,79,Norway Maple,2022,3.0,1.0,2.94,0.02040816326530614,normal,7.62,hardwood,8.00862018634041,29.391636083869304,7.645003200576318,0.04756269895827916
Upper,79,Norway Maple,2023,3.4,1.0,3.0,0.1333333333333333,normal,8.636,hardwood,10.680223002041938,39.19641841749391,8.00862018634041,0.3335908999977602
Upper,79,Norway Maple,2024,3.2,1.0,3.4,-0.05882352941176463,normal,8.128,hardwood,9.290172151347615,34.094931795445746,10.680223002041938,-0.1301518564199044
Upper,79,Norway Maple,2025,3.35,1.0,3.2,0.04687499999999997,normal,8.509,hardwood,10.322428130578198,37.88331123922198,9.290172151347615,0.11111268579461629
Upper,8,sugar maple,2015,9.8,,,,initial,24.892000000000003,hardwood,121.89861906281644,447.36793196053634,,
Upper,8,sugar maple,2016,9.8,1.0,9.8,0.0,normal,24.892000000000003,hardwood,121.89861906281644,447.36793196053634,121.89861906281644,0.0
Upper,8,sugar maple,2017,10.85,1.0,9.8,0.10714285714285703,normal,27.559,hardwood,154.05195334333777,565.3706687700496,121.89861906281644,0.26377111182820023
Upper,8,sugar maple,2018,10.0,1.0,10.85,-0.07834101382488476,normal,25.4,hardwood,127.69644638473106,468.645958231963,154.05195334333777,-0.17108193947964956
Upper,8,sugar maple,2021,9.88,3.0,10.0,-0.003999999999999974,annualized,25.095200000000002,hardwood,124.19948189734085,455.8120985632409,127.69644638473106,-0.009128326293576888
Upper,8,sugar maple,2022,9.9,1.0,9.88,0.002024291497975665,normal,25.146,hardwood,124.77849961247537,457.9370935777846,124.19948189734085,0.004661997830338156
Upper,8,sugar maple,2023,9.97,1.0,9.9,0.007070707070707099,normal,25.323800000000002,hardwood,126.81705854464498,465.41860485884706,124.77849961247537,0.01633742141876013
Upper,8,sugar maple,2024,9.94,1.0,9.97,-0.003009027081243845,normal,25.2476,hardwood,125.94110391945395,462.203851384396,126.81705854464498,-0.006907230267311828
Upper,8,sugar maple,2025,10.9,1.0,9.94,0.0965794768611671,normal,27.686,hardwood,155.68965521916903,571.3810346543503,125.94110391945395,0.23621002495532245
Upper,80,Sugar Maple,2015,17.1,,,,initial,43.434000000000005,hardwood,438.60125045486575,1609.6665891693572,,
Upper,80,Sugar Maple,2016,17.4,1.0,17.1,0.01754385964912264,normal,44.196,hardwood,456.5013673091518,1675.3600180245871,438.60125045486575,0.04081182357716073
Upper,80,Sugar Maple,2017,17.35,1.0,17.4,-0.0028735632183906415,normal,44.069,hardwood,453.48989435152237,1664.307912270087,456.5013673091518,-0.0065968541899021765
Upper,80,Sugar Maple,2018,17.25,1.0,17.35,-0.005763688760806998,normal,43.815,hardwood,447.5007219108198,1642.3276494127085,453.48989435152237,-0.01320684874194812
Upper,80,Sugar Maple,2021,17.5,3.0,17.25,0.004830917874396135,annualized,44.45,hardwood,462.55813532908246,1697.5883566577327,447.5007219108198,0.0112159323110272
Upper,80,Sugar Maple,2022,18.0,1.0,17.5,0.02857142857142857,normal,45.72,hardwood,493.52092741575524,1811.2218036158217,462.55813532908246,0.06693816349083256
Upper,80,Sugar Maple,2023,18.0,1.0,18.0,0.0,normal,45.72,hardwood,493.52092741575524,1811.2218036158217,493.52092741575524,0.0
Upper,80,Sugar Maple,2024,18.0,1.0,18.0,0.0,normal,45.72,hardwood,493.52092741575524,1811.2218036158217,493.52092741575524,0.0
Upper,80,Sugar Maple,2025,18.0,1.0,18.0,0.0,normal,45.72,hardwood,493.52092741575524,1811.2218036158217,493.52092741575524,0.0
Upper,81,Sugar Maple,2015,11.5,,,,initial,29.21,hardwood,176.10992999036688,646.3234430646464,,
Upper,81,Sugar Maple,2016,11.4,1.0,11.5,-0.008695652173913012,normal,28.956000000000003,hardwood,172.6076221318073,633.4699732237327,176.10992999036688,-0.019887054970444677
Upper,81,Sugar Maple,2017,11.6,1.0,11.4,0.017543859649122744,normal,29.464,hardwood,179.65205395432386,659.3230380123686,172.6076221318073,0.0408118235771609
Upper,81,Sugar Maple,2018,11.81,1.0,11.6,0.018103448275862143,normal,29.997400000000003,hardwood,187.22057560164578,687.09951245804,179.65205395432386,0.04212877882958241
Upper,81,Sugar Maple,2021,12.2,3.0,11.81,0.011007620660457205,annualized,30.988,hardwood,201.74669188684177,740.4103592247093,187.22057560164578,0.025862749039050784
Upper,81,Sugar Maple,2022,12.7,1.0,12.2,0.04098360655737705,normal,32.257999999999996,hardwood,221.2724628837397,812.0699387833247,201.74669188684177,0.09678359934570721
Upper,81,Sugar Maple,2023,12.5,1.0,12.7,-0.015748031496062936,normal,31.75,hardwood,213.33977932886583,782.9569901369376,221.2724628837397,-0.03585029719238874
Upper,81,Sugar Maple,2024,12.8,1.0,12.5,0.024000000000000056,normal,32.512,hardwood,225.30028536849798,826.8520473023875,213.33977932886583,0.05606317807798464
Upper,81,Sugar Maple,2025,13.0,1.0,12.8,0.015624999999999944,normal,33.02,hardwood,233.4793749165397,856.8693059437007,225.30028536849798,0.036303058980436384
Upper,82,Sugar Maple,2015,16.9,,,,initial,42.925999999999995,hardwood,426.8922123892106,1566.6944194684029,,
Upper,82,Sugar Maple,2016,16.6,1.0,16.9,-0.017751479289940662,normal,42.164,hardwood,409.6636348823718,1503.4655400183044,426.8922123892106,-0.04035814429692849
Upper,82,Sugar Maple,2017,16.6,1.0,16.6,0.0,normal,42.164,hardwood,409.6636348823718,1503.4655400183044,409.6636348823718,0.0
Upper,82,Sugar Maple,2018,16.61,1.0,16.6,0.000602409638554097,normal,42.1894,hardwood,410.23146339231715,1505.5494706498039,409.6636348823718,0.0013860847329257963
Upper,82,Sugar Maple,2021,17.0,3.0,16.61,0.00782661047561711,annualized,43.18,hardwood,432.7243465602261,1588.0983518760297,410.23146339231715,0.018276578935794825
Upper,82,Sugar Maple,2022,16.7,1.0,17.0,-0.017647058823529453,normal,42.418,hardwood,415.3619362137748,1524.3783059045536,432.7243465602261,-0.040123488508254736
Upper,82,Sugar Maple,2023,16.8,1.0,16.7,0.005988023952095894,normal,42.672000000000004,hardwood,421.1047687729014,1545.4545013965483,415.3619362137748,0.0138260925193948
Upper,82,Sugar Maple,2024,16.75,1.0,16.8,-0.0029761904761905185,normal,42.545,hardwood,418.2277810927123,1534.8959566102542,421.1047687729014,-0.006831999762369513
Upper,82,Sugar Maple,2025,17.0,1.0,16.75,0.014925373134328358,normal,43.18,hardwood,432.7243465602261,1588.0983518760297,418.2277810927123,0.034661890297288035
Upper,83,Sugar Maple,2015,2.8,,,,initial,7.111999999999999,hardwood,6.833485601954647,25.078892159173552,,
Upper,83,Sugar Maple,2016,2.8,1.0,2.8,0.0,normal,7.111999999999999,hardwood,6.833485601954647,25.078892159173552,6.833485601954647,0.0
Upper,83,Sugar Maple,2017,2.85,1.0,2.8,0.017857142857142953,normal,7.239000000000001,hardwood,7.117410089456821,26.12089502830653,6.833485601954647,0.04154899915512529
Upper,83,Sugar Maple,2018,2.3,1.0,2.85,-0.19298245614035098,normal,5.842,hardwood,4.346631614612262,15.952138025627,7.117410089456821,-0.3892958871302042
Upper,83,Sugar Maple,2021,2.9,3.0,2.3,0.08695652173913046,annualized,7.366,hardwood,7.4078845743540365,27.186936387879314,4.346631614612262,0.23476055569486853
Upper,83,Sugar Maple,2022,2.8,1.0,2.9,-0.03448275862068969,normal,7.111999999999999,hardwood,6.833485601954647,25.078892159173552,7.4078845743540365,-0.07753886641106002
Upper,83,Sugar Maple,2023,2.86,1.0,2.8,0.02142857142857145,normal,7.2644,hardwood,7.174979884137663,26.33217617478522,6.833485601954647,0.04997365942870146
Upper,85,Sugar Maple,2015,12.1,,,,initial,30.733999999999998,hardwood,197.96351814207748,726.5261115814243,,
Upper,85,Sugar Maple,2016,12.0,1.0,12.1,-0.008264462809917326,normal,30.48,hardwood,194.22077266121198,712.790235666648,197.96351814207748,-0.018906238462479453
Upper,85,Sugar Maple,2017,12.1,1.0,12.0,0.008333333333333304,normal,30.733999999999998,hardwood,197.96351814207748,726.5261115814243,194.22077266121198,0.019270572501501337
Upper,85,Sugar Maple,2018,12.2,1.0,12.1,0.008264462809917326,normal,30.988,hardwood,201.74669188684177,740.4103592247093,197.96351814207748,0.019110459241531222
Upper,85,Sugar Maple,2021,12.3,3.0,12.2,0.0027322404371585094,annualized,31.242,hardwood,205.57039384307413,754.443345404082,201.74669188684177,0.006317661552829891
Upper,85,Sugar Maple,2022,12.4,1.0,12.3,0.00813008130081298,normal,31.496000000000002,hardwood,209.43472338649661,768.6254348284425,205.57039384307413,0.018798084058604232
Upper,85,Sugar Maple,2023,12.41,1.0,12.4,0.0008064516129032086,normal,31.5214,hardwood,209.8233946672306,770.0518584287363,209.43472338649661,0.001855811082562029
Upper,85,Sugar Maple,2024,12.44,1.0,12.41,0.0024174053182916488,normal,31.5976,hardwood,210.99185308088434,774.3401008068455,209.8233946672306,0.00556877089662413
Upper,85,Sugar Maple,2025,12.5,1.0,12.44,0.0048231511254019695,normal,31.75,hardwood,213.33977932886583,782.9569901369376,210.99185308088434,0.011128042214413873
Upper,86,Norway Maple,2015,1.8,,,,initial,4.572,hardwood,2.473463883486683,9.077612452396126,,
Upper,86,Norway Maple,2016,1.8,1.0,1.8,0.0,normal,4.572,hardwood,2.473463883486683,9.077612452396126,2.473463883486683,0.0
Upper,86,Norway Maple,2017,1.95,1.0,1.8,0.08333333333333329,normal,4.953,hardwood,2.9734347849726235,10.912505660849527,2.473463883486683,0.2021339000839436
Upper,86,Norway Maple,2018,1.95,1.0,1.95,0.0,normal,4.953,hardwood,2.9734347849726235,10.912505660849527,2.9734347849726235,0.0
Upper,86,Norway Maple,2021,2.3,3.0,1.95,0.05982905982905981,annualized,5.842,hardwood,4.346631614612262,15.952138025627,2.9734347849726235,0.1539405803886701
Upper,86,Norway Maple,2022,2.4,1.0,2.3,0.04347826086956526,normal,6.096,hardwood,4.7936317430245,17.592628496899916,4.346631614612262,0.10283828215612713
Upper,86,Norway Maple,2023,2.14,1.0,2.4,-0.10833333333333325,normal,5.4356,hardwood,3.682396001582103,13.514393325806319,4.7936317430245,-0.23181499977744902
Upper,86,Norway Maple,2024,2.17,1.0,2.14,0.014018691588784955,normal,5.5118,hardwood,3.802210873240097,13.954113904791157,3.682396001582103,0.03253720447407527
Upper,86,Norway Maple,2025,2.2,1.0,2.17,0.013824884792626843,normal,5.588000000000001,hardwood,3.9241985910482433,14.401808829147052,3.802210873240097,0.03208336461996199
Upper,87,Red Maple,2015,31.6,,,,initial,80.26400000000001,hardwood,1800.7735440927734,6608.838906820478,,
Upper,87,Red Maple,2016,30.5,1.0,31.6,-0.03481012658227853,normal,77.47,hardwood,1659.848468644631,6091.643879925796,1800.7735440927734,-0.07825807743035233
Upper,87,Red Maple,2017,29.3,1.0,30.5,-0.03934426229508194,normal,74.422,hardwood,1513.4718178562032,5554.441571532266,1659.848468644631,-0.0881867553295112
Upper,87,Red Maple,2018,30.48,1.0,29.3,0.04027303754266211,normal,77.4192,hardwood,1657.346157569953,6082.460398281727,1513.4718178562032,0.09506245046408884
Upper,87,Red Maple,2021,31.4,3.0,30.48,0.010061242344706891,annualized,79.756,hardwood,1774.6675252150817,6513.02981753935,1657.346157569953,0.02359623085965106
Upper,87,Red Maple,2022,31.5,1.0,31.4,0.0031847133757962236,normal,80.01,hardwood,1787.6935998949405,6560.835511614431,1774.6675252150817,0.007340008477520354
Upper,87,Red Maple,2023,33.13,1.0,31.5,0.051746031746031824,normal,84.15020000000001,hardwood,2007.6505131776275,7368.077383361893,1787.6935998949405,0.12303949250342092
Upper,87,Red Maple,2024,31.58,1.0,33.13,-0.046785390884394935,normal,80.2132,hardwood,1798.1532432302536,6599.22240265503,2007.6505131776275,-0.10434947147040559
Upper,87,Red Maple,2025,31.0,1.0,31.58,-0.01836605446485112,normal,78.74,hardwood,1723.1008927227972,6323.780276292666,1798.1532432302536,-0.04173857305544782
Upper,88,Norway Maple,2015,2.1,,,,initial,5.3340000000000005,hardwood,3.5260071571740457,12.940446266828747,,
Upper,88,Norway Maple,2016,2.3,1.0,2.1,0.09523809523809511,normal,5.842,hardwood,4.346631614612262,15.952138025627,3.5260071571740457,0.2327347679282404
Upper,88,Norway Maple,2017,2.45,1.0,2.3,0.06521739130434799,normal,6.223000000000001,hardwood,5.026443505177434,18.447047664001182,4.346631614612262,0.15639970230737255
Upper,88,Norway Maple,2018,2.35,1.0,2.45,-0.040816326530612276,normal,5.969,hardwood,4.567040835923054,16.761039867837606,5.026443505177434,-0.0913971615877463
Upper,88,Norway Maple,2021,2.6,3.0,2.35,0.035460992907801414,annualized,6.604,hardwood,5.762587222808233,21.148695107706214,4.567040835923054,0.08725901007068945
Upper,88,Norway Maple,2022,2.5,1.0,2.6,-0.03846153846153849,normal,6.35,hardwood,5.265514724444983,19.324439038713088,5.762587222808233,-0.08625856393042433
Upper,88,Norway Maple,2023,2.5,1.0,2.5,0.0,normal,6.35,hardwood,5.265514724444983,19.324439038713088,5.265514724444983,0.0
Upper,88,Norway Maple,2024,2.69,1.0,2.5,0.07599999999999998,normal,6.8326,hardwood,6.231736128169562,22.87047159038229,5.265514724444983,0.18349989588651747
Upper,88,Norway Maple,2025,3.0,1.0,2.69,0.11524163568773237,normal,7.62,hardwood,8.00862018634041,29.391636083869304,6.231736128169562,0.2851346754139235
Upper,89,Sugar Maple ,2015,6.3,,,,initial,16.002,hardwood,44.12269949212058,161.93030713608252,,
Upper,89,Sugar Maple ,2016,6.4,1.0,6.3,0.01587301587301596,normal,16.256,hardwood,45.75017417257656,167.90313921335596,44.12269949212058,0.036885201929827735
Upper,89,Sugar Maple ,2017,6.45,1.0,6.4,0.007812499999999972,normal,16.383,hardwood,46.57642546339113,170.93548145064545,45.75017417257656,0.018060068748543573
Upper,89,Sugar Maple ,2018,6.29,1.0,6.45,-0.024806201550387617,normal,15.9766,hardwood,43.961782791184234,161.33974284364615,46.57642546339113,-0.05613661087543087
Upper,89,Sugar Maple ,2021,6.7,3.0,6.29,0.021727609962904088,annualized,17.018,hardwood,50.833598900463016,186.55930796469926,43.961782791184234,0.05210446948068119
Upper,89,Sugar Maple ,2022,6.3,1.0,6.7,-0.05970149253731349,normal,16.002,hardwood,44.12269949212058,161.93030713608252,50.833598900463016,-0.13201700358621093
Upper,89,Sugar Maple ,2023,6.3,1.0,6.3,0.0,normal,16.002,hardwood,44.12269949212058,161.93030713608252,44.12269949212058,0.0
Upper,89,Sugar Maple ,2024,6.45,1.0,6.3,0.023809523809523867,normal,16.383,hardwood,46.57642546339113,170.93548145064545,44.12269949212058,0.05561141996102791
Upper,89,Sugar Maple ,2025,6.5,1.0,6.45,0.007751937984496096,normal,16.51,hardwood,47.411045443928835,173.99853677921882,46.57642546339113,0.017919365263307084
Upper,91,Sugar Maple,2015,17.0,,,,initial,43.18,hardwood,432.7243465602261,1588.0983518760297,,
Upper,91,Sugar Maple,2016,17.0,1.0,17.0,0.0,normal,43.18,hardwood,432.7243465602261,1588.0983518760297,432.7243465602261,0.0
Upper,91,Sugar Maple,2017,17.2,1.0,17.0,0.0117647058823529,normal,43.687999999999995,hardwood,444.52300291672253,1631.3994207043716,432.7243465602261,0.027265986881221917
Upper,91,Sugar Maple,2018,16.95,1.0,17.2,-0.014534883720930232,normal,43.053,hardwood,429.8026881996597,1577.3758656927512,444.52300291672253,-0.03311485484547701
Upper,91,Sugar Maple,2021,17.75,3.0,16.95,0.015732546705998048,annualized,45.085,hardwood,477.8978026014306,1753.8849355472503,429.8026881996597,0.037300150140389454
Upper,91,Sugar Maple,2022,18.4,1.0,17.75,0.03661971830985907,normal,46.736,hardwood,519.110489406738,1905.1354961227285,477.8978026014306,0.08623744779943882
Upper,91,Sugar Maple,2023,18.31,1.0,18.4,-0.0048913043478260795,normal,46.5074,hardwood,513.2890546803275,1883.7708306768018,519.110489406738,-0.011214249847009484
Upper,91,Sugar Maple,2024,17.76,1.0,18.31,-0.030038230475150036,normal,45.110400000000006,hardwood,478.5172772379179,1756.1584074631585,513.2890546803275,-0.06774307210596023
Upper,91,Sugar Maple,2025,18.0,1.0,17.76,0.013513513513513424,normal,45.72,hardwood,493.52092741575524,1811.2218036158217,478.5172772379179,0.031354458640325274
Upper,92,Sugar Maple,2015,19.1,,,,initial,48.514,hardwood,565.6601134444275,2075.9726163410487,,
Upper,92,Sugar Maple,2016,15.3,1.0,19.1,-0.19895287958115185,normal,38.862,hardwood,339.6011111062187,1246.3360777598225,565.6601134444275,-0.39963751547141324
Upper,92,Sugar Maple,2017,15.5,1.0,15.3,0.013071895424836555,normal,39.37,hardwood,349.89820731941523,1284.1264208622538,339.6011111062187,0.03032114995046605
Upper,92,Sugar Maple,2018,15.61,1.0,15.5,0.00709677419354835,normal,39.6494,hardwood,355.63581310485034,1305.1834340948008,349.89820731941523,0.01639792849866578
Upper,92,Sugar Maple,2021,16.9,3.0,15.61,0.027546444586803314,annualized,42.925999999999995,hardwood,426.8922123892106,1566.6944194684029,355.63581310485034,0.06678779869614547
Upper,92,Sugar Maple,2022,16.23,1.0,16.9,-0.03964497041420108,normal,41.2242,hardwood,388.9657908279844,1427.5044523387028,426.8922123892106,-0.08884308605434936
Upper,92,Sugar Maple,2023,17.47,1.0,16.23,0.07640172520024636,normal,44.373799999999996,hardwood,460.7363665677332,1690.9024653035808,388.9657908279844,0.18451642132068252
Upper,92,Sugar Maple,2024,16.74,1.0,17.47,-0.041785918717801976,normal,42.5196,hardwood,417.65372101217423,1532.7891561146794,460.7363665677332,-0.09350823742545919
Upper,92,Sugar Maple,2025,17.0,1.0,16.74,0.01553166069295111,normal,43.18,hardwood,432.7243465602261,1588.0983518760297,417.65372101217423,0.036084020780489
Upper,93,Norway Maple,2015,2.5,,,,initial,6.35,hardwood,5.265514724444983,19.324439038713088,,
Upper,93,Norway Maple,2016,2.7,1.0,2.5,0.08000000000000007,normal,6.8580000000000005,hardwood,6.285147427752522,23.066491059851753,5.265514724444983,0.19364350052501553
Upper,93,Norway Maple,2017,2.94,1.0,2.7,0.0888888888888888,normal,7.4676,hardwood,7.645003200576318,28.05716174611509,6.285147427752522,0.21636020291572722
Upper,93,Norway Maple,2018,2.98,1.0,2.94,0.01360544217687076,normal,7.5692,hardwood,7.886353116635208,28.94291593805121,7.645003200576318,0.031569629171730826
Upper,93,Norway Maple,2021,3.06,3.0,2.98,0.008948545861297548,annualized,7.7724,hardwood,8.381815414795094,30.761262572297994,7.886353116635208,0.02094175811608767
Upper,93,Norway Maple,2022,3.13,1.0,3.06,0.022875816993464,normal,7.9502,hardwood,8.829391782098607,32.40386784030189,8.381815414795094,0.05339849962735731
Upper,93,Norway Maple,2023,3.1,1.0,3.13,-0.009584664536741151,normal,7.8740000000000006,hardwood,8.635961696844225,31.693979427418306,8.829391782098607,-0.021907520928741386
Upper,93,Norway Maple,2024,3.24,1.0,3.1,0.045161290322580684,normal,8.229600000000001,hardwood,9.55943743359867,35.08313538130712,8.635961696844225,0.10693374625456069
Upper,93,Norway Maple,2025,3.0,1.0,3.24,-0.07407407407407414,normal,7.62,hardwood,8.00862018634041,29.391636083869304,9.55943743359867,-0.1622289238284655
Upper,94,Norway Maple,2015,3.1,,,,initial,7.8740000000000006,hardwood,8.635961696844225,31.693979427418306,,
Upper,94,Norway Maple,2016,3.25,1.0,3.1,0.04838709677419352,normal,8.255,hardwood,9.627433818896398,35.332682115349776,8.635961696844225,0.11480737836232865
Upper,94,Norway Maple,2017,3.4,1.0,3.25,0.04615384615384613,normal,8.636,hardwood,10.680223002041938,39.19641841749391,9.627433818896398,0.1093530428720436
Upper,94,Norway Maple,2018,3.86,1.0,3.4,0.13529411764705881,normal,9.8044,hardwood,14.299788442429088,52.48022358371475,10.680223002041938,0.3389035453375019
Upper,94,Norway Maple,2021,3.88,3.0,3.86,0.0017271157167530239,annualized,9.8552,hardwood,14.470774652530535,53.107742974787065,14.299788442429088,0.0039857515093046445
Upper,94,Norway Maple,2022,3.2,1.0,3.88,-0.17525773195876282,normal,8.128,hardwood,9.290172151347615,34.094931795445746,14.470774652530535,-0.35800450394526573
Upper,94,Norway Maple,2023,4.08,1.0,3.2,0.27499999999999997,normal,10.3632,hardwood,16.244157315083008,59.61605734635464,9.290172151347615,0.7485313566257931
Upper,94,Norway Maple,2024,4.16,1.0,4.08,0.01960784313725492,normal,10.5664,hardwood,16.98609200312911,62.33895765148383,16.244157315083008,0.04567394132271794
Upper,94,Norway Maple,2025,4.5,1.0,4.16,0.08173076923076919,normal,11.43,hardwood,20.350148995533267,74.68504681360709,16.98609200312911,0.19804773174338428
Upper,95,Sugar Maple,2015,20.9,,,,initial,53.086,hardwood,695.8494201422396,2553.7673719220193,,
Upper,95,Sugar Maple,2016,21.15,1.0,20.9,0.011961722488038277,normal,53.721,hardwood,715.1426287406039,2624.573447478016,695.8494201422396,0.027726125854097106
Upper,95,Sugar Maple,2017,21.13,1.0,21.15,-0.0009456264775413511,normal,53.6702,hardwood,713.5881917322786,2618.868663657462,715.1426287406039,-0.002173604181675931
Upper,95,Sugar Maple,2018,21.39,1.0,21.13,0.012304779933743567,normal,54.330600000000004,hardwood,733.9451688912202,2693.578769830778,713.5881917322786,0.02852762615020832
Upper,95,Sugar Maple,2021,22.25,3.0,21.39,0.013401901199937656,annualized,56.515,hardwood,803.5961489905495,2949.1978667953167,733.9451688912202,0.03163314420546879
Upper,95,Sugar Maple,2022,21.53,1.0,22.25,-0.0323595505617977,normal,54.68620000000001,hardwood,745.0408410584131,2734.299886684376,803.5961489905495,-0.07286658604037817
Upper,95,Sugar Maple,2023,21.75,1.0,21.53,0.010218300046446764,normal,55.245,hardwood,762.6672763597364,2798.988904240233,745.0408410584131,0.023658347744108948
Upper,95,Sugar Maple,2024,21.56,1.0,21.75,-0.008735632183908104,normal,54.7624,hardwood,747.430733545464,2743.070792111853,762.6672763597364,-0.01997796848843113
Upper,95,Sugar Maple,2025,22.0,1.0,21.56,0.020408163265306183,normal,55.88,hardwood,782.9805565172529,2873.538642418318,747.430733545464,0.04756269895827946
Upper,96,Sugar Maple,2015,3.7,,,,initial,9.398000000000001,hardwood,12.973070463439562,47.61116860082319,,
Upper,96,Sugar Maple,2016,4.13,1.0,3.7,0.11621621621621614,normal,10.4902,hardwood,16.705671239650414,61.309813449517016,12.973070463439562,0.28771914765513606
Upper,96,Sugar Maple,2017,3.94,1.0,4.13,-0.046004842615012094,normal,10.0076,hardwood,14.990638174194913,55.01564209929533,16.705671239650414,-0.1026617273171832
Upper,96,Sugar Maple,2018,3.86,1.0,3.94,-0.0203045685279188,normal,9.8044,hardwood,14.299788442429088,52.48022358371475,14.990638174194913,-0.046085411690815335
Upper,96,Sugar Maple,2021,3.19,3.0,3.86,-0.057858376511226245,annualized,8.1026,hardwood,9.223534629485762,33.850372090212744,14.299788442429088,-0.11832934529953155
Upper,96,Sugar Maple,2022,3.39,1.0,3.19,0.06269592476489035,normal,8.6106,hardwood,10.608112516291202,38.93177293478871,9.223534629485762,0.1501135890333437
Upper,96,Sugar Maple,2023,3.94,1.0,3.39,0.16224188790560465,normal,10.0076,hardwood,14.990638174194913,55.01564209929533,10.608112516291202,0.41312963556649057
Upper,96,Sugar Maple,2024,3.98,1.0,3.94,0.0101522842639594,normal,10.1092,hardwood,15.342985598188186,56.30875714535064,14.990638174194913,0.02350449793390438
Upper,96,Sugar Maple,2025,4.25,1.0,3.98,0.0678391959798995,normal,10.795,hardwood,17.84322495219531,65.48463557455679,15.342985598188186,0.1629565079108444
Upper,97,Norway Maple,2015,4.1,,,,initial,10.414,hardwood,16.427886061758493,60.29034184665367,,
Upper,97,Norway Maple,2016,4.45,1.0,4.1,0.08536585365853672,normal,11.303,hardwood,19.833841435142535,72.7901980669731,16.427886061758493,0.20732767201938204
Upper,97,Norway Maple,2017,4.25,1.0,4.45,-0.04494382022471914,normal,10.795,hardwood,17.84322495219531,65.48463557455679,19.833841435142535,-0.10036464642800645
Upper,97,Norway Maple,2018,4.31,1.0,4.25,0.014117647058823438,normal,10.9474,hardwood,18.427929113453466,67.63049984637422,17.84322495219531,0.03276897325593699
Upper,97,Norway Maple,2021,4.8,3.0,4.31,0.03789636504253675,annualized,12.192,hardwood,23.606611760229864,86.63626516004359,18.427929113453466,0.09367452730568726
Upper,97,Norway Maple,2022,4.0,1.0,4.8,-0.16666666666666663,normal,10.16,hardwood,15.520896100149127,56.961688687547294,23.606611760229864,-0.3425191104173098
Upper,97,Norway Maple,2023,4.69,1.0,4.0,0.1725000000000001,normal,11.912600000000001,hardwood,22.380838318897972,82.13767663035556,15.520896100149127,0.44198106697479494
Upper,97,Norway Maple,2024,5.2,1.0,4.69,0.10874200426439228,normal,13.208,hardwood,28.37830826309261,104.14839132554988,22.380838318897972,0.2679734270333602
Upper,97,Norway Maple,2025,5.0,1.0,5.2,-0.03846153846153849,normal,12.7,hardwood,25.930436145543343,95.16470065414407,28.37830826309261,-0.08625856393042446
Upper,98,Sugar Maple,2015,10.75,,,,initial,27.305,hardwood,150.80588144585377,553.4575849062833,,
Upper,98,Sugar Maple,2016,11.0,1.0,10.75,0.023255813953488372,normal,27.94,hardwood,158.9944583328694,583.5096620816307,150.80588144585377,0.05429878999749567
Upper,98,Sugar Maple,2017,11.19,1.0,11.0,0.017272727272727228,normal,28.4226,hardwood,165.38191279200612,606.9516199466624,158.9944583328694,0.040174069751311624
Upper,98,Sugar Maple,2018,11.34,1.0,11.19,0.013404825737265447,normal,28.8036,hardwood,170.5253058321736,625.8278724040771,165.38191279200612,0.031100094038917645
Upper,98,Sugar Maple,2021,10.8,3.0,11.34,-0.01587301587301585,annualized,27.432000000000002,hardwood,152.42403326727535,559.3962020909005,170.5253058321736,-0.03538335552126796
Upper,98,Sugar Maple,2022,11.37,1.0,10.8,0.05277777777777764,normal,28.8798,hardwood,171.5646783555823,629.642369564987,152.42403326727535,0.1255749810447795
Upper,98,Sugar Maple,2023,12.1,1.0,11.37,0.06420404573438879,normal,30.733999999999998,hardwood,197.96351814207748,726.5261115814243,171.5646783555823,0.15387106506725914
Upper,98,Sugar Maple,2024,19.6,1.0,12.1,0.6198347107438018,normal,49.784000000000006,hardwood,600.2992154145862,2203.0981205715316,197.96351814207748,2.0323729394612715
Upper,98,Sugar Maple,2025,12.5,1.0,19.6,-0.36224489795918374,normal,31.75,hardwood,213.33977932886583,782.9569901369376,600.2992154145862,-0.6446109309312916
