horizon,n_pairs,hybrid_rmse,hybrid_mae,hybrid_bias,hybrid_pct_shrink,nn_rmse,nn_mae,nn_bias
1,2350,4.6625325891443135,1.5988837113396337,0.24568828346040314,21.27659574468085,5.171037160379718,2.359153623210801,1.0605729597555091
2,1650,5.06120716949348,2.0023936895017727,0.3535776014219629,22.848484848484848,6.299077063495391,3.3459369206342826,1.749441106916201
3,1231,5.214901944180498,2.215828880652224,0.5660281234705979,24.45166531275386,7.153210119473081,3.874350402371101,2.15585090781659
