horizon,n_pairs,baseline_only_rmse,baseline_only_mae,baseline_only_bias,hybrid_rmse,hybrid_mae,hybrid_bias,hybrid_pct_shrink,nn_rmse,nn_mae,nn_bias
1,2350,4.73064587494376,1.509355502696805,0.012462581661942595,4.6633773770754505,1.6035426916598856,0.25272626882077676,23.361702127659576,,,
2,1650,5.054516903392397,1.7904566476153498,-0.052307304338770656,5.055733462444646,2.0168628290710693,0.3775452136511577,25.272727272727273,,,
3,1231,5.139333440252442,1.8686965591999658,0.01579820312281574,5.2261776908522775,2.2476905709074018,0.5940072319503299,26.07636068237206,,,
