horizon,hybrid_rmse,hybrid_mae,hybrid_bias,nn_rmse,nn_mae,nn_bias,rmse_improvement,mae_improvement
1,4.6625325891443135,1.5988837113396337,0.24568828346040314,5.171037160379718,2.359153623210801,1.0605729597555091,0.5085045712354042,0.7602699118711671
2,5.06120716949348,2.0023936895017727,0.3535776014219629,6.299077063495391,3.3459369206342826,1.749441106916201,1.2378698940019106,1.34354323113251
3,5.214901944180498,2.215828880652224,0.5660281234705979,7.153210119473081,3.874350402371101,2.15585090781659,1.9383081752925833,1.658521521718877
