model,rmse_delta,mae_delta,rmse_dbh,mae_dbh,n_samples
baseline_only,3.5592888141194545,1.3998153156992823,3.5592888141194545,1.3998153156992823,524
hybrid,3.5534006530531133,1.5658800427474504,3.5856434244148914,1.527374169369774,524
nn,,,,,0
