rmse,mae,r2,bias,clip_low,clip_high,n_train,n_test
3.564748854252782,1.4834387604442458,-0.0018213998284062338,-0.0003943824590395889,-2.8970009535458088,2.961419153801863,2096,524
