rmse,mae,r2,bias,mean_baseline_residual,mean_baseline_residual_full,std_baseline_residual,baseline_only_rmse,baseline_only_mae,clip_low,clip_high,n_train,n_test
3.5567512695785677,1.487857806407179,0.0026809618354798337,0.002542935025184339,0.02134772701117547,-0.013685141664140347,3.561528634884109,3.561592613220666,1.3451849599972607,-2.8821432689597164,2.9834897365513475,2096,524
